/mnt/d/Vishvas-rag-pipeline/ingestion/enrich_content_tags.py:445: UserWarning: Api key is used with an insecure connection.
  qclient = QdrantClient(url=QDRANT_URL, api_key=QDRANT_KEY or None)
2026-07-09 07:54:42,006 | INFO | enrich_content_tags | untagged files queued: 9168 (model=qwen3.5:9b, dry_run=False)
2026-07-09 07:54:42,008 | INFO | enrich_content_tags | tagging Dagshai 2001/01 JAN - 2001/19 JAN - 6 PM/03 MAIN PYASA TERE DARSHAN KA.json (chars=67470, est_tokens=16867, strategy=single-pass)
2026-07-09 07:54:55,089 | ERROR | enrich_content_tags | Dagshai 2001/01 JAN - 2001/19 JAN - 6 PM/03 MAIN PYASA TERE DARSHAN KA.json: tagging failed (missing required keys: ['event_type', 'primary_language', 'topics', 'people_named', 'places_named', 'scriptures_referenced', 'timing_clues', 'location_clues', 'summary_hindi', 'summary_english']; unexpected keys: ['error']) — dead-letter dead_letter/tag_failures/Dagshai_2001_01_JAN_-_2001_19_JAN_-_6_PM_03_MAIN_PYASA_TERE_DARSHAN_KA.json.ab98064e89f2.txt
2026-07-09 07:54:55,090 | ERROR | enrich_content_tags | [1/9168] Dagshai 2001/01 JAN - 2001/19 JAN - 6 PM/03 MAIN PYASA TERE DARSHAN KA.json: missing required keys: ['event_type', 'primary_language', 'topics', 'people_named', 'places_named', 'scriptures_referenced', 'timing_clues', 'location_clues', 'summary_hindi', 'summary_english']; unexpected keys: ['error']
2026-07-09 07:54:55,091 | INFO | enrich_content_tags | tagging Dagshai 2001/01 JAN - 2001/DAGSHAI 15 - 19 JAN 2001/MISC DAGSHAI RECORDING/EVENING $/02 MUKADDAR AAZMANE AA GAYA.json (chars=16116, est_tokens=4029, strategy=single-pass)
2026-07-09 07:55:11,972 | ERROR | enrich_content_tags | Dagshai 2001/01 JAN - 2001/DAGSHAI 15 - 19 JAN 2001/MISC DAGSHAI RECORDING/EVENING $/02 MUKADDAR AAZMANE AA GAYA.json: tagging failed (json decode failed: Unterminated string starting at: line 5 column 4019 (char 4167)) — dead-letter dead_letter/tag_failures/Dagshai_2001_01_JAN_-_2001_DAGSHAI_15_-_19_JAN_2001_MISC_DAGSHAI_RECORDING_EVENING___02_MUKADDAR_AAZ.d6d0e08a5c94.txt
2026-07-09 07:55:11,972 | ERROR | enrich_content_tags | [2/9168] Dagshai 2001/01 JAN - 2001/DAGSHAI 15 - 19 JAN 2001/MISC DAGSHAI RECORDING/EVENING $/02 MUKADDAR AAZMANE AA GAYA.json: json decode failed: Unterminated string starting at: line 5 column 4019 (char 4167)
2026-07-09 07:55:11,973 | INFO | enrich_content_tags | tagging Dagshai 2001/02 FEB - 2001/25 FEB - 630 PM/03 OM GURUVE NAMAH.json (chars=2481, est_tokens=620, strategy=single-pass)
2026-07-09 07:55:15,283 | INFO | enrich_content_tags | Dagshai 2001/02 FEB - 2001/25 FEB - 630 PM/03 OM GURUVE NAMAH.json: tagged in 3.3s (event_type=bhajan, lang=hindi, topics=['guru-bhakti', 'om-guruve-namah', 'spiritual-awakening', 'divine-light', 'satsang'])
2026-07-09 07:55:15,284 | INFO | enrich_content_tags | tagging Dagshai 2001/02 FEB - 2001/25 FEB - 630 PM/04 SAMBODHAN.json (chars=912, est_tokens=228, strategy=single-pass)
2026-07-09 07:56:10,833 | INFO | enrich_content_tags | Dagshai 2001/02 FEB - 2001/25 FEB - 630 PM/04 SAMBODHAN.json: tagged in 3.7s (event_type=satsang, lang=hindi, topics=['gratitude', 'pilgrimage', 'family-unity', 'bhakti', 'meditation'])
2026-07-09 07:56:10,834 | INFO | enrich_content_tags | tagging Dagshai 2001/02 FEB - 2001/25 FEB - 630 PM/05 SAMBODHAN - SWAMI JI - RISHI JI.json (chars=1182, est_tokens=295, strategy=single-pass)
2026-07-09 07:55:22,265 | INFO | enrich_content_tags | Dagshai 2001/02 FEB - 2001/25 FEB - 630 PM/05 SAMBODHAN - SWAMI JI - RISHI JI.json: tagged in 3.3s (event_type=bhajan, lang=hindi, topics=['meditation', 'cultural-fair', 'spiritual-growth', 'gratitude', 'community-service'])
2026-07-09 07:55:22,266 | INFO | enrich_content_tags | tagging Dagshai 2001/02 FEB - 2001/2 FEB - 630 PM/01 MEDITATION (WITHOUT MUSIC).json (chars=2034, est_tokens=508, strategy=single-pass)
2026-07-09 07:55:25,284 | INFO | enrich_content_tags | Dagshai 2001/02 FEB - 2001/2 FEB - 630 PM/01 MEDITATION (WITHOUT MUSIC).json: tagged in 3.0s (event_type=meditation, lang=hindi, topics=['self-observation', 'mind-detachment', 'meditation-practice', 'negative-thoughts', 'inner-peace'])
2026-07-09 07:55:25,286 | INFO | enrich_content_tags | tagging Dagshai 2001/02 FEB - 2001/2 FEB - 630 PM/02 OM GURUVE NAMAH.json (chars=4565, est_tokens=1141, strategy=single-pass)
2026-07-09 07:55:28,343 | INFO | enrich_content_tags | Dagshai 2001/02 FEB - 2001/2 FEB - 630 PM/02 OM GURUVE NAMAH.json: tagged in 3.1s (event_type=bhajan, lang=mixed, topics=['guru-bhakti', 'mind-control', 'suffering', 'liberation', 'chanting'])
2026-07-09 07:55:28,344 | INFO | enrich_content_tags | tagging Dagshai 2001/02 FEB - 2001/2 FEB - 630 PM/03 SAMBODHAN.json (chars=2109, est_tokens=527, strategy=single-pass)
2026-07-09 07:55:31,345 | INFO | enrich_content_tags | Dagshai 2001/02 FEB - 2001/2 FEB - 630 PM/03 SAMBODHAN.json: tagged in 3.0s (event_type=discourse, lang=hindi, topics=['meditation', 'self-inquiry', 'present-moment', 'inner-light', 'non-duality'])
2026-07-09 07:55:31,346 | INFO | enrich_content_tags | tagging Dagshai 2001/02 FEB - 2001/3 FEB - 630 PM/01 OM GURUVE NAMAH.json (chars=1098, est_tokens=274, strategy=single-pass)
2026-07-09 07:55:33,621 | INFO | enrich_content_tags | Dagshai 2001/02 FEB - 2001/3 FEB - 630 PM/01 OM GURUVE NAMAH.json: tagged in 2.3s (event_type=bhajan, lang=hindi, topics=['guru-bhakti', 'nam-smaran', 'devotional-singing'])
2026-07-09 07:55:33,622 | INFO | enrich_content_tags | tagging Dagshai 2001/02 FEB - 2001/3 FEB - 630 PM/02 JAB APNE HI DIL MEIN KHUDAI HAI.json (chars=7228, est_tokens=1807, strategy=single-pass)
2026-07-09 07:55:37,396 | INFO | enrich_content_tags | Dagshai 2001/02 FEB - 2001/3 FEB - 630 PM/02 JAB APNE HI DIL MEIN KHUDAI HAI.json: tagged in 3.8s (event_type=bhajan, lang=hindi, topics=['bhakti', 'self-realization', 'inner-divinity', 'devotion', 'spiritual-awakening'])
2026-07-09 07:55:37,398 | INFO | enrich_content_tags | tagging Dagshai 2001/02 FEB - 2001/3 FEB - 630 PM/03 SAMBODHAN.json (chars=1681, est_tokens=420, strategy=single-pass)
2026-07-09 07:55:40,788 | INFO | enrich_content_tags | Dagshai 2001/02 FEB - 2001/3 FEB - 630 PM/03 SAMBODHAN.json: tagged in 3.5s (event_type=discourse, lang=hindi, topics=['disaster-relief', 'prayer', 'humanitarian-aid', 'survival', 'devotion'])
2026-07-09 07:55:40,789 | INFO | enrich_content_tags | tagging Dagshai 2001/02 FEB - 2001/No date (201) - FEB 2001/01 MEDITATION.json (chars=292, est_tokens=73, strategy=single-pass)
2026-07-09 07:55:42,845 | INFO | enrich_content_tags | Dagshai 2001/02 FEB - 2001/No date (201) - FEB 2001/01 MEDITATION.json: tagged in 2.1s (event_type=meditation, lang=hindi, topics=['meditation', 'chanting', 'devotion'])
2026-07-09 07:55:42,846 | INFO | enrich_content_tags | tagging Dagshai 2001/02 FEB - 2001/No date (201) - FEB 2001/02 OM GURUVE NAMAH.json (chars=977, est_tokens=244, strategy=single-pass)
2026-07-09 07:55:45,167 | INFO | enrich_content_tags | Dagshai 2001/02 FEB - 2001/No date (201) - FEB 2001/02 OM GURUVE NAMAH.json: tagged in 2.3s (event_type=bhajan, lang=hindi, topics=['guru-bhakti', 'om-chanting', 'spiritual-devotion'])
2026-07-09 07:55:45,168 | INFO | enrich_content_tags | tagging Dagshai 2001/02 FEB - 2001/No date (201) - FEB 2001/03 TERE CHARNO MEIN.json (chars=4708, est_tokens=1177, strategy=single-pass)
2026-07-09 07:55:48,477 | INFO | enrich_content_tags | Dagshai 2001/02 FEB - 2001/No date (201) - FEB 2001/03 TERE CHARNO MEIN.json: tagged in 3.3s (event_type=bhajan, lang=hindi, topics=['devotion', 'surrender', 'self-transformation', 'bhakti', 'divine-love'])
2026-07-09 07:55:48,478 | INFO | enrich_content_tags | tagging Dagshai 2001/03 MAR - 2001/11 MAR - 645 PM/01 HUM TO HAMARI MASTI MEIN (INCOMPLETE).json (chars=7071, est_tokens=1767, strategy=single-pass)
2026-07-09 07:55:52,518 | INFO | enrich_content_tags | Dagshai 2001/03 MAR - 2001/11 MAR - 645 PM/01 HUM TO HAMARI MASTI MEIN (INCOMPLETE).json: tagged in 4.0s (event_type=bhajan, lang=hindi, topics=['bhakti', 'self-inquiry', 'detachment', 'gratitude', 'spiritual-life'])
2026-07-09 07:55:52,519 | INFO | enrich_content_tags | tagging Dagshai 2001/03 MAR - 2001/11 MAR - 645 PM/02 MAIKDA BHI APNA HAI.json (chars=3380, est_tokens=845, strategy=single-pass)
2026-07-09 07:55:55,717 | INFO | enrich_content_tags | Dagshai 2001/03 MAR - 2001/11 MAR - 645 PM/02 MAIKDA BHI APNA HAI.json: tagged in 3.2s (event_type=bhajan, lang=hindi, topics=['bhakti', 'self-surrender', 'inner-divinity', 'devotion', 'spiritual-identity'])
2026-07-09 07:55:55,719 | INFO | enrich_content_tags | tagging Dagshai 2001/03 MAR - 2001/11 MAR - 645 PM/03 MUNH FER JIDHAR DEKHUN.json (chars=9415, est_tokens=2353, strategy=single-pass)
2026-07-09 07:56:00,770 | INFO | enrich_content_tags | Dagshai 2001/03 MAR - 2001/11 MAR - 645 PM/03 MUNH FER JIDHAR DEKHUN.json: tagged in 5.1s (event_type=bhajan, lang=hindi, topics=['bhajan', 'tirtha', 'meditation', 'desire', 'inner-peace'])
2026-07-09 07:56:00,772 | INFO | enrich_content_tags | tagging Dagshai 2001/03 MAR - 2001/11 MAR - 645 PM/04 TERE AANE KE JAB KHABAR.json (chars=491, est_tokens=122, strategy=single-pass)
2026-07-09 07:56:02,964 | INFO | enrich_content_tags | Dagshai 2001/03 MAR - 2001/11 MAR - 645 PM/04 TERE AANE KE JAB KHABAR.json: tagged in 2.2s (event_type=bhajan, lang=hindi, topics=['bhakti', 'divine-love', 'devotion'])
2026-07-09 07:56:02,965 | INFO | enrich_content_tags | tagging Dagshai 2001/03 MAR - 2001/11 MAR - 645 PM/05 VAHEGURU VAHEGURU.json (chars=473, est_tokens=118, strategy=single-pass)
2026-07-09 07:56:05,328 | INFO | enrich_content_tags | Dagshai 2001/03 MAR - 2001/11 MAR - 645 PM/05 VAHEGURU VAHEGURU.json: tagged in 2.4s (event_type=bhajan, lang=hindi, topics=['bhajan', 'time-value', 'regret', 'gratitude', 'divine-praise'])
2026-07-09 07:56:05,329 | INFO | enrich_content_tags | tagging Dagshai 2001/03 MAR - 2001/12 MAR - 630 PM/01 OM GURUVE NAMAH.json (chars=757, est_tokens=189, strategy=single-pass)
2026-07-09 07:56:07,258 | INFO | enrich_content_tags | Dagshai 2001/03 MAR - 2001/12 MAR - 630 PM/01 OM GURUVE NAMAH.json: tagged in 1.9s (event_type=bhajan, lang=sanskrit, topics=['guru-bhakti', 'chanting', 'devotion'])
2026-07-09 07:56:07,260 | INFO | enrich_content_tags | tagging Dagshai 2001/03 MAR - 2001/12 MAR - 630 PM/02 TERI SOORAT JO MANN MEIN BASI HAIN.json (chars=5811, est_tokens=1452, strategy=single-pass)
2026-07-09 07:56:11,381 | INFO | enrich_content_tags | Dagshai 2001/03 MAR - 2001/12 MAR - 630 PM/02 TERI SOORAT JO MANN MEIN BASI HAIN.json: tagged in 4.1s (event_type=bhajan, lang=hindi, topics=['bhajan', 'devotion', 'separation', 'worldly-suffering', 'divine-remembrance'])
2026-07-09 07:56:11,383 | INFO | enrich_content_tags | tagging Dagshai 2001/03 MAR - 2001/12 MAR - 630 PM/03 MUJHE HAIN TALASH TERI.json (chars=861, est_tokens=215, strategy=single-pass)
2026-07-09 07:56:13,892 | INFO | enrich_content_tags | Dagshai 2001/03 MAR - 2001/12 MAR - 630 PM/03 MUJHE HAIN TALASH TERI.json: tagged in 2.5s (event_type=bhajan, lang=hindi, topics=['bhajan', 'devotion', 'love-of-god', 'mursheed-divani', 'spiritual-answers'])
2026-07-09 07:56:13,893 | INFO | enrich_content_tags | tagging Dagshai 2001/03 MAR - 2001/12 MAR - 630 PM/04 JE TAINU PRABHU MILAN DA.json (chars=6851, est_tokens=1712, strategy=single-pass)
2026-07-09 07:56:17,466 | INFO | enrich_content_tags | Dagshai 2001/03 MAR - 2001/12 MAR - 630 PM/04 JE TAINU PRABHU MILAN DA.json: tagged in 3.6s (event_type=bhajan, lang=hindi, topics=['devotion', 'surrender', 'life-challenges', 'future-uncertainty', 'spiritual-path'])
2026-07-09 07:56:17,467 | INFO | enrich_content_tags | tagging Dagshai 2001/03 MAR - 2001/12 MAR - 630 PM/05 SAMBODHAN.json (chars=3813, est_tokens=953, strategy=single-pass)
2026-07-09 07:56:20,481 | INFO | enrich_content_tags | Dagshai 2001/03 MAR - 2001/12 MAR - 630 PM/05 SAMBODHAN.json: tagged in 3.0s (event_type=discourse, lang=hindi, topics=['present-moment', 'future-insecurity', 'devotion', 'self-reliance', 'spiritual-joy'])
2026-07-09 07:56:20,482 | INFO | enrich_content_tags | tagging Dagshai 2001/03 MAR - 2001/16 MAR - 630 PM/01 MEDITATION (WITHOUT MUSIC).json (chars=832, est_tokens=208, strategy=single-pass)
2026-07-09 07:56:22,995 | INFO | enrich_content_tags | Dagshai 2001/03 MAR - 2001/16 MAR - 630 PM/01 MEDITATION (WITHOUT MUSIC).json: tagged in 2.5s (event_type=bhajan, lang=hindi, topics=['meditation', 'self-awareness', 'spiritual-practice', 'mind-control', 'devotion'])
2026-07-09 07:56:22,996 | INFO | enrich_content_tags | tagging Dagshai 2001/03 MAR - 2001/16 MAR - 630 PM/02 OM GURUVE NAMAH.json (chars=1010, est_tokens=252, strategy=single-pass)
2026-07-09 07:56:25,235 | INFO | enrich_content_tags | Dagshai 2001/03 MAR - 2001/16 MAR - 630 PM/02 OM GURUVE NAMAH.json: tagged in 2.2s (event_type=bhajan, lang=sanskrit, topics=['chanting', 'devotion', 'om-chanting', 'guru-devotion', 'harim-name'])
2026-07-09 07:56:25,236 | INFO | enrich_content_tags | tagging Dagshai 2001/03 MAR - 2001/17 MAR - 630 PM/01 MEDITATION (WITHOUT MUSIC).json (chars=2051, est_tokens=512, strategy=single-pass)
2026-07-09 07:56:28,150 | INFO | enrich_content_tags | Dagshai 2001/03 MAR - 2001/17 MAR - 630 PM/01 MEDITATION (WITHOUT MUSIC).json: tagged in 2.9s (event_type=meditation, lang=hindi, topics=['meditation', 'thoughtlessness', 'mind-control', 'self-awareness', 'spiritual-practice'])
2026-07-09 07:56:28,152 | INFO | enrich_content_tags | tagging Dagshai 2001/03 MAR - 2001/17 MAR - 630 PM/02 HUM TO TERE DEEWANE HAIN.json (chars=5377, est_tokens=1344, strategy=single-pass)
2026-07-09 07:56:32,224 | INFO | enrich_content_tags | Dagshai 2001/03 MAR - 2001/17 MAR - 630 PM/02 HUM TO TERE DEEWANE HAIN.json: tagged in 4.1s (event_type=bhajan, lang=hindi, topics=['bhajan', 'non-duality', 'inner-divinity', 'maya', 'self-inquiry'])
2026-07-09 07:56:32,226 | INFO | enrich_content_tags | tagging Dagshai 2001/03 MAR - 2001/17 MAR - 630 PM/03 DEKHO DEEWANA AYA (INCOMPLETE).json (chars=1384, est_tokens=346, strategy=single-pass)
2026-07-09 07:56:34,835 | INFO | enrich_content_tags | Dagshai 2001/03 MAR - 2001/17 MAR - 630 PM/03 DEKHO DEEWANA AYA (INCOMPLETE).json: tagged in 2.6s (event_type=bhajan, lang=hindi, topics=['bhakti', 'divine-love', 'surrender', 'seeking-guru'])
2026-07-09 07:56:34,836 | INFO | enrich_content_tags | tagging Dagshai 2001/03 MAR - 2001/17 MAR - 630 PM/04 HUM TO TERE DEEWANE HAIN.json (chars=6740, est_tokens=1685, strategy=single-pass)
2026-07-09 07:56:38,380 | INFO | enrich_content_tags | Dagshai 2001/03 MAR - 2001/17 MAR - 630 PM/04 HUM TO TERE DEEWANE HAIN.json: tagged in 3.5s (event_type=bhajan, lang=hindi, topics=['bhakti', 'devotion', 'surrender', 'family-ties', 'ramayana'])
2026-07-09 07:56:38,380 | INFO | enrich_content_tags | tagging Dagshai 2001/03 MAR - 2001/17 MAR - 630 PM/05 SAMBODHAN.json (chars=1194, est_tokens=298, strategy=single-pass)
2026-07-09 07:56:42,016 | INFO | enrich_content_tags | Dagshai 2001/03 MAR - 2001/17 MAR - 630 PM/05 SAMBODHAN.json: tagged in 3.6s (event_type=discourse, lang=hindi, topics=['surrender', 'retreat', 'parental-devotion', 'dedication', 'spiritual-path'])
2026-07-09 07:56:42,017 | INFO | enrich_content_tags | tagging Dagshai 2001/03 MAR - 2001/17 MAR - 630 PM/06 DEKHO PUJARI AYA HAIN.json (chars=2671, est_tokens=667, strategy=single-pass)
2026-07-09 07:56:45,079 | INFO | enrich_content_tags | Dagshai 2001/03 MAR - 2001/17 MAR - 630 PM/06 DEKHO PUJARI AYA HAIN.json: tagged in 3.1s (event_type=bhajan, lang=hindi, topics=['bhakti', 'divine-love', 'surrender', 'seeking-guru', 'devotion'])
2026-07-09 07:56:45,080 | INFO | enrich_content_tags | tagging Dagshai 2001/03 MAR - 2001/18 MAR - 330 PM/01 OM GURUVE NAMAH.json (chars=715, est_tokens=178, strategy=single-pass)
2026-07-09 07:56:47,152 | INFO | enrich_content_tags | Dagshai 2001/03 MAR - 2001/18 MAR - 330 PM/01 OM GURUVE NAMAH.json: tagged in 2.1s (event_type=bhajan, lang=hindi, topics=['devotional-songs', 'guru-devotion', 'chanting'])
2026-07-09 07:56:47,153 | INFO | enrich_content_tags | tagging Dagshai 2001/03 MAR - 2001/18 MAR - 330 PM/02 SAMBODHAN.json (chars=266, est_tokens=66, strategy=single-pass)
2026-07-09 07:56:49,085 | INFO | enrich_content_tags | Dagshai 2001/03 MAR - 2001/18 MAR - 330 PM/02 SAMBODHAN.json: tagged in 1.9s (event_type=satsang, lang=hindi, topics=['bhakti', 'community', 'upcoming-events'])
2026-07-09 07:56:49,086 | INFO | enrich_content_tags | tagging Dagshai 2001/03 MAR - 2001/18 MAR - 7 PM/01 MEDITATION (WITHOUT MUSIC).json (chars=2752, est_tokens=688, strategy=single-pass)
2026-07-09 07:56:53,059 | INFO | enrich_content_tags | Dagshai 2001/03 MAR - 2001/18 MAR - 7 PM/01 MEDITATION (WITHOUT MUSIC).json: tagged in 4.0s (event_type=meditation, lang=hindi, topics=['self-inquiry', 'witnessing', 'mind-control', 'evening-practice', 'inner-light'])
2026-07-09 07:56:53,060 | INFO | enrich_content_tags | tagging Dagshai 2001/03 MAR - 2001/18 MAR - 7 PM/02 MUJHE HAI TALASH TERI.json (chars=4292, est_tokens=1073, strategy=single-pass)
2026-07-09 07:56:56,539 | INFO | enrich_content_tags | Dagshai 2001/03 MAR - 2001/18 MAR - 7 PM/02 MUJHE HAI TALASH TERI.json: tagged in 3.5s (event_type=bhajan, lang=hindi, topics=['bhakti', 'divine-love', 'inner-peace', 'devotion', 'spiritual-longing'])
2026-07-09 07:56:56,541 | INFO | enrich_content_tags | tagging Dagshai 2001/03 MAR - 2001/18 MAR - 7 PM/03 AA TUJHE MAIN DIL MEIN BASANA.json (chars=5175, est_tokens=1293, strategy=single-pass)
2026-07-09 07:57:00,159 | INFO | enrich_content_tags | Dagshai 2001/03 MAR - 2001/18 MAR - 7 PM/03 AA TUJHE MAIN DIL MEIN BASANA.json: tagged in 3.6s (event_type=bhajan, lang=hindi, topics=['bhakti', 'divine-love', 'self-surrender', 'spiritual-longing', 'enlightenment'])
2026-07-09 07:57:00,160 | INFO | enrich_content_tags | tagging Dagshai 2001/03 MAR - 2001/18 MAR - 7 PM/04 OM GURUVE NAMAH.json (chars=1348, est_tokens=337, strategy=single-pass)
2026-07-09 07:57:02,894 | INFO | enrich_content_tags | Dagshai 2001/03 MAR - 2001/18 MAR - 7 PM/04 OM GURUVE NAMAH.json: tagged in 2.7s (event_type=bhajan, lang=hindi, topics=['guru-bhakti', 'om-chanting', 'divine-love', 'spiritual-longing'])
2026-07-09 07:57:02,896 | INFO | enrich_content_tags | tagging Dagshai 2001/03 MAR - 2001/18 MAR - 7 PM/05 SAMBODHAN - RISHI JI.json (chars=777, est_tokens=194, strategy=single-pass)
2026-07-09 07:57:06,567 | INFO | enrich_content_tags | Dagshai 2001/03 MAR - 2001/18 MAR - 7 PM/05 SAMBODHAN - RISHI JI.json: tagged in 3.7s (event_type=bhajan, lang=hindi, topics=['meditation', 'bhajan', 'spiritual-practice', 'nature-worship', 'silence'])
2026-07-09 07:57:06,569 | INFO | enrich_content_tags | tagging Dagshai 2001/03 MAR - 2001/19 MAR - 630 PM/01 MEDITATION (WITHOUT MUSIC).json (chars=803, est_tokens=200, strategy=single-pass)
2026-07-09 07:57:09,211 | INFO | enrich_content_tags | Dagshai 2001/03 MAR - 2001/19 MAR - 630 PM/01 MEDITATION (WITHOUT MUSIC).json: tagged in 2.6s (event_type=bhajan, lang=hindi, topics=['self-observation', 'mind-control', 'meditation', 'spiritual-discipline'])
2026-07-09 07:57:09,213 | INFO | enrich_content_tags | tagging Dagshai 2001/03 MAR - 2001/19 MAR - 630 PM/02 OM GURUVE NAMAH.json (chars=1513, est_tokens=378, strategy=single-pass)
2026-07-09 07:57:12,147 | INFO | enrich_content_tags | Dagshai 2001/03 MAR - 2001/19 MAR - 630 PM/02 OM GURUVE NAMAH.json: tagged in 2.9s (event_type=bhajan, lang=hindi, topics=['guru-bhakti', 'divine-remembrance', 'spiritual-surrender', 'satsang-invocation'])
2026-07-09 07:57:12,148 | INFO | enrich_content_tags | tagging Dagshai 2001/03 MAR - 2001/19 MAR - 630 PM/03 GURUDEV MERE GURUDEV MERE.json (chars=4113, est_tokens=1028, strategy=single-pass)
2026-07-09 07:57:15,572 | INFO | enrich_content_tags | Dagshai 2001/03 MAR - 2001/19 MAR - 630 PM/03 GURUDEV MERE GURUDEV MERE.json: tagged in 3.4s (event_type=bhajan, lang=hindi, topics=['bhakti', 'guru-bhakti', 'self-surrender', 'divine-love', 'spiritual-longing'])
2026-07-09 07:57:15,573 | INFO | enrich_content_tags | tagging Dagshai 2001/03 MAR - 2001/19 MAR - 630 PM/04 MEHRAM DILA DE MAHI.json (chars=1558, est_tokens=389, strategy=single-pass)
2026-07-09 07:57:18,333 | INFO | enrich_content_tags | Dagshai 2001/03 MAR - 2001/19 MAR - 630 PM/04 MEHRAM DILA DE MAHI.json: tagged in 2.8s (event_type=bhajan, lang=hindi, topics=['devotion', 'separation', 'longing', 'divine-love', 'suffering'])
2026-07-09 07:57:18,335 | INFO | enrich_content_tags | tagging Dagshai 2001/03 MAR - 2001/20 MAR - 630 PM/01 MEDITATION (WITHOUT MUSIC).json (chars=1515, est_tokens=378, strategy=single-pass)
2026-07-09 07:57:21,135 | INFO | enrich_content_tags | Dagshai 2001/03 MAR - 2001/20 MAR - 630 PM/01 MEDITATION (WITHOUT MUSIC).json: tagged in 2.8s (event_type=bhajan, lang=hindi, topics=['meditation', 'self-awareness', 'present-moment', 'third-eye', 'inner-witness'])
2026-07-09 07:57:21,136 | INFO | enrich_content_tags | tagging Dagshai 2001/03 MAR - 2001/20 MAR - 630 PM/02 TUM KO HUM DIL MEIN.json (chars=3824, est_tokens=956, strategy=single-pass)
2026-07-09 07:57:23,937 | INFO | enrich_content_tags | Dagshai 2001/03 MAR - 2001/20 MAR - 630 PM/02 TUM KO HUM DIL MEIN.json: tagged in 2.8s (event_type=bhajan, lang=hindi, topics=['bhajan', 'devotion', 'love-of-god', 'surrender', 'spiritual-union'])
2026-07-09 07:57:23,938 | INFO | enrich_content_tags | tagging Dagshai 2001/03 MAR - 2001/21 MAR - 630 PM/01 OM GURUVE NAMAH.json (chars=1484, est_tokens=371, strategy=single-pass)
2026-07-09 07:57:26,459 | INFO | enrich_content_tags | Dagshai 2001/03 MAR - 2001/21 MAR - 630 PM/01 OM GURUVE NAMAH.json: tagged in 2.5s (event_type=bhajan, lang=hindi, topics=['guru-bhakti', 'nam-smaran', 'devotional-singing'])
2026-07-09 07:57:26,460 | INFO | enrich_content_tags | tagging Dagshai 2001/03 MAR - 2001/21 MAR - 630 PM/02 SAMBODHAN.json (chars=3825, est_tokens=956, strategy=single-pass)
2026-07-09 07:57:29,630 | INFO | enrich_content_tags | Dagshai 2001/03 MAR - 2001/21 MAR - 630 PM/02 SAMBODHAN.json: tagged in 3.2s (event_type=discourse, lang=hindi, topics=['yoga-practice', 'meditation', 'self-discipline', 'spiritual-energy', 'community-harmony'])
2026-07-09 07:57:29,631 | INFO | enrich_content_tags | tagging Dagshai 2001/03 MAR - 2001/26 MAR - 7 PM/01 MEDITATION (WITHOUT MUSIC).json (chars=720, est_tokens=180, strategy=single-pass)
2026-07-09 07:57:32,183 | INFO | enrich_content_tags | Dagshai 2001/03 MAR - 2001/26 MAR - 7 PM/01 MEDITATION (WITHOUT MUSIC).json: tagged in 2.5s (event_type=bhajan, lang=hindi, topics=['meditation', 'mindfulness', 'self-observation', 'spiritual-practice'])
2026-07-09 07:57:32,185 | INFO | enrich_content_tags | tagging Dagshai 2001/03 MAR - 2001/26 MAR - 7 PM/02 OM GURUVE NAMAH.json (chars=1901, est_tokens=475, strategy=single-pass)
2026-07-09 07:57:34,992 | INFO | enrich_content_tags | Dagshai 2001/03 MAR - 2001/26 MAR - 7 PM/02 OM GURUVE NAMAH.json: tagged in 2.8s (event_type=bhajan, lang=hindi, topics=['guru-bhakti', 'om-guruve-namah', 'devotional-singing', 'spiritual-identity', 'divine-love'])
2026-07-09 07:57:34,993 | INFO | enrich_content_tags | tagging Dagshai 2001/03 MAR - 2001/26 MAR - 7 PM/03 SAMBODHAN.json (chars=3225, est_tokens=806, strategy=single-pass)
2026-07-09 07:57:38,783 | INFO | enrich_content_tags | Dagshai 2001/03 MAR - 2001/26 MAR - 7 PM/03 SAMBODHAN.json: tagged in 3.8s (event_type=discourse, lang=hindi, topics=['devotion', 'self-realization', 'service', 'bhakti', 'spiritual-life'])
2026-07-09 07:57:38,784 | INFO | enrich_content_tags | tagging Dagshai 2001/03 MAR - 2001/28 MAR - 715 PM/01 OM GURUVE NAMAH.json (chars=2521, est_tokens=630, strategy=single-pass)
2026-07-09 07:57:41,567 | INFO | enrich_content_tags | Dagshai 2001/03 MAR - 2001/28 MAR - 715 PM/01 OM GURUVE NAMAH.json: tagged in 2.8s (event_type=bhajan, lang=hindi, topics=['bhakti', 'guru-devotion', 'chanting', 'namaz-sankirtan'])
2026-07-09 07:57:41,568 | INFO | enrich_content_tags | tagging Dagshai 2001/03 MAR - 2001/28 MAR - 715 PM/02 MAUSAM KOI HO.json (chars=2088, est_tokens=522, strategy=single-pass)
2026-07-09 07:57:44,318 | INFO | enrich_content_tags | Dagshai 2001/03 MAR - 2001/28 MAR - 715 PM/02 MAUSAM KOI HO.json: tagged in 2.7s (event_type=bhajan, lang=hindi, topics=['bhakti', 'divine-presence', 'nature-celebration', 'welcome-new-devotees', 'shiva-form'])
2026-07-09 07:57:44,319 | INFO | enrich_content_tags | tagging Dagshai 2001/03 MAR - 2001/28 MAR - 715 PM/03 SAMBODHAN.json (chars=2944, est_tokens=736, strategy=single-pass)
2026-07-09 07:57:48,116 | INFO | enrich_content_tags | Dagshai 2001/03 MAR - 2001/28 MAR - 715 PM/03 SAMBODHAN.json: tagged in 3.8s (event_type=discourse, lang=hindi, topics=['farewell', 'spiritual-growth', 'service', 'gratitude', 'meditation'])
2026-07-09 07:57:48,117 | INFO | enrich_content_tags | tagging Dagshai 2001/03 MAR - 2001/28 MAR - 715 PM/04 IN MASTO KI BASTI MEIN.json (chars=1229, est_tokens=307, strategy=single-pass)
2026-07-09 07:57:50,638 | INFO | enrich_content_tags | Dagshai 2001/03 MAR - 2001/28 MAR - 715 PM/04 IN MASTO KI BASTI MEIN.json: tagged in 2.5s (event_type=bhajan, lang=hindi, topics=['bhajan', 'worldly-life', 'spiritual-path', 'devotion', 'meditation'])
2026-07-09 07:57:50,640 | INFO | enrich_content_tags | tagging Dagshai 2001/03 MAR - 2001/28 MAR - 715 PM/05 SAMBODHAN.json (chars=353, est_tokens=88, strategy=single-pass)
2026-07-09 07:57:53,136 | INFO | enrich_content_tags | Dagshai 2001/03 MAR - 2001/28 MAR - 715 PM/05 SAMBODHAN.json: tagged in 2.5s (event_type=satsang, lang=hindi, topics=['farewell', 'gathering', 'spiritual-practice'])
2026-07-09 07:57:53,137 | INFO | enrich_content_tags | tagging Dagshai 2001/03 MAR - 2001/5 MAR - 630 PM/01 MEDITATION (WITHOUT MUSIC).json (chars=2000, est_tokens=500, strategy=single-pass)
2026-07-09 07:57:56,188 | INFO | enrich_content_tags | Dagshai 2001/03 MAR - 2001/5 MAR - 630 PM/01 MEDITATION (WITHOUT MUSIC).json: tagged in 3.0s (event_type=meditation, lang=hindi, topics=['mind-watching', 'self-awareness', 'meditation-practice', 'inner-peace', 'spiritual-discipline'])
2026-07-09 07:57:56,189 | INFO | enrich_content_tags | tagging Dagshai 2001/03 MAR - 2001/5 MAR - 630 PM/02 OM GURUVE NAMAH.json (chars=830, est_tokens=207, strategy=single-pass)
2026-07-09 07:57:58,305 | INFO | enrich_content_tags | Dagshai 2001/03 MAR - 2001/5 MAR - 630 PM/02 OM GURUVE NAMAH.json: tagged in 2.1s (event_type=bhajan, lang=sanskrit, topics=['guru-bhakti', 'chanting', 'devotion'])
2026-07-09 07:57:58,306 | INFO | enrich_content_tags | tagging Dagshai 2001/03 MAR - 2001/5 MAR - 630 PM/03 TU NISHANE BENISHA HAIN.json (chars=4900, est_tokens=1225, strategy=single-pass)
2026-07-09 07:58:01,742 | INFO | enrich_content_tags | Dagshai 2001/03 MAR - 2001/5 MAR - 630 PM/03 TU NISHANE BENISHA HAIN.json: tagged in 3.5s (event_type=bhajan, lang=hindi, topics=['bhakti', 'self-surrender', 'spiritual-longing', 'meditation', 'divine-love'])
2026-07-09 07:58:01,744 | INFO | enrich_content_tags | tagging Dagshai 2001/03 MAR - 2001/5 MAR - 630 PM/04 SAMBODHAN (INCOMPLETE).json (chars=4377, est_tokens=1094, strategy=single-pass)
2026-07-09 07:58:05,525 | INFO | enrich_content_tags | Dagshai 2001/03 MAR - 2001/5 MAR - 630 PM/04 SAMBODHAN (INCOMPLETE).json: tagged in 3.8s (event_type=bhajan, lang=hindi, topics=['meditation', 'seva', 'self-inquiry', 'holi-program', 'discipline'])
2026-07-09 07:58:05,526 | INFO | enrich_content_tags | tagging Dagshai 2001/03 MAR - 2001/6 MAR - 630 PM/01 MEDITATION (WITHOUT MUSIC).json (chars=1679, est_tokens=419, strategy=single-pass)
2026-07-09 07:58:09,050 | INFO | enrich_content_tags | Dagshai 2001/03 MAR - 2001/6 MAR - 630 PM/01 MEDITATION (WITHOUT MUSIC).json: tagged in 3.5s (event_type=bhajan, lang=hindi, topics=['self-inquiry', 'meditation', 'awareness', 'third-eye', 'inner-peace'])
2026-07-09 07:58:09,051 | INFO | enrich_content_tags | tagging Dagshai 2001/03 MAR - 2001/6 MAR - 630 PM/02 OM GURUVE NAMAH.json (chars=479, est_tokens=119, strategy=single-pass)
2026-07-09 07:58:11,096 | INFO | enrich_content_tags | Dagshai 2001/03 MAR - 2001/6 MAR - 630 PM/02 OM GURUVE NAMAH.json: tagged in 2.0s (event_type=bhajan, lang=hindi, topics=['om-chanting', 'guru-devotion', 'spiritual-sound'])
2026-07-09 07:58:11,097 | INFO | enrich_content_tags | tagging Dagshai 2001/03 MAR - 2001/6 MAR - 630 PM/03 DEKHO PUJARI BAN KE AYA HAIN.json (chars=7677, est_tokens=1919, strategy=single-pass)
2026-07-09 07:58:14,530 | INFO | enrich_content_tags | Dagshai 2001/03 MAR - 2001/6 MAR - 630 PM/03 DEKHO PUJARI BAN KE AYA HAIN.json: tagged in 3.4s (event_type=bhajan, lang=hindi, topics=['bhakti', 'divine-love', 'surrender', 'spiritual-craving', 'guru-devotion'])
2026-07-09 07:58:14,531 | INFO | enrich_content_tags | tagging Dagshai 2001/03 MAR - 2001/6 MAR - 630 PM/04 JAB KOI APNA AJNABEE.json (chars=7872, est_tokens=1968, strategy=single-pass)
2026-07-09 07:58:18,694 | INFO | enrich_content_tags | Dagshai 2001/03 MAR - 2001/6 MAR - 630 PM/04 JAB KOI APNA AJNABEE.json: tagged in 4.2s (event_type=bhajan, lang=hindi, topics=['bhakti', 'divine-love', 'detachment', 'self-inquiry', 'surrender'])
2026-07-09 07:58:18,695 | INFO | enrich_content_tags | tagging Dagshai 2001/03 MAR - 2001/6 MAR - 630 PM/05 SAMBODHAN.json (chars=1290, est_tokens=322, strategy=single-pass)
2026-07-09 07:58:21,771 | INFO | enrich_content_tags | Dagshai 2001/03 MAR - 2001/6 MAR - 630 PM/05 SAMBODHAN.json: tagged in 3.1s (event_type=discourse, lang=hindi, topics=['divine-light', 'devotion', 'spiritual-longing', 'self-revelation', 'bhakti'])
2026-07-09 07:58:21,773 | INFO | enrich_content_tags | tagging Dagshai 2001/03 MAR - 2001/7 MAR - 330 PM/01 OM GURUVE NAMAH.json (chars=5862, est_tokens=1465, strategy=single-pass)
2026-07-09 07:58:25,126 | INFO | enrich_content_tags | Dagshai 2001/03 MAR - 2001/7 MAR - 330 PM/01 OM GURUVE NAMAH.json: tagged in 3.4s (event_type=bhajan, lang=hindi, topics=['guru-bhakti', 'chanting', 'devotion', 'spiritual-songs'])
2026-07-09 07:58:25,127 | INFO | enrich_content_tags | tagging Dagshai 2001/03 MAR - 2001/7 MAR - 330 PM/02 SAMBODHAN.json (chars=2888, est_tokens=722, strategy=single-pass)
2026-07-09 07:58:28,541 | INFO | enrich_content_tags | Dagshai 2001/03 MAR - 2001/7 MAR - 330 PM/02 SAMBODHAN.json: tagged in 3.4s (event_type=bhajan, lang=hindi, topics=['bhajan', 'meditation', 'self-inquiry', 'devotion', 'music'])
2026-07-09 07:58:28,542 | INFO | enrich_content_tags | tagging Dagshai 2001/03 MAR - 2001/7 MAR - 6 AM/01 OM GURUVE NAMAH.json (chars=2058, est_tokens=514, strategy=single-pass)
2026-07-09 07:58:31,208 | INFO | enrich_content_tags | Dagshai 2001/03 MAR - 2001/7 MAR - 6 AM/01 OM GURUVE NAMAH.json: tagged in 2.7s (event_type=bhajan, lang=hindi, topics=['bhajan', 'guru-bhakti', 'preta-puj', 'self-inquiry', 'devotion'])
2026-07-09 07:58:31,209 | INFO | enrich_content_tags | tagging Dagshai 2001/03 MAR - 2001/7 MAR - 6 AM/02 SAMBODHAN.json (chars=588, est_tokens=147, strategy=single-pass)
2026-07-09 07:58:34,433 | INFO | enrich_content_tags | Dagshai 2001/03 MAR - 2001/7 MAR - 6 AM/02 SAMBODHAN.json: tagged in 3.2s (event_type=discourse, lang=hindi, topics=['holi-celebration', 'inner-joy', 'meditation-schedule', 'community-service', 'spiritual-preparation'])
2026-07-09 07:58:34,434 | INFO | enrich_content_tags | tagging Dagshai 2001/03 MAR - 2001/HOLI DAGSHAI 8 - 11 MAR 2001/10 MAR - 6$ - 1130 AM/01  MEDITATION.json (chars=1751, est_tokens=437, strategy=single-pass)
2026-07-09 07:58:37,781 | INFO | enrich_content_tags | Dagshai 2001/03 MAR - 2001/HOLI DAGSHAI 8 - 11 MAR 2001/10 MAR - 6$ - 1130 AM/01  MEDITATION.json: tagged in 3.3s (event_type=meditation, lang=hindi, topics=['meditation', 'self-awareness', 'mindfulness', 'inner-peace', 'retreat'])
2026-07-09 07:58:37,783 | INFO | enrich_content_tags | tagging Dagshai 2001/03 MAR - 2001/HOLI DAGSHAI 8 - 11 MAR 2001/10 MAR - 6$ - 1130 AM/02 BHEETAR KA RAAG JAGAO.json (chars=17314, est_tokens=4328, strategy=single-pass)
2026-07-09 07:58:44,350 | INFO | enrich_content_tags | Dagshai 2001/03 MAR - 2001/HOLI DAGSHAI 8 - 11 MAR 2001/10 MAR - 6$ - 1130 AM/02 BHEETAR KA RAAG JAGAO.json: tagged in 6.6s (event_type=bhajan, lang=hindi, topics=['bhakti', 'holi', 'prahlad', 'self-surrender', 'ahankar'])
2026-07-09 07:58:44,352 | INFO | enrich_content_tags | tagging Dagshai 2001/03 MAR - 2001/HOLI DAGSHAI 8 - 11 MAR 2001/10 MAR - 6$ - 1130 AM/03 JARA TO KHUL KE BARAS.json (chars=7224, est_tokens=1806, strategy=single-pass)
2026-07-09 07:58:49,945 | INFO | enrich_content_tags | Dagshai 2001/03 MAR - 2001/HOLI DAGSHAI 8 - 11 MAR 2001/10 MAR - 6$ - 1130 AM/03 JARA TO KHUL KE BARAS.json: tagged in 5.6s (event_type=bhajan, lang=hindi, topics=['bhakti-yoga', 'misuse-of-grace', 'prahlad-story', 'holi-celebration', 'self-reflection'])
2026-07-09 07:58:49,946 | INFO | enrich_content_tags | tagging Dagshai 2001/03 MAR - 2001/HOLI DAGSHAI 8 - 11 MAR 2001/10 MAR - 6$ - 1130 AM/04 OM GURUVE NAMAH.json (chars=2073, est_tokens=518, strategy=single-pass)
2026-07-09 07:58:53,056 | INFO | enrich_content_tags | Dagshai 2001/03 MAR - 2001/HOLI DAGSHAI 8 - 11 MAR 2001/10 MAR - 6$ - 1130 AM/04 OM GURUVE NAMAH.json: tagged in 3.1s (event_type=bhajan, lang=hindi, topics=['bhajan', 'devotion', 'holi', 'prayer', 'spiritual-songs'])
2026-07-09 07:58:53,058 | INFO | enrich_content_tags | tagging Dagshai 2001/03 MAR - 2001/HOLI DAGSHAI 8 - 11 MAR 2001/10 MAR - 6$ - 1130 AM/05 SAMBODHAN.json (chars=632, est_tokens=158, strategy=single-pass)
2026-07-09 07:58:56,059 | INFO | enrich_content_tags | Dagshai 2001/03 MAR - 2001/HOLI DAGSHAI 8 - 11 MAR 2001/10 MAR - 6$ - 1130 AM/05 SAMBODHAN.json: tagged in 3.0s (event_type=satsang, lang=hindi, topics=['holi', 'bhakti', 'prarthana', 'divine-power', 'surrender'])
2026-07-09 07:58:56,060 | INFO | enrich_content_tags | tagging Dagshai 2001/03 MAR - 2001/HOLI DAGSHAI 8 - 11 MAR 2001/10 MAR - 6$ - 1130 AM/06 SAMBODHAN - RISHI JI.json (chars=871, est_tokens=217, strategy=single-pass)
2026-07-09 07:58:59,674 | INFO | enrich_content_tags | Dagshai 2001/03 MAR - 2001/HOLI DAGSHAI 8 - 11 MAR 2001/10 MAR - 6$ - 1130 AM/06 SAMBODHAN - RISHI JI.json: tagged in 3.6s (event_type=bhajan, lang=hindi, topics=['holi', 'social-justice', 'meditation', 'gratitude', 'community'])
2026-07-09 07:58:59,676 | INFO | enrich_content_tags | tagging Dagshai 2001/03 MAR - 2001/HOLI DAGSHAI 8 - 11 MAR 2001/10 MAR - 7$ - 645 PM/01 JAGAT KE RANG KYA DEKHOON.json (chars=17834, est_tokens=4458, strategy=single-pass)
2026-07-09 07:59:07,042 | INFO | enrich_content_tags | Dagshai 2001/03 MAR - 2001/HOLI DAGSHAI 8 - 11 MAR 2001/10 MAR - 7$ - 645 PM/01 JAGAT KE RANG KYA DEKHOON.json: tagged in 7.4s (event_type=bhajan, lang=hindi, topics=['bhakti', 'devotion', 'self-surrender', 'love-of-god', 'poverty-and-wealth'])
2026-07-09 07:59:07,043 | INFO | enrich_content_tags | tagging Dagshai 2001/03 MAR - 2001/HOLI DAGSHAI 8 - 11 MAR 2001/10 MAR - 7$ - 645 PM/02 SHAMA JALTI PE PARWANE (INCOMPLETE).json (chars=3985, est_tokens=996, strategy=single-pass)
2026-07-09 07:59:10,420 | INFO | enrich_content_tags | Dagshai 2001/03 MAR - 2001/HOLI DAGSHAI 8 - 11 MAR 2001/10 MAR - 7$ - 645 PM/02 SHAMA JALTI PE PARWANE (INCOMPLETE).json: tagged in 3.4s (event_type=bhajan, lang=hindi, topics=['bhakti', 'holi', 'prahlad', 'divine-love', 'spiritual-intoxication'])
2026-07-09 07:59:10,421 | INFO | enrich_content_tags | tagging Dagshai 2001/03 MAR - 2001/HOLI DAGSHAI 8 - 11 MAR 2001/10 MAR - 7$ - 645 PM/03 OM GURUVE NAMAH.json (chars=2415, est_tokens=603, strategy=single-pass)
2026-07-09 07:59:14,222 | INFO | enrich_content_tags | Dagshai 2001/03 MAR - 2001/HOLI DAGSHAI 8 - 11 MAR 2001/10 MAR - 7$ - 645 PM/03 OM GURUVE NAMAH.json: tagged in 3.8s (event_type=bhajan, lang=hindi, topics=['bhakti', 'guru-devotion', 'chanting', 'spiritual-surrender', 'divine-love'])
2026-07-09 07:59:14,223 | INFO | enrich_content_tags | tagging Dagshai 2001/03 MAR - 2001/HOLI DAGSHAI 8 - 11 MAR 2001/11 MAR - 8$ - 830 AM/01 MEDITATION.json (chars=990, est_tokens=247, strategy=single-pass)
2026-07-09 07:59:16,910 | INFO | enrich_content_tags | Dagshai 2001/03 MAR - 2001/HOLI DAGSHAI 8 - 11 MAR 2001/11 MAR - 8$ - 830 AM/01 MEDITATION.json: tagged in 2.7s (event_type=meditation, lang=hindi, topics=['meditation-practice', 'self-observation', 'detachment', 'consciousness', 'guru-devotion'])
2026-07-09 07:59:16,911 | INFO | enrich_content_tags | tagging Dagshai 2001/03 MAR - 2001/HOLI DAGSHAI 8 - 11 MAR 2001/11 MAR - 8$ - 830 AM/02 OM GURUVE NAMAH.json (chars=1023, est_tokens=255, strategy=single-pass)
2026-07-09 07:59:19,407 | INFO | enrich_content_tags | Dagshai 2001/03 MAR - 2001/HOLI DAGSHAI 8 - 11 MAR 2001/11 MAR - 8$ - 830 AM/02 OM GURUVE NAMAH.json: tagged in 2.5s (event_type=bhajan, lang=sanskrit, topics=['chanting', 'devotion', 'guru-bhakti', 'om-chanting'])
2026-07-09 07:59:19,409 | INFO | enrich_content_tags | tagging Dagshai 2001/03 MAR - 2001/HOLI DAGSHAI 8 - 11 MAR 2001/11 MAR - 8$ - 830 AM/03 TERI RAHMATO NE HUMKO (INCOMPLETE).json (chars=5944, est_tokens=1486, strategy=single-pass)
2026-07-09 07:59:24,277 | INFO | enrich_content_tags | Dagshai 2001/03 MAR - 2001/HOLI DAGSHAI 8 - 11 MAR 2001/11 MAR - 8$ - 830 AM/03 TERI RAHMATO NE HUMKO (INCOMPLETE).json: tagged in 4.9s (event_type=bhajan, lang=hindi, topics=['bhajan', 'divine-mercy', 'suffering', 'rebirth', 'compassion'])
2026-07-09 07:59:24,279 | INFO | enrich_content_tags | tagging Dagshai 2001/03 MAR - 2001/HOLI DAGSHAI 8 - 11 MAR 2001/8 MAR - 1$ - 330 PM/01 MEDITATION.json (chars=2101, est_tokens=525, strategy=single-pass)
2026-07-09 07:59:27,524 | INFO | enrich_content_tags | Dagshai 2001/03 MAR - 2001/HOLI DAGSHAI 8 - 11 MAR 2001/8 MAR - 1$ - 330 PM/01 MEDITATION.json: tagged in 3.2s (event_type=meditation, lang=hindi, topics=['meditation', 'self-awareness', 'mind-control', 'present-moment', 'divine-light'])
2026-07-09 07:59:27,525 | INFO | enrich_content_tags | tagging Dagshai 2001/03 MAR - 2001/HOLI DAGSHAI 8 - 11 MAR 2001/8 MAR - 1$ - 330 PM/02 MERE SATGURU MUJHKO.json (chars=3770, est_tokens=942, strategy=single-pass)
2026-07-09 07:59:31,523 | INFO | enrich_content_tags | Dagshai 2001/03 MAR - 2001/HOLI DAGSHAI 8 - 11 MAR 2001/8 MAR - 1$ - 330 PM/02 MERE SATGURU MUJHKO.json: tagged in 4.0s (event_type=bhajan, lang=hindi, topics=['bhajan', 'guru-bhakti', 'swami-vivekananda', 'self-surrender', 'spiritual-decision'])
2026-07-09 07:59:31,525 | INFO | enrich_content_tags | tagging Dagshai 2001/03 MAR - 2001/HOLI DAGSHAI 8 - 11 MAR 2001/8 MAR - 1$ - 330 PM/03 OM GURUVE NAMAH.json (chars=3530, est_tokens=882, strategy=single-pass)
2026-07-09 08:00:27,076 | INFO | enrich_content_tags | Dagshai 2001/03 MAR - 2001/HOLI DAGSHAI 8 - 11 MAR 2001/8 MAR - 1$ - 330 PM/03 OM GURUVE NAMAH.json: tagged in 3.7s (event_type=bhajan, lang=hindi, topics=['guru-bhakti', ' Invocation', 'chanting', 'spiritual-devotion'])
2026-07-09 08:00:27,077 | INFO | enrich_content_tags | tagging Dagshai 2001/03 MAR - 2001/HOLI DAGSHAI 8 - 11 MAR 2001/8 MAR - 2$ - 7 PM/01 MEDITATION.json (chars=3433, est_tokens=858, strategy=single-pass)
2026-07-09 07:59:39,229 | INFO | enrich_content_tags | Dagshai 2001/03 MAR - 2001/HOLI DAGSHAI 8 - 11 MAR 2001/8 MAR - 2$ - 7 PM/01 MEDITATION.json: tagged in 4.0s (event_type=meditation, lang=hindi, topics=['self-inquiry', 'witness-consciousness', 'mind-observation', 'inner-light', 'spiritual-practice'])
2026-07-09 07:59:39,230 | INFO | enrich_content_tags | tagging Dagshai 2001/03 MAR - 2001/HOLI DAGSHAI 8 - 11 MAR 2001/8 MAR - 2$ - 7 PM/02 PRAVACHAN.json (chars=3975, est_tokens=993, strategy=single-pass)
2026-07-09 07:59:42,828 | INFO | enrich_content_tags | Dagshai 2001/03 MAR - 2001/HOLI DAGSHAI 8 - 11 MAR 2001/8 MAR - 2$ - 7 PM/02 PRAVACHAN.json: tagged in 3.6s (event_type=discourse, lang=hindi, topics=['meditation', 'divine-love', 'self-inquiry', 'surrender', 'spiritual-longing'])
2026-07-09 07:59:42,829 | INFO | enrich_content_tags | tagging Dagshai 2001/03 MAR - 2001/HOLI DAGSHAI 8 - 11 MAR 2001/8 MAR - 2$ - 7 PM/03 IS YOGYA HUM KAHAN.json (chars=18964, est_tokens=4741, strategy=single-pass)
2026-07-09 07:59:59,660 | ERROR | enrich_content_tags | Dagshai 2001/03 MAR - 2001/HOLI DAGSHAI 8 - 11 MAR 2001/8 MAR - 2$ - 7 PM/03 IS YOGYA HUM KAHAN.json: tagging failed (json decode failed: Unterminated string starting at: line 5 column 5443 (char 5592)) — dead-letter dead_letter/tag_failures/Dagshai_2001_03_MAR_-_2001_HOLI_DAGSHAI_8_-_11_MAR_2001_8_MAR_-_2__-_7_PM_03_IS_YOGYA_HUM_KAHAN.json.1d158e7962b3.txt
2026-07-09 07:59:59,661 | ERROR | enrich_content_tags | [86/9168] Dagshai 2001/03 MAR - 2001/HOLI DAGSHAI 8 - 11 MAR 2001/8 MAR - 2$ - 7 PM/03 IS YOGYA HUM KAHAN.json: json decode failed: Unterminated string starting at: line 5 column 5443 (char 5592)
2026-07-09 07:59:59,662 | INFO | enrich_content_tags | tagging Dagshai 2001/03 MAR - 2001/HOLI DAGSHAI 8 - 11 MAR 2001/8 MAR - 2$ - 7 PM/04 IS KARAM KA KARU KAISE.json (chars=901, est_tokens=225, strategy=single-pass)
2026-07-09 08:00:02,114 | INFO | enrich_content_tags | Dagshai 2001/03 MAR - 2001/HOLI DAGSHAI 8 - 11 MAR 2001/8 MAR - 2$ - 7 PM/04 IS KARAM KA KARU KAISE.json: tagged in 2.5s (event_type=bhajan, lang=hindi, topics=['bhakti', 'gratitude', 'divine-love', 'surrender'])
2026-07-09 08:00:02,116 | INFO | enrich_content_tags | tagging Dagshai 2001/03 MAR - 2001/HOLI DAGSHAI 8 - 11 MAR 2001/8 MAR - 2$ - 7 PM/05 OM GURUVE NAMAH.json (chars=856, est_tokens=214, strategy=single-pass)
2026-07-09 08:00:04,894 | INFO | enrich_content_tags | Dagshai 2001/03 MAR - 2001/HOLI DAGSHAI 8 - 11 MAR 2001/8 MAR - 2$ - 7 PM/05 OM GURUVE NAMAH.json: tagged in 2.8s (event_type=bhajan, lang=hindi, topics=[' Invocation', 'chanting', 'guru-devotion', 'spiritual-practice'])
2026-07-09 08:00:04,896 | INFO | enrich_content_tags | tagging Dagshai 2001/03 MAR - 2001/HOLI DAGSHAI 8 - 11 MAR 2001/8 MAR - 2$ - 7 PM/06 SAMBODHAN - RISHI JI.json (chars=829, est_tokens=207, strategy=single-pass)
2026-07-09 08:00:07,991 | INFO | enrich_content_tags | Dagshai 2001/03 MAR - 2001/HOLI DAGSHAI 8 - 11 MAR 2001/8 MAR - 2$ - 7 PM/06 SAMBODHAN - RISHI JI.json: tagged in 3.1s (event_type=bhajan, lang=mixed, topics=['bhajan', 'meditation', 'grace', 'love', 'joy'])
2026-07-09 08:00:07,992 | INFO | enrich_content_tags | tagging Dagshai 2001/03 MAR - 2001/HOLI DAGSHAI 8 - 11 MAR 2001/9 MAR - 3$ - 6 AM/01 MEDITATION.json (chars=3588, est_tokens=897, strategy=single-pass)
2026-07-09 08:00:12,146 | INFO | enrich_content_tags | Dagshai 2001/03 MAR - 2001/HOLI DAGSHAI 8 - 11 MAR 2001/9 MAR - 3$ - 6 AM/01 MEDITATION.json: tagged in 4.1s (event_type=meditation, lang=hindi, topics=['meditation', 'self-observation', 'mind-watching', 'awareness', 'non-interference'])
2026-07-09 08:00:12,148 | INFO | enrich_content_tags | tagging Dagshai 2001/03 MAR - 2001/HOLI DAGSHAI 8 - 11 MAR 2001/9 MAR - 3$ - 6 AM/02 MUJHE GURUVAR YAHI VAR DO.json (chars=1437, est_tokens=359, strategy=single-pass)
2026-07-09 08:01:06,975 | INFO | enrich_content_tags | Dagshai 2001/03 MAR - 2001/HOLI DAGSHAI 8 - 11 MAR 2001/9 MAR - 3$ - 6 AM/02 MUJHE GURUVAR YAHI VAR DO.json: tagged in 3.0s (event_type=bhajan, lang=hindi, topics=['bhajan', 'devotion', 'meditation', 'divine-love', 'self-surrender'])
2026-07-09 08:01:06,976 | INFO | enrich_content_tags | tagging Dagshai 2001/03 MAR - 2001/HOLI DAGSHAI 8 - 11 MAR 2001/9 MAR - 3$ - 6 AM/03 SAMBODHAN.json (chars=902, est_tokens=225, strategy=single-pass)
2026-07-09 08:00:17,861 | INFO | enrich_content_tags | Dagshai 2001/03 MAR - 2001/HOLI DAGSHAI 8 - 11 MAR 2001/9 MAR - 3$ - 6 AM/03 SAMBODHAN.json: tagged in 2.8s (event_type=meditation, lang=hindi, topics=['meditation', 'inner-search', 'stress-free-life', 'life-purpose', 'spiritual-realization'])
2026-07-09 08:00:17,862 | INFO | enrich_content_tags | tagging Dagshai 2001/03 MAR - 2001/HOLI DAGSHAI 8 - 11 MAR 2001/9 MAR - 4$ - 12 PM/01 MEDITATION.json (chars=1161, est_tokens=290, strategy=single-pass)
2026-07-09 08:00:20,629 | INFO | enrich_content_tags | Dagshai 2001/03 MAR - 2001/HOLI DAGSHAI 8 - 11 MAR 2001/9 MAR - 4$ - 12 PM/01 MEDITATION.json: tagged in 2.7s (event_type=meditation, lang=hindi, topics=['meditation', 'self-awareness', 'love', 'darkness-light', 'non-striving'])
2026-07-09 08:00:20,631 | INFO | enrich_content_tags | tagging Dagshai 2001/03 MAR - 2001/HOLI DAGSHAI 8 - 11 MAR 2001/9 MAR - 4$ - 12 PM/02 OM GURUVE NAMAH.json (chars=1414, est_tokens=353, strategy=single-pass)
2026-07-09 08:00:23,434 | INFO | enrich_content_tags | Dagshai 2001/03 MAR - 2001/HOLI DAGSHAI 8 - 11 MAR 2001/9 MAR - 4$ - 12 PM/02 OM GURUVE NAMAH.json: tagged in 2.8s (event_type=bhajan, lang=hindi, topics=['bhakti', 'devotion', 'om-chanting', 'guru-grace', 'self-realization'])
2026-07-09 08:00:23,435 | INFO | enrich_content_tags | tagging Dagshai 2001/03 MAR - 2001/HOLI DAGSHAI 8 - 11 MAR 2001/9 MAR - 4$ - 12 PM/03 JAG UTHENGI DHYAN KI LAHERAIN.json (chars=27289, est_tokens=6822, strategy=single-pass)
2026-07-09 08:00:32,816 | INFO | enrich_content_tags | Dagshai 2001/03 MAR - 2001/HOLI DAGSHAI 8 - 11 MAR 2001/9 MAR - 4$ - 12 PM/03 JAG UTHENGI DHYAN KI LAHERAIN.json: tagged in 9.4s (event_type=bhajan, lang=hindi, topics=['bhakti', 'holi', 'prahlad', 'discipleship', 'devotion'])
2026-07-09 08:00:32,817 | INFO | enrich_content_tags | tagging Dagshai 2001/03 MAR - 2001/HOLI DAGSHAI 8 - 11 MAR 2001/9 MAR - 4$ - 12 PM/04 LAGAN HARI SE LAGA BAITHE.json (chars=1364, est_tokens=341, strategy=single-pass)
2026-07-09 08:00:35,496 | INFO | enrich_content_tags | Dagshai 2001/03 MAR - 2001/HOLI DAGSHAI 8 - 11 MAR 2001/9 MAR - 4$ - 12 PM/04 LAGAN HARI SE LAGA BAITHE.json: tagged in 2.7s (event_type=bhajan, lang=hindi, topics=['bhakti', 'devotion', 'surrender', 'bhagavad-gita', 'prahlad'])
2026-07-09 08:00:35,498 | INFO | enrich_content_tags | tagging Dagshai 2001/03 MAR - 2001/HOLI DAGSHAI 8 - 11 MAR 2001/9 MAR - 4$ - 12 PM/05 PRVACHAN.json (chars=1988, est_tokens=497, strategy=single-pass)
2026-07-09 08:00:39,540 | INFO | enrich_content_tags | Dagshai 2001/03 MAR - 2001/HOLI DAGSHAI 8 - 11 MAR 2001/9 MAR - 4$ - 12 PM/05 PRVACHAN.json: tagged in 4.0s (event_type=bhajan, lang=hindi, topics=['bhakti', 'surrender', 'holi', 'children-devotion', 'spiritual-transformation'])
2026-07-09 08:00:39,541 | INFO | enrich_content_tags | tagging Dagshai 2001/03 MAR - 2001/HOLI DAGSHAI 8 - 11 MAR 2001/9 MAR - 4$ - 12 PM/06 JAB KOI APNA AJNABEE.json (chars=8886, est_tokens=2221, strategy=single-pass)
2026-07-09 08:00:44,618 | INFO | enrich_content_tags | Dagshai 2001/03 MAR - 2001/HOLI DAGSHAI 8 - 11 MAR 2001/9 MAR - 4$ - 12 PM/06 JAB KOI APNA AJNABEE.json: tagged in 5.1s (event_type=bhajan, lang=hindi, topics=['self-inquiry', 'bhakti', 'transformation', 'divine-love', 'surrender'])
2026-07-09 08:00:44,620 | INFO | enrich_content_tags | tagging Dagshai 2001/03 MAR - 2001/HOLI DAGSHAI 8 - 11 MAR 2001/9 MAR - 4$ - 12 PM/07 SAMBODHAN.json (chars=382, est_tokens=95, strategy=single-pass)
2026-07-09 08:00:46,427 | INFO | enrich_content_tags | Dagshai 2001/03 MAR - 2001/HOLI DAGSHAI 8 - 11 MAR 2001/9 MAR - 4$ - 12 PM/07 SAMBODHAN.json: tagged in 1.8s (event_type=satsang, lang=hindi, topics=['conclusion', 'devotion', 'daily-practice'])
2026-07-09 08:00:46,428 | INFO | enrich_content_tags | tagging Dagshai 2001/03 MAR - 2001/HOLI DAGSHAI 8 - 11 MAR 2001/9 MAR - 4$ - 12 PM/08 SAMBODHAN - RISHI JI.json (chars=587, est_tokens=146, strategy=single-pass)
2026-07-09 08:00:49,990 | INFO | enrich_content_tags | Dagshai 2001/03 MAR - 2001/HOLI DAGSHAI 8 - 11 MAR 2001/9 MAR - 4$ - 12 PM/08 SAMBODHAN - RISHI JI.json: tagged in 3.5s (event_type=bhajan, lang=hindi, topics=['bhajan', 'pranama', 'bhakti', 'spiritual-sound'])
2026-07-09 08:00:49,991 | INFO | enrich_content_tags | tagging Dagshai 2001/03 MAR - 2001/HOLI DAGSHAI 8 - 11 MAR 2001/9 MAR - 5$ - 6 PM/01 MEDITATION.json (chars=3453, est_tokens=863, strategy=single-pass)
2026-07-09 08:00:53,470 | INFO | enrich_content_tags | Dagshai 2001/03 MAR - 2001/HOLI DAGSHAI 8 - 11 MAR 2001/9 MAR - 5$ - 6 PM/01 MEDITATION.json: tagged in 3.5s (event_type=meditation, lang=hindi, topics=['mind-control', 'self-awareness', 'meditation-practice', 'freedom-from-thoughts', 'inner-light'])
2026-07-09 08:00:53,472 | INFO | enrich_content_tags | tagging Dagshai 2001/03 MAR - 2001/HOLI DAGSHAI 8 - 11 MAR 2001/9 MAR - 5$ - 6 PM/02 PRAVACHAN.json (chars=6204, est_tokens=1551, strategy=single-pass)
2026-07-09 08:00:57,572 | INFO | enrich_content_tags | Dagshai 2001/03 MAR - 2001/HOLI DAGSHAI 8 - 11 MAR 2001/9 MAR - 5$ - 6 PM/02 PRAVACHAN.json: tagged in 4.1s (event_type=discourse, lang=hindi, topics=['meditation', 'mind-control', 'self-inquiry', 'awareness', 'ignorance'])
2026-07-09 08:00:57,574 | INFO | enrich_content_tags | tagging Dagshai 2001/03 MAR - 2001/HOLI DAGSHAI 8 - 11 MAR 2001/9 MAR - 5$ - 6 PM/03 KAHAN JA RAHN HAIN.json (chars=6279, est_tokens=1569, strategy=single-pass)
2026-07-09 08:01:01,833 | INFO | enrich_content_tags | Dagshai 2001/03 MAR - 2001/HOLI DAGSHAI 8 - 11 MAR 2001/9 MAR - 5$ - 6 PM/03 KAHAN JA RAHN HAIN.json: tagged in 4.2s (event_type=bhajan, lang=hindi, topics=['self-inquiry', 'mind-control', 'worldly-attachment', 'death-awareness', 'spiritual-discipline'])
2026-07-09 08:01:01,835 | INFO | enrich_content_tags | tagging Dagshai 2001/03 MAR - 2001/HOLI DAGSHAI 8 - 11 MAR 2001/9 MAR - 5$ - 6 PM/04 EK MUAMMA.json (chars=15717, est_tokens=3929, strategy=single-pass)
2026-07-09 08:01:07,811 | INFO | enrich_content_tags | Dagshai 2001/03 MAR - 2001/HOLI DAGSHAI 8 - 11 MAR 2001/9 MAR - 5$ - 6 PM/04 EK MUAMMA.json: tagged in 6.0s (event_type=bhajan, lang=hindi, topics=['self-inquiry', 'meditation', 'devotion', 'hypnosis', 'caste-system'])
2026-07-09 08:01:07,812 | INFO | enrich_content_tags | tagging Dagshai 2001/03 MAR - 2001/HOLI DAGSHAI 8 - 11 MAR 2001/9 MAR - 5$ - 6 PM/05 SAMBODHAN - RISHI JI.json (chars=670, est_tokens=167, strategy=single-pass)
2026-07-09 08:01:10,793 | INFO | enrich_content_tags | Dagshai 2001/03 MAR - 2001/HOLI DAGSHAI 8 - 11 MAR 2001/9 MAR - 5$ - 6 PM/05 SAMBODHAN - RISHI JI.json: tagged in 3.0s (event_type=bhajan, lang=hindi, topics=['foundation-meeting', 'meditation', 'music', 'gratitude', 'community-gathering'])
2026-07-09 08:01:10,794 | INFO | enrich_content_tags | tagging Dagshai 2001/03 MAR - 2001/HOLI DAGSHAI 8 - 11 MAR 2001/9 MAR - 5$ - 6 PM/06 SAMBODHAN.json (chars=1287, est_tokens=321, strategy=single-pass)
2026-07-09 08:01:13,977 | INFO | enrich_content_tags | Dagshai 2001/03 MAR - 2001/HOLI DAGSHAI 8 - 11 MAR 2001/9 MAR - 5$ - 6 PM/06 SAMBODHAN.json: tagged in 3.2s (event_type=discourse, lang=hindi, topics=['meditation', 'spiritual-awakening', 'inner-longing', 'transformation', 'night-practice'])
2026-07-09 08:01:13,978 | INFO | enrich_content_tags | tagging Dagshai 2001/03 MAR - 2001/HOLI DAGSHAI 8 - 11 MAR 2001/unknown/04 PILA DE O SAKI (INCOMPLETE).json (chars=3724, est_tokens=931, strategy=single-pass)
2026-07-09 08:01:28,411 | ERROR | enrich_content_tags | Dagshai 2001/03 MAR - 2001/HOLI DAGSHAI 8 - 11 MAR 2001/unknown/04 PILA DE O SAKI (INCOMPLETE).json: tagging failed (json decode failed: Unterminated string starting at: line 338 column 5 (char 4154)) — dead-letter dead_letter/tag_failures/Dagshai_2001_03_MAR_-_2001_HOLI_DAGSHAI_8_-_11_MAR_2001_unknown_04_PILA_DE_O_SAKI__INCOMPLETE_.json.0a640e32647e.txt
2026-07-09 08:01:28,412 | ERROR | enrich_content_tags | [107/9168] Dagshai 2001/03 MAR - 2001/HOLI DAGSHAI 8 - 11 MAR 2001/unknown/04 PILA DE O SAKI (INCOMPLETE).json: json decode failed: Unterminated string starting at: line 338 column 5 (char 4154)
2026-07-09 08:01:28,413 | INFO | enrich_content_tags | tagging Dagshai 2001/03 MAR - 2001/HOLI DAGSHAI 8 - 11 MAR 2001/unknown/05 HALE DIL UNKO (INCOMPLETE).json (chars=808, est_tokens=202, strategy=single-pass)
2026-07-09 08:01:31,263 | INFO | enrich_content_tags | Dagshai 2001/03 MAR - 2001/HOLI DAGSHAI 8 - 11 MAR 2001/unknown/05 HALE DIL UNKO (INCOMPLETE).json: tagged in 2.9s (event_type=bhajan, lang=hindi, topics=['bhajan', 'devotion', 'suffering', 'guru-disciple', 'holi'])
2026-07-09 08:01:31,265 | INFO | enrich_content_tags | tagging Dagshai 2001/03 MAR - 2001/HOLI DAGSHAI 8 - 11 MAR 2001/unknown/07 EK MUAMMA (INCOMPLETE).json (chars=772, est_tokens=193, strategy=single-pass)
2026-07-09 08:01:34,365 | INFO | enrich_content_tags | Dagshai 2001/03 MAR - 2001/HOLI DAGSHAI 8 - 11 MAR 2001/unknown/07 EK MUAMMA (INCOMPLETE).json: tagged in 3.1s (event_type=bhajan, lang=hindi, topics=['guru-devotion', 'suffering', 'spiritual-ignorance', 'art-of-living', 'bhakti'])
2026-07-09 08:01:34,366 | INFO | enrich_content_tags | tagging Dagshai 2001/03 MAR - 2001/HOLI DAGSHAI 8 - 11 MAR 2001/unknown/07 PILA DE O SAKI (INCOMPLETE).json (chars=1056, est_tokens=264, strategy=single-pass)
2026-07-09 08:01:36,785 | INFO | enrich_content_tags | Dagshai 2001/03 MAR - 2001/HOLI DAGSHAI 8 - 11 MAR 2001/unknown/07 PILA DE O SAKI (INCOMPLETE).json: tagged in 2.4s (event_type=bhajan, lang=hindi, topics=['bhajan', 'ram-nam', 'spiritual-joy', 'devotion'])
2026-07-09 08:01:36,787 | INFO | enrich_content_tags | tagging Dagshai 2001/03 MAR - 2001/HOLI DAGSHAI 8 - 11 MAR 2001/unknown/08 MEDITATION (INCOMPLETE).json (chars=264, est_tokens=66, strategy=single-pass)
2026-07-09 08:01:38,882 | INFO | enrich_content_tags | Dagshai 2001/03 MAR - 2001/HOLI DAGSHAI 8 - 11 MAR 2001/unknown/08 MEDITATION (INCOMPLETE).json: tagged in 2.1s (event_type=bhajan, lang=hindi, topics=['meditation', 'spiritual-practice', 'self-transcendence'])
2026-07-09 08:01:38,883 | INFO | enrich_content_tags | tagging Dagshai 2001/03 MAR - 2001/HOLI DAGSHAI 8 - 11 MAR 2001/unknown/08 SAVARE SE MILNE KA (INCOMPLETE).json (chars=743, est_tokens=185, strategy=single-pass)
2026-07-09 08:01:41,667 | INFO | enrich_content_tags | Dagshai 2001/03 MAR - 2001/HOLI DAGSHAI 8 - 11 MAR 2001/unknown/08 SAVARE SE MILNE KA (INCOMPLETE).json: tagged in 2.8s (event_type=bhajan, lang=hindi, topics=['self-realization', 'divine-union', 'bhakti', 'maya', 'satsang-purpose'])
2026-07-09 08:01:41,669 | INFO | enrich_content_tags | tagging Dagshai 2001/03 MAR - 2001/HOLI DAGSHAI 8 - 11 MAR 2001/unknown/08 TU HAIN MOHAN (INCOMPLETE).json (chars=321, est_tokens=80, strategy=single-pass)
2026-07-09 08:01:44,389 | INFO | enrich_content_tags | Dagshai 2001/03 MAR - 2001/HOLI DAGSHAI 8 - 11 MAR 2001/unknown/08 TU HAIN MOHAN (INCOMPLETE).json: tagged in 2.7s (event_type=bhajan, lang=hindi, topics=['bhakti', 'divine-love', 'devotion'])
2026-07-09 08:01:44,391 | INFO | enrich_content_tags | tagging Dagshai 2001/03 MAR - 2001/HOLI DAGSHAI 8 - 11 MAR 2001/unknown/09 AISI NIGAH BANA DE (INCOMPELTE).json (chars=1592, est_tokens=398, strategy=single-pass)
2026-07-09 08:01:47,199 | INFO | enrich_content_tags | Dagshai 2001/03 MAR - 2001/HOLI DAGSHAI 8 - 11 MAR 2001/unknown/09 AISI NIGAH BANA DE (INCOMPELTE).json: tagged in 2.8s (event_type=bhajan, lang=hindi, topics=['bhakti', 'devotion', 'divine-love', 'surrender'])
2026-07-09 08:01:47,201 | INFO | enrich_content_tags | tagging Dagshai 2001/03 MAR - 2001/HOLI DAGSHAI 8 - 11 MAR 2001/unknown/09 IS YOGYA HUM KAHAN (INCOMPLETE).json (chars=313, est_tokens=78, strategy=single-pass)
2026-07-09 08:01:49,653 | INFO | enrich_content_tags | Dagshai 2001/03 MAR - 2001/HOLI DAGSHAI 8 - 11 MAR 2001/unknown/09 IS YOGYA HUM KAHAN (INCOMPLETE).json: tagged in 2.5s (event_type=bhajan, lang=hindi, topics=['bhajan', 'divine-mercy', 'guru-devotion', 'spiritual-reunion'])
2026-07-09 08:01:49,655 | INFO | enrich_content_tags | tagging Dagshai 2001/03 MAR - 2001/HOLI DAGSHAI 8 - 11 MAR 2001/unknown/10 OM GURUVE NAMAH (INCOMPLETE).json (chars=440, est_tokens=110, strategy=single-pass)
2026-07-09 08:01:51,886 | INFO | enrich_content_tags | Dagshai 2001/03 MAR - 2001/HOLI DAGSHAI 8 - 11 MAR 2001/unknown/10 OM GURUVE NAMAH (INCOMPLETE).json: tagged in 2.2s (event_type=bhajan, lang=sanskrit, topics=['bhajan', 'guru-devotion', 'chanting'])
2026-07-09 08:01:51,887 | INFO | enrich_content_tags | tagging Dagshai 2001/04 APR - 2001/10 APR - 645 PM/01 MEDITATION (WITHOUT MUSIC).json (chars=2383, est_tokens=595, strategy=single-pass)
2026-07-09 08:01:54,650 | INFO | enrich_content_tags | Dagshai 2001/04 APR - 2001/10 APR - 645 PM/01 MEDITATION (WITHOUT MUSIC).json: tagged in 2.8s (event_type=bhajan, lang=hindi, topics=['bhakti', 'divine-love', 'self-inquiry', 'meditation', 'devotion'])
2026-07-09 08:01:54,651 | INFO | enrich_content_tags | tagging Dagshai 2001/04 APR - 2001/10 APR - 645 PM/02 MURSHID TERE CHARNO KI.json (chars=8740, est_tokens=2185, strategy=single-pass)
2026-07-09 08:01:58,358 | INFO | enrich_content_tags | Dagshai 2001/04 APR - 2001/10 APR - 645 PM/02 MURSHID TERE CHARNO KI.json: tagged in 3.7s (event_type=bhajan, lang=hindi, topics=['bhakti', 'self-inquiry', 'nature-of-mind', 'devotion', 'spiritual-longing'])
2026-07-09 08:01:58,360 | INFO | enrich_content_tags | tagging Dagshai 2001/04 APR - 2001/10 APR - 645 PM/03 MEHRAM DIL DE MAHI.json (chars=13956, est_tokens=3489, strategy=single-pass)
2026-07-09 08:02:03,488 | INFO | enrich_content_tags | Dagshai 2001/04 APR - 2001/10 APR - 645 PM/03 MEHRAM DIL DE MAHI.json: tagged in 5.1s (event_type=bhajan, lang=hindi, topics=['bhakti', 'self-inquiry', 'faith-doubt', 'ego-transformation', 'devotion'])
2026-07-09 08:02:03,490 | INFO | enrich_content_tags | tagging Dagshai 2001/04 APR - 2001/11 APR - 530 AM/01 MEDITATION (WITHOUT MUSIC).json (chars=217, est_tokens=54, strategy=single-pass)
2026-07-09 08:02:05,904 | INFO | enrich_content_tags | Dagshai 2001/04 APR - 2001/11 APR - 530 AM/01 MEDITATION (WITHOUT MUSIC).json: tagged in 2.4s (event_type=bhajan, lang=hindi, topics=['bhajan', 'chanting', 'devotion'])
2026-07-09 08:02:05,906 | INFO | enrich_content_tags | tagging Dagshai 2001/04 APR - 2001/11 APR - 530 AM/02 MERE SATGURU MUJHKO DENA.json (chars=2208, est_tokens=552, strategy=single-pass)
2026-07-09 08:02:08,614 | INFO | enrich_content_tags | Dagshai 2001/04 APR - 2001/11 APR - 530 AM/02 MERE SATGURU MUJHKO DENA.json: tagged in 2.7s (event_type=bhajan, lang=hindi, topics=['bhajan', 'devotion', 'surrender', 'worldly-illusion', 'grace'])
2026-07-09 08:02:08,616 | INFO | enrich_content_tags | tagging Dagshai 2001/04 APR - 2001/11 APR - 7 PM/01 MEDITATION (WITHOUT MUSIC).json (chars=669, est_tokens=167, strategy=single-pass)
2026-07-09 08:02:11,176 | INFO | enrich_content_tags | Dagshai 2001/04 APR - 2001/11 APR - 7 PM/01 MEDITATION (WITHOUT MUSIC).json: tagged in 2.6s (event_type=bhajan, lang=hindi, topics=['meditation', 'self-awareness', 'duality', 'mind-control', 'spiritual-practice'])
2026-07-09 08:02:11,177 | INFO | enrich_content_tags | tagging Dagshai 2001/04 APR - 2001/11 APR - 7 PM/02 OM GURUVE NAMAH (INCOMPLETE).json (chars=1035, est_tokens=258, strategy=single-pass)
2026-07-09 08:02:13,548 | INFO | enrich_content_tags | Dagshai 2001/04 APR - 2001/11 APR - 7 PM/02 OM GURUVE NAMAH (INCOMPLETE).json: tagged in 2.4s (event_type=bhajan, lang=sanskrit, topics=['bhajan', 'devotion', 'chanting', 'guru-bhakti'])
2026-07-09 08:02:13,549 | INFO | enrich_content_tags | tagging Dagshai 2001/04 APR - 2001/16 APR - 7 PM/01 MEDITATION (WITHOUT MUSIC).json (chars=726, est_tokens=181, strategy=single-pass)
2026-07-09 08:02:15,948 | INFO | enrich_content_tags | Dagshai 2001/04 APR - 2001/16 APR - 7 PM/01 MEDITATION (WITHOUT MUSIC).json: tagged in 2.4s (event_type=bhajan, lang=hindi, topics=['mindfulness', 'self-observation', 'meditation', 'awareness', 'spiritual-practice'])
2026-07-09 08:02:15,950 | INFO | enrich_content_tags | tagging Dagshai 2001/04 APR - 2001/16 APR - 7 PM/02 OM GURUVE NAMAH.json (chars=1912, est_tokens=478, strategy=single-pass)
2026-07-09 08:02:18,572 | INFO | enrich_content_tags | Dagshai 2001/04 APR - 2001/16 APR - 7 PM/02 OM GURUVE NAMAH.json: tagged in 2.6s (event_type=bhajan, lang=hindi, topics=['devotional-songs', 'guru-devotion', 'chanting', 'spiritual-practice'])
2026-07-09 08:02:18,573 | INFO | enrich_content_tags | tagging Dagshai 2001/04 APR - 2001/16 APR - 7 PM/03 HUM TO TERE DEEWANE HAIN (INCOMPLETE).json (chars=4935, est_tokens=1233, strategy=single-pass)
2026-07-09 08:02:22,372 | INFO | enrich_content_tags | Dagshai 2001/04 APR - 2001/16 APR - 7 PM/03 HUM TO TERE DEEWANE HAIN (INCOMPLETE).json: tagged in 3.8s (event_type=bhajan, lang=hindi, topics=['bhajan', 'meditation', 'service', 'mental-health', 'self-realization'])
2026-07-09 08:02:22,374 | INFO | enrich_content_tags | tagging Dagshai 2001/04 APR - 2001/17 APR - 12 PM/01 MEDITATION (WITHOUT MUSIC).json (chars=2502, est_tokens=625, strategy=single-pass)
2026-07-09 08:02:25,296 | INFO | enrich_content_tags | Dagshai 2001/04 APR - 2001/17 APR - 12 PM/01 MEDITATION (WITHOUT MUSIC).json: tagged in 2.9s (event_type=meditation, lang=hindi, topics=['meditation', 'self-remembrance', 'mind-control', 'inner-observation', 'spiritual-awakening'])
2026-07-09 08:02:25,297 | INFO | enrich_content_tags | tagging Dagshai 2001/04 APR - 2001/17 APR - 12 PM/02 OM GURUVE NAMAH.json (chars=1177, est_tokens=294, strategy=single-pass)
2026-07-09 08:02:27,611 | INFO | enrich_content_tags | Dagshai 2001/04 APR - 2001/17 APR - 12 PM/02 OM GURUVE NAMAH.json: tagged in 2.3s (event_type=bhajan, lang=hindi, topics=['guru-bhakti', 'mantra-japa', 'devotional-singing'])
2026-07-09 08:02:27,613 | INFO | enrich_content_tags | tagging Dagshai 2001/04 APR - 2001/17 APR - 12 PM/03 SAMBODHAN.json (chars=240, est_tokens=60, strategy=single-pass)
2026-07-09 08:02:29,821 | INFO | enrich_content_tags | Dagshai 2001/04 APR - 2001/17 APR - 12 PM/03 SAMBODHAN.json: tagged in 2.2s (event_type=meditation, lang=mixed, topics=['silent-meditation', 'service', 'devotion'])
2026-07-09 08:02:29,822 | INFO | enrich_content_tags | tagging Dagshai 2001/04 APR - 2001/17 APR - 630 PM/01 MEDITATION (WITHOUT MUSIC).json (chars=6226, est_tokens=1556, strategy=single-pass)
2026-07-09 08:02:34,183 | INFO | enrich_content_tags | Dagshai 2001/04 APR - 2001/17 APR - 630 PM/01 MEDITATION (WITHOUT MUSIC).json: tagged in 4.3s (event_type=meditation, lang=hindi, topics=['self-inquiry', 'mind-witnessing', 'meditation-practice', 'inner-peace', 'spiritual-longing'])
2026-07-09 08:02:34,184 | INFO | enrich_content_tags | tagging Dagshai 2001/04 APR - 2001/17 APR - 630 PM/02 KAHAN JA RAHAN HAIN.json (chars=18017, est_tokens=4504, strategy=single-pass)
2026-07-09 08:02:39,942 | INFO | enrich_content_tags | Dagshai 2001/04 APR - 2001/17 APR - 630 PM/02 KAHAN JA RAHAN HAIN.json: tagged in 5.8s (event_type=bhajan, lang=hindi, topics=['bhajan', 'self-realization', 'devotion', 'ego-transcendence', 'spiritual-path'])
2026-07-09 08:02:39,943 | INFO | enrich_content_tags | tagging Dagshai 2001/04 APR - 2001/17 APR - 630 PM/03 OM GURUVE NAMAH.json (chars=3469, est_tokens=867, strategy=single-pass)
2026-07-09 08:02:42,962 | INFO | enrich_content_tags | Dagshai 2001/04 APR - 2001/17 APR - 630 PM/03 OM GURUVE NAMAH.json: tagged in 3.0s (event_type=bhajan, lang=hindi, topics=['guru-bhakti', 'nam-sankirtan', 'sikhism', 'divine-love', 'meditation'])
2026-07-09 08:02:42,963 | INFO | enrich_content_tags | tagging Dagshai 2001/04 APR - 2001/17 APR - 630 PM/04 SAMBODHAN - RISHI JI.json (chars=563, est_tokens=140, strategy=single-pass)
2026-07-09 08:02:45,902 | INFO | enrich_content_tags | Dagshai 2001/04 APR - 2001/17 APR - 630 PM/04 SAMBODHAN - RISHI JI.json: tagged in 2.9s (event_type=bhajan, lang=mixed, topics=['meditation', 'bhajan', 'satsang', 'spiritual-vibes', 'guru-pranam'])
2026-07-09 08:02:45,903 | INFO | enrich_content_tags | tagging Dagshai 2001/04 APR - 2001/18 APR - 12 PM/01 MEDITATION (WITHOUT MUSIC).json (chars=591, est_tokens=147, strategy=single-pass)
2026-07-09 08:02:48,250 | INFO | enrich_content_tags | Dagshai 2001/04 APR - 2001/18 APR - 12 PM/01 MEDITATION (WITHOUT MUSIC).json: tagged in 2.3s (event_type=bhajan, lang=hindi, topics=['meditation', 'self-awareness', 'spiritual-practice', 'mind-control', 'devotion'])
2026-07-09 08:02:48,251 | INFO | enrich_content_tags | tagging Dagshai 2001/04 APR - 2001/18 APR - 12 PM/02 OM GURUVE NAMAH.json (chars=622, est_tokens=155, strategy=single-pass)
2026-07-09 08:03:42,307 | INFO | enrich_content_tags | Dagshai 2001/04 APR - 2001/18 APR - 12 PM/02 OM GURUVE NAMAH.json: tagged in 2.2s (event_type=bhajan, lang=sanskrit, topics=['guru-devotion', 'chanting', 'spiritual-practice'])
2026-07-09 08:03:42,309 | INFO | enrich_content_tags | tagging Dagshai 2001/04 APR - 2001/18 APR - 12 PM/03 MAHRAM DILAN DE MAHI.json (chars=4694, est_tokens=1173, strategy=single-pass)
2026-07-09 08:02:53,891 | INFO | enrich_content_tags | Dagshai 2001/04 APR - 2001/18 APR - 12 PM/03 MAHRAM DILAN DE MAHI.json: tagged in 3.4s (event_type=bhajan, lang=hindi, topics=['bhakti', 'divine-love', 'longing', 'devotion', 'surrender'])
2026-07-09 08:02:53,892 | INFO | enrich_content_tags | tagging Dagshai 2001/04 APR - 2001/18 APR - 12 PM/04 SAMBODHAN - RISHI JI.json (chars=566, est_tokens=141, strategy=single-pass)
2026-07-09 08:02:56,913 | INFO | enrich_content_tags | Dagshai 2001/04 APR - 2001/18 APR - 12 PM/04 SAMBODHAN - RISHI JI.json: tagged in 3.0s (event_type=bhajan, lang=hindi, topics=['morning-prayer', 'meditation', 'discipline', 'guru-devotion'])
2026-07-09 08:02:56,914 | INFO | enrich_content_tags | tagging Dagshai 2001/04 APR - 2001/18 APR - 630 AM/01 FAKIRO KI DUNYA MEIN (INCOMPLETE).json (chars=1145, est_tokens=286, strategy=single-pass)
2026-07-09 08:02:59,504 | INFO | enrich_content_tags | Dagshai 2001/04 APR - 2001/18 APR - 630 AM/01 FAKIRO KI DUNYA MEIN (INCOMPLETE).json: tagged in 2.6s (event_type=bhajan, lang=hindi, topics=['fakir-life', 'worldly-attachment', 'divine-joy', 'spiritual-devotion'])
2026-07-09 08:02:59,505 | INFO | enrich_content_tags | tagging Dagshai 2001/04 APR - 2001/18 APR - 630 AM/02 SAMBODHAN.json (chars=2677, est_tokens=669, strategy=single-pass)
2026-07-09 08:03:03,431 | INFO | enrich_content_tags | Dagshai 2001/04 APR - 2001/18 APR - 630 AM/02 SAMBODHAN.json: tagged in 3.9s (event_type=bhajan, lang=hindi, topics=['bhajan-sadhana', 'energy-vibration', 'self-inquiry', 'devotion', 'meditation'])
2026-07-09 08:03:03,433 | INFO | enrich_content_tags | tagging Dagshai 2001/04 APR - 2001/19 APR - 630 PM/01 BHEETAR KA RAAG JAGAO.json (chars=1316, est_tokens=329, strategy=single-pass)
2026-07-09 08:03:06,155 | INFO | enrich_content_tags | Dagshai 2001/04 APR - 2001/19 APR - 630 PM/01 BHEETAR KA RAAG JAGAO.json: tagged in 2.7s (event_type=bhajan, lang=hindi, topics=['bhajan', 'meditation', 'inner-light', 'devotion', 'spiritual-awakening'])
2026-07-09 08:03:06,157 | INFO | enrich_content_tags | tagging Dagshai 2001/04 APR - 2001/19 APR - 630 PM/02 MEDITATION.json (chars=2856, est_tokens=714, strategy=single-pass)
2026-07-09 08:03:08,996 | INFO | enrich_content_tags | Dagshai 2001/04 APR - 2001/19 APR - 630 PM/02 MEDITATION.json: tagged in 2.8s (event_type=meditation, lang=mixed, topics=['self-inquiry', 'witness-consciousness', 'third-eye', 'mind-watching', 'inner-light'])
2026-07-09 08:03:08,998 | INFO | enrich_content_tags | tagging Dagshai 2001/04 APR - 2001/19 APR - 630 PM/03 KIS CHEEZ KI KAMI HAI.json (chars=4559, est_tokens=1139, strategy=single-pass)
2026-07-09 08:03:12,973 | INFO | enrich_content_tags | Dagshai 2001/04 APR - 2001/19 APR - 630 PM/03 KIS CHEEZ KI KAMI HAI.json: tagged in 3.9s (event_type=bhajan, lang=hindi, topics=['bhajan', 'karma-yoga', 'self-inquiry', 'divine-mercy', 'inner-peace'])
2026-07-09 08:03:12,975 | INFO | enrich_content_tags | tagging Dagshai 2001/04 APR - 2001/19 APR - 630 PM/04 OM GURUVE NAMAH (INCOMPLETE).json (chars=2019, est_tokens=504, strategy=single-pass)
2026-07-09 08:03:16,135 | INFO | enrich_content_tags | Dagshai 2001/04 APR - 2001/19 APR - 630 PM/04 OM GURUVE NAMAH (INCOMPLETE).json: tagged in 3.2s (event_type=bhajan, lang=hindi, topics=['bhajan', 'guru-bhakti', 'divine-love', 'meditation', 'surrender'])
2026-07-09 08:03:16,136 | INFO | enrich_content_tags | tagging Dagshai 2001/04 APR - 2001/19 APR - 630 PM/05 SAMBODHAN.json (chars=1636, est_tokens=409, strategy=single-pass)
2026-07-09 08:03:19,438 | INFO | enrich_content_tags | Dagshai 2001/04 APR - 2001/19 APR - 630 PM/05 SAMBODHAN.json: tagged in 3.3s (event_type=discourse, lang=hindi, topics=['charity', 'education', 'community-service', 'india-america-connection', 'mission-work'])
2026-07-09 08:03:19,440 | INFO | enrich_content_tags | tagging Dagshai 2001/04 APR - 2001/19 APR - 630 PM/06 YEH ZINDAGI HAI CHAR DIN KI.json (chars=1293, est_tokens=323, strategy=single-pass)
2026-07-09 08:03:21,647 | INFO | enrich_content_tags | Dagshai 2001/04 APR - 2001/19 APR - 630 PM/06 YEH ZINDAGI HAI CHAR DIN KI.json: tagged in 2.2s (event_type=bhajan, lang=hindi, topics=['life-purpose', 'humanity', 'gratitude', 'community-service', 'spiritual-awakening'])
2026-07-09 08:03:21,649 | INFO | enrich_content_tags | tagging Dagshai 2001/04 APR - 2001/19 APR - 630 PM/07 DEKHO PUJARI AAYA.json (chars=935, est_tokens=233, strategy=single-pass)
2026-07-09 08:03:23,645 | INFO | enrich_content_tags | Dagshai 2001/04 APR - 2001/19 APR - 630 PM/07 DEKHO PUJARI AAYA.json: tagged in 2.0s (event_type=bhajan, lang=hindi, topics=['bhajan', 'devotion', 'faith', 'spiritual-offering'])
2026-07-09 08:03:23,646 | INFO | enrich_content_tags | tagging Dagshai 2001/04 APR - 2001/19 APR - 630 PM/08 SAMBODHAN.json (chars=567, est_tokens=141, strategy=single-pass)
2026-07-09 08:03:26,194 | INFO | enrich_content_tags | Dagshai 2001/04 APR - 2001/19 APR - 630 PM/08 SAMBODHAN.json: tagged in 2.5s (event_type=satsang, lang=hindi, topics=['bhakti', 'seva', 'ashirwad', 'india-america'])
2026-07-09 08:03:26,196 | INFO | enrich_content_tags | tagging Dagshai 2001/04 APR - 2001/20 APR - 3 PM/01 MEDITATION.json (chars=5539, est_tokens=1384, strategy=single-pass)
2026-07-09 08:03:30,211 | INFO | enrich_content_tags | Dagshai 2001/04 APR - 2001/20 APR - 3 PM/01 MEDITATION.json: tagged in 4.0s (event_type=meditation, lang=hindi, topics=['meditation', 'self-remembrance', 'mind-observation', 'thoughtlessness', 'inner-peace'])
2026-07-09 08:03:30,212 | INFO | enrich_content_tags | tagging Dagshai 2001/04 APR - 2001/20 APR - 3 PM/02 KIS CHEEZE KI KAMI HAIN(INCOMPLETE).json (chars=1568, est_tokens=392, strategy=single-pass)
2026-07-09 08:03:32,723 | INFO | enrich_content_tags | Dagshai 2001/04 APR - 2001/20 APR - 3 PM/02 KIS CHEEZE KI KAMI HAIN(INCOMPLETE).json: tagged in 2.5s (event_type=bhajan, lang=hindi, topics=['bhakti', 'devotion', 'self-realization', 'grace', 'meditation'])
2026-07-09 08:03:32,725 | INFO | enrich_content_tags | tagging Dagshai 2001/04 APR - 2001/20 APR - 3 PM/03 OM GURUVE NAMAH (INCOMPLETE).json (chars=541, est_tokens=135, strategy=single-pass)
2026-07-09 08:03:35,052 | INFO | enrich_content_tags | Dagshai 2001/04 APR - 2001/20 APR - 3 PM/03 OM GURUVE NAMAH (INCOMPLETE).json: tagged in 2.3s (event_type=bhajan, lang=hindi, topics=['bhajan', 'devotion', 'divine-name', 'spiritual-sound'])
2026-07-09 08:03:35,053 | INFO | enrich_content_tags | tagging Dagshai 2001/04 APR - 2001/20 APR - 3 PM/04 SAMBODHAN.json (chars=1661, est_tokens=415, strategy=single-pass)
2026-07-09 08:03:38,192 | INFO | enrich_content_tags | Dagshai 2001/04 APR - 2001/20 APR - 3 PM/04 SAMBODHAN.json: tagged in 3.1s (event_type=satsang, lang=hindi, topics=['bhakti', 'meditation', 'devotion', 'spiritual-peace', 'gratitude'])
2026-07-09 08:03:38,193 | INFO | enrich_content_tags | tagging Dagshai 2001/04 APR - 2001/20 APR - 630 PM/01 MEDITATION.json (chars=3226, est_tokens=806, strategy=single-pass)
2026-07-09 08:03:40,842 | INFO | enrich_content_tags | Dagshai 2001/04 APR - 2001/20 APR - 630 PM/01 MEDITATION.json: tagged in 2.6s (event_type=meditation, lang=hindi, topics=['meditation', 'self-awareness', 'inner-light', 'darkness', 'consciousness'])
2026-07-09 08:03:40,843 | INFO | enrich_content_tags | tagging Dagshai 2001/04 APR - 2001/20 APR - 630 PM/02 OM GURUVE NAMAH.json (chars=595, est_tokens=148, strategy=single-pass)
2026-07-09 08:03:43,039 | INFO | enrich_content_tags | Dagshai 2001/04 APR - 2001/20 APR - 630 PM/02 OM GURUVE NAMAH.json: tagged in 2.2s (event_type=bhajan, lang=hindi, topics=['guru-bhakti', 'nam-smaran', 'devotional-singing'])
2026-07-09 08:03:43,040 | INFO | enrich_content_tags | tagging Dagshai 2001/04 APR - 2001/20 APR - 630 PM/03 MEHRAM DILA DE MAHI.json (chars=32457, est_tokens=8114, strategy=single-pass)
2026-07-09 08:04:02,536 | ERROR | enrich_content_tags | Dagshai 2001/04 APR - 2001/20 APR - 630 PM/03 MEHRAM DILA DE MAHI.json: tagging failed (json decode failed: Expecting value: line 5 column 4001 (char 4143)) — dead-letter dead_letter/tag_failures/Dagshai_2001_04_APR_-_2001_20_APR_-_630_PM_03_MEHRAM_DILA_DE_MAHI.json.86d46611f9f3.txt
2026-07-09 08:04:02,536 | ERROR | enrich_content_tags | [154/9168] Dagshai 2001/04 APR - 2001/20 APR - 630 PM/03 MEHRAM DILA DE MAHI.json: json decode failed: Expecting value: line 5 column 4001 (char 4143)
2026-07-09 08:04:02,537 | INFO | enrich_content_tags | tagging Dagshai 2001/04 APR - 2001/20 APR - 630 PM/04 SAMBODHAN - RISHI JI.json (chars=515, est_tokens=128, strategy=single-pass)
2026-07-09 08:04:06,198 | INFO | enrich_content_tags | Dagshai 2001/04 APR - 2001/20 APR - 630 PM/04 SAMBODHAN - RISHI JI.json: tagged in 3.7s (event_type=bhajan, lang=hindi, topics=['bhajan', 'morning-practice', 'devotion', 'satsang-schedule'])
2026-07-09 08:04:06,199 | INFO | enrich_content_tags | tagging Dagshai 2001/04 APR - 2001/21 APR - 1230 PM/01 MEDITATION (WITHOUT MUSIC).json (chars=238, est_tokens=59, strategy=single-pass)
2026-07-09 08:04:08,493 | INFO | enrich_content_tags | Dagshai 2001/04 APR - 2001/21 APR - 1230 PM/01 MEDITATION (WITHOUT MUSIC).json: tagged in 2.3s (event_type=bhajan, lang=hindi, topics=['meditation', 'guru-devotion', 'chanting'])
2026-07-09 08:04:08,494 | INFO | enrich_content_tags | tagging Dagshai 2001/04 APR - 2001/21 APR - 1230 PM/02 SAMBODHAN.json (chars=744, est_tokens=186, strategy=single-pass)
2026-07-09 08:04:10,836 | INFO | enrich_content_tags | Dagshai 2001/04 APR - 2001/21 APR - 1230 PM/02 SAMBODHAN.json: tagged in 2.4s (event_type=bhajan, lang=hindi, topics=['bhajan', 'meditation', 'devotion', 'spiritual-sound', 'inner-peace'])
2026-07-09 08:04:10,837 | INFO | enrich_content_tags | tagging Dagshai 2001/04 APR - 2001/21 APR - 1230 PM/03 OM GURUVE NAMAH.json (chars=626, est_tokens=156, strategy=single-pass)
2026-07-09 08:04:13,041 | INFO | enrich_content_tags | Dagshai 2001/04 APR - 2001/21 APR - 1230 PM/03 OM GURUVE NAMAH.json: tagged in 2.2s (event_type=bhajan, lang=hindi, topics=['om-guruve-namah', 'chanting', 'devotion', 'invocation'])
2026-07-09 08:04:13,042 | INFO | enrich_content_tags | tagging Dagshai 2001/04 APR - 2001/21 APR - 1230 PM/04 SAMBODHAN.json (chars=353, est_tokens=88, strategy=single-pass)
2026-07-09 08:04:15,387 | INFO | enrich_content_tags | Dagshai 2001/04 APR - 2001/21 APR - 1230 PM/04 SAMBODHAN.json: tagged in 2.3s (event_type=meditation, lang=hindi, topics=['meditation', 'om-aumkar', 'silence', 'spiritual-ecstasy', 'sitting-schedule'])
2026-07-09 08:04:15,388 | INFO | enrich_content_tags | tagging Dagshai 2001/04 APR - 2001/21 APR - 545 PM/01 MEDITATION.json (chars=4504, est_tokens=1126, strategy=single-pass)
2026-07-09 08:04:19,511 | INFO | enrich_content_tags | Dagshai 2001/04 APR - 2001/21 APR - 545 PM/01 MEDITATION.json: tagged in 4.1s (event_type=meditation, lang=hindi, topics=['meditation-practice', 'self-awareness', 'detachment', 'inner-knowledge', 'stillness'])
2026-07-09 08:04:19,512 | INFO | enrich_content_tags | tagging Dagshai 2001/04 APR - 2001/21 APR - 545 PM/02 OM GURUVE NAMAH.json (chars=17896, est_tokens=4474, strategy=single-pass)
2026-07-09 08:04:25,974 | INFO | enrich_content_tags | Dagshai 2001/04 APR - 2001/21 APR - 545 PM/02 OM GURUVE NAMAH.json: tagged in 6.4s (event_type=discourse, lang=mixed, topics=['self-realization', 'self-knowledge', 'simplicity', 'attachment', 'spiritual-life'])
2026-07-09 08:04:25,975 | INFO | enrich_content_tags | tagging Dagshai 2001/04 APR - 2001/21 APR - 545 PM/03 TERI AAKHON MEIN HUMNE KYA DEKHA.json (chars=7775, est_tokens=1943, strategy=single-pass)
2026-07-09 08:04:29,774 | INFO | enrich_content_tags | Dagshai 2001/04 APR - 2001/21 APR - 545 PM/03 TERI AAKHON MEIN HUMNE KYA DEKHA.json: tagged in 3.8s (event_type=bhajan, lang=hindi, topics=['bhakti', 'self-realization', 'divine-love', 'guru-grace', 'meditation'])
2026-07-09 08:04:29,775 | INFO | enrich_content_tags | tagging Dagshai 2001/04 APR - 2001/21 APR - 545 PM/04 SAMBODHAN - SWAMI JI & RISHI JI.json (chars=2242, est_tokens=560, strategy=single-pass)
2026-07-09 08:04:33,809 | INFO | enrich_content_tags | Dagshai 2001/04 APR - 2001/21 APR - 545 PM/04 SAMBODHAN - SWAMI JI & RISHI JI.json: tagged in 4.0s (event_type=bhajan, lang=hindi, topics=['bhajan', 'meditation', 'sangha-schedule', 'spiritual-vibrations', 'travel-plans'])
2026-07-09 08:04:33,810 | INFO | enrich_content_tags | tagging Dagshai 2001/04 APR - 2001/22 APR - 330 PM/01 MEDITATION.json (chars=5830, est_tokens=1457, strategy=single-pass)
2026-07-09 08:04:37,890 | INFO | enrich_content_tags | Dagshai 2001/04 APR - 2001/22 APR - 330 PM/01 MEDITATION.json: tagged in 4.1s (event_type=meditation, lang=hindi, topics=['meditation', 'self-awareness', 'mind-control', 'enlightenment', 'divine-love'])
2026-07-09 08:04:37,891 | INFO | enrich_content_tags | tagging Dagshai 2001/04 APR - 2001/22 APR - 330 PM/02 PRAVACHAN.json (chars=12200, est_tokens=3050, strategy=single-pass)
2026-07-09 08:04:43,267 | INFO | enrich_content_tags | Dagshai 2001/04 APR - 2001/22 APR - 330 PM/02 PRAVACHAN.json: tagged in 5.4s (event_type=discourse, lang=hindi, topics=['meditation', 'self-realization', 'compassion', 'inner-wealth', 'divine-love'])
2026-07-09 08:04:43,268 | INFO | enrich_content_tags | tagging Dagshai 2001/04 APR - 2001/22 APR - 330 PM/03 DIL MEIN AB DARD-E-MOHBATT.json (chars=8112, est_tokens=2028, strategy=single-pass)
2026-07-09 08:04:46,968 | INFO | enrich_content_tags | Dagshai 2001/04 APR - 2001/22 APR - 330 PM/03 DIL MEIN AB DARD-E-MOHBATT.json: tagged in 3.7s (event_type=bhajan, lang=hindi, topics=['bhajan', 'devotion', 'self-surrender', 'ignorance', 'social-service'])
2026-07-09 08:04:46,970 | INFO | enrich_content_tags | tagging Dagshai 2001/04 APR - 2001/22 APR - 330 PM/04 TERI RAHMATO NE HUMKO.json (chars=3579, est_tokens=894, strategy=single-pass)
2026-07-09 08:04:50,116 | INFO | enrich_content_tags | Dagshai 2001/04 APR - 2001/22 APR - 330 PM/04 TERI RAHMATO NE HUMKO.json: tagged in 3.1s (event_type=bhajan, lang=hindi, topics=['bhakti', 'divine-protection', 'gratitude', 'devotion', 'salvation'])
2026-07-09 08:04:50,118 | INFO | enrich_content_tags | tagging Dagshai 2001/04 APR - 2001/22 APR - 530 AM/01 MEDITATION (MORNING).json (chars=4021, est_tokens=1005, strategy=single-pass)
2026-07-09 08:04:53,110 | INFO | enrich_content_tags | Dagshai 2001/04 APR - 2001/22 APR - 530 AM/01 MEDITATION (MORNING).json: tagged in 3.0s (event_type=bhajan, lang=hindi, topics=['meditation', 'self-inquiry', 'awareness', 'devotion', 'inner-witness'])
2026-07-09 08:04:53,112 | INFO | enrich_content_tags | tagging Dagshai 2001/04 APR - 2001/22 APR - 530 AM/02 OM GURUVE NAMAH.json (chars=641, est_tokens=160, strategy=single-pass)
2026-07-09 08:04:55,387 | INFO | enrich_content_tags | Dagshai 2001/04 APR - 2001/22 APR - 530 AM/02 OM GURUVE NAMAH.json: tagged in 2.3s (event_type=bhajan, lang=hindi, topics=['guru-bhakti', ' Invocation', 'chanting', 'divine-prayer'])
2026-07-09 08:04:55,388 | INFO | enrich_content_tags | tagging Dagshai 2001/04 APR - 2001/22 APR - 530 AM/03 MUJHE GURUVAR YAHI VAR DO (INCOMPLETE).json (chars=14533, est_tokens=3633, strategy=single-pass)
2026-07-09 08:05:02,927 | INFO | enrich_content_tags | Dagshai 2001/04 APR - 2001/22 APR - 530 AM/03 MUJHE GURUVAR YAHI VAR DO (INCOMPLETE).json: tagged in 7.6s (event_type=bhajan, lang=hindi, topics=['self-inquiry', 'bhakti', 'self-realization', 'surrender', 'purpose-of-life'])
2026-07-09 08:05:02,929 | INFO | enrich_content_tags | tagging Dagshai 2001/04 APR - 2001/22 APR - 530 AM/04 TERI RAHMATO NE HUM KO.json (chars=5898, est_tokens=1474, strategy=single-pass)
2026-07-09 08:05:57,648 | INFO | enrich_content_tags | Dagshai 2001/04 APR - 2001/22 APR - 530 AM/04 TERI RAHMATO NE HUM KO.json: tagged in 2.9s (event_type=bhajan, lang=hindi, topics=['bhakti', 'gratitude', 'devotion', 'salvation', 'surrender'])
2026-07-09 08:05:57,649 | INFO | enrich_content_tags | tagging Dagshai 2001/04 APR - 2001/23 APR - 330 PM/01 SANSAR KE JEVON SE.json (chars=8666, est_tokens=2166, strategy=single-pass)
2026-07-09 08:05:09,810 | INFO | enrich_content_tags | Dagshai 2001/04 APR - 2001/23 APR - 330 PM/01 SANSAR KE JEVON SE.json: tagged in 4.0s (event_type=bhajan, lang=hindi, topics=['expectations', 'gratitude', 'samsara', 'self-inquiry', 'devotion'])
2026-07-09 08:05:09,811 | INFO | enrich_content_tags | tagging Dagshai 2001/04 APR - 2001/23 APR - 330 PM/02 AA TUJHE MEIN GUNGUNA.json (chars=6460, est_tokens=1615, strategy=single-pass)
2026-07-09 08:05:13,451 | INFO | enrich_content_tags | Dagshai 2001/04 APR - 2001/23 APR - 330 PM/02 AA TUJHE MEIN GUNGUNA.json: tagged in 3.7s (event_type=bhajan, lang=hindi, topics=['bhajan', 'self-inquiry', 'inner-divinity', 'ego-transcendence', 'gratitude'])
2026-07-09 08:05:13,452 | INFO | enrich_content_tags | tagging Dagshai 2001/04 APR - 2001/23 APR - 330 PM/03 OM GURUVE NAMAH.json (chars=1019, est_tokens=254, strategy=single-pass)
2026-07-09 08:05:16,039 | INFO | enrich_content_tags | Dagshai 2001/04 APR - 2001/23 APR - 330 PM/03 OM GURUVE NAMAH.json: tagged in 2.6s (event_type=bhajan, lang=hindi, topics=['devotional-songs', 'mantra-recitation', 'guru-devotion'])
2026-07-09 08:05:16,040 | INFO | enrich_content_tags | tagging Dagshai 2001/04 APR - 2001/23 APR - 7 PM/01 MEDITATION.json (chars=2110, est_tokens=527, strategy=single-pass)
2026-07-09 08:06:10,831 | INFO | enrich_content_tags | Dagshai 2001/04 APR - 2001/23 APR - 7 PM/01 MEDITATION.json: tagged in 3.0s (event_type=meditation, lang=mixed, topics=['self-awareness', 'mind-control', 'compassion', 'third-person-view', 'true-nature'])
2026-07-09 08:06:10,833 | INFO | enrich_content_tags | tagging Dagshai 2001/04 APR - 2001/23 APR - 7 PM/02 OM GURUVE NAMAH.json (chars=1161, est_tokens=290, strategy=single-pass)
2026-07-09 08:05:21,392 | INFO | enrich_content_tags | Dagshai 2001/04 APR - 2001/23 APR - 7 PM/02 OM GURUVE NAMAH.json: tagged in 2.4s (event_type=bhajan, lang=hindi, topics=['guru-bhakti', 'om-chanting', 'spiritual-longing', 'devotion'])
2026-07-09 08:05:21,393 | INFO | enrich_content_tags | tagging Dagshai 2001/04 APR - 2001/23 APR - 7 PM/03 MEIN PYASA TERE DARSHAN KA.json (chars=15774, est_tokens=3943, strategy=single-pass)
2026-07-09 08:05:26,638 | INFO | enrich_content_tags | Dagshai 2001/04 APR - 2001/23 APR - 7 PM/03 MEIN PYASA TERE DARSHAN KA.json: tagged in 5.3s (event_type=bhajan, lang=hindi, topics=['bhajan', 'devotion', 'suffering', 'self-inquiry', 'compassion'])
2026-07-09 08:05:26,639 | INFO | enrich_content_tags | tagging Dagshai 2001/04 APR - 2001/23 APR - 7 PM/04 PAL PAL MEIN BHAJAN KAR.json (chars=1468, est_tokens=367, strategy=single-pass)
2026-07-09 08:05:28,944 | INFO | enrich_content_tags | Dagshai 2001/04 APR - 2001/23 APR - 7 PM/04 PAL PAL MEIN BHAJAN KAR.json: tagged in 2.3s (event_type=bhajan, lang=hindi, topics=['devotion', 'mindfulness', 'impermanence', 'spiritual-opportunity', 'meditation'])
2026-07-09 08:05:28,946 | INFO | enrich_content_tags | tagging Dagshai 2001/04 APR - 2001/23 APR - 7 PM/05 SAMBODHAN - RISHI JI.json (chars=532, est_tokens=133, strategy=single-pass)
2026-07-09 08:05:31,775 | INFO | enrich_content_tags | Dagshai 2001/04 APR - 2001/23 APR - 7 PM/05 SAMBODHAN - RISHI JI.json: tagged in 2.8s (event_type=bhajan, lang=hindi, topics=['morning-practice', 'personal-sadhana', 'devotion', 'satsang'])
2026-07-09 08:05:31,775 | INFO | enrich_content_tags | tagging Dagshai 2001/04 APR - 2001/24 APR - 715 PM/01 MEDITATION.json (chars=789, est_tokens=197, strategy=single-pass)
2026-07-09 08:05:34,232 | INFO | enrich_content_tags | Dagshai 2001/04 APR - 2001/24 APR - 715 PM/01 MEDITATION.json: tagged in 2.5s (event_type=meditation, lang=hindi, topics=['meditation-practice', 'self-awareness', 'spiritual-discipline', 'mindfulness', 'devotion'])
2026-07-09 08:05:34,235 | INFO | enrich_content_tags | tagging Dagshai 2001/04 APR - 2001/28 APR - 745 PM/01 SAMBODHAN (ABOUT SUNDARUM).json (chars=2469, est_tokens=617, strategy=single-pass)
2026-07-09 08:05:37,630 | INFO | enrich_content_tags | Dagshai 2001/04 APR - 2001/28 APR - 745 PM/01 SAMBODHAN (ABOUT SUNDARUM).json: tagged in 3.4s (event_type=bhajan, lang=hindi, topics=['immigration', 'divorce', 'parenting', 'life-lessons', 'spiritual-testing'])
2026-07-09 08:05:37,631 | INFO | enrich_content_tags | tagging Dagshai 2001/04 APR - 2001/28 APR - 745 PM/02 OM GURUVE NAMAH.json (chars=2310, est_tokens=577, strategy=single-pass)
2026-07-09 08:05:41,197 | INFO | enrich_content_tags | Dagshai 2001/04 APR - 2001/28 APR - 745 PM/02 OM GURUVE NAMAH.json: tagged in 3.6s (event_type=discourse, lang=hindi, topics=['child-protection', 'faith-in-god', 'spiritual-strength', 'prayer-for-return', 'overcoming-fear'])
2026-07-09 08:05:41,198 | INFO | enrich_content_tags | tagging Dagshai 2001/04 APR - 2001/29 APR - 7 PM/01 MEDITATION.json (chars=4599, est_tokens=1149, strategy=single-pass)
2026-07-09 08:05:44,524 | INFO | enrich_content_tags | Dagshai 2001/04 APR - 2001/29 APR - 7 PM/01 MEDITATION.json: tagged in 3.3s (event_type=meditation, lang=hindi, topics=['meditation', 'self-inquiry', 'witness-consciousness', 'mind-control', 'spiritual-practice'])
2026-07-09 08:05:44,525 | INFO | enrich_content_tags | tagging Dagshai 2001/04 APR - 2001/29 APR - 7 PM/02 KAHAN JA RAHAN HAIN.json (chars=21144, est_tokens=5286, strategy=single-pass)
2026-07-09 08:05:52,206 | INFO | enrich_content_tags | Dagshai 2001/04 APR - 2001/29 APR - 7 PM/02 KAHAN JA RAHAN HAIN.json: tagged in 7.7s (event_type=bhajan, lang=hindi, topics=['self-inquiry', 'inner-science', 'meditation', 'satsang', 'life-purpose'])
2026-07-09 08:05:52,207 | INFO | enrich_content_tags | tagging Dagshai 2001/04 APR - 2001/29 APR - 7 PM/03 OM GURUVE NAMAH.json (chars=832, est_tokens=208, strategy=single-pass)
2026-07-09 08:05:54,506 | INFO | enrich_content_tags | Dagshai 2001/04 APR - 2001/29 APR - 7 PM/03 OM GURUVE NAMAH.json: tagged in 2.3s (event_type=bhajan, lang=sanskrit, topics=['guru-bhakti', 'chanting', 'divine-praise'])
2026-07-09 08:05:54,507 | INFO | enrich_content_tags | tagging Dagshai 2001/04 APR - 2001/29 APR - 7 PM/04 SAMBODHAN - RISHI JI.json (chars=534, est_tokens=133, strategy=single-pass)
2026-07-09 08:05:57,683 | INFO | enrich_content_tags | Dagshai 2001/04 APR - 2001/29 APR - 7 PM/04 SAMBODHAN - RISHI JI.json: tagged in 3.2s (event_type=bhajan, lang=mixed, topics=['meditation', 'evening-prayer', 'spiritual-vibration', 'guru-devotion', 'satsang'])
2026-07-09 08:05:57,684 | INFO | enrich_content_tags | tagging Dagshai 2001/04 APR - 2001/30 APR - 7 PM/01 OM GURUVE NAMAH.json (chars=820, est_tokens=205, strategy=single-pass)
2026-07-09 08:05:59,698 | INFO | enrich_content_tags | Dagshai 2001/04 APR - 2001/30 APR - 7 PM/01 OM GURUVE NAMAH.json: tagged in 2.0s (event_type=bhajan, lang=hindi, topics=['guru-bhakti', 'nam-smaran', 'devotional-singing'])
2026-07-09 08:05:59,699 | INFO | enrich_content_tags | tagging Dagshai 2001/04 APR - 2001/30 APR - 7 PM/02 IS YOGYA HUM KAHAN.json (chars=28468, est_tokens=7117, strategy=single-pass)
2026-07-09 08:06:10,188 | INFO | enrich_content_tags | Dagshai 2001/04 APR - 2001/30 APR - 7 PM/02 IS YOGYA HUM KAHAN.json: tagged in 10.5s (event_type=bhajan, lang=hindi, topics=['bhakti-yoga', 'self-surrender', 'meditation', 'service', 'inner-search'])
2026-07-09 08:06:10,189 | INFO | enrich_content_tags | tagging Dagshai 2001/04 APR - 2001/4 APR - 7 PM/01 MERA VAJOOD KAHAN AUR MAIN KAHAN HOTA.json (chars=7429, est_tokens=1857, strategy=single-pass)
2026-07-09 08:06:13,934 | INFO | enrich_content_tags | Dagshai 2001/04 APR - 2001/4 APR - 7 PM/01 MERA VAJOOD KAHAN AUR MAIN KAHAN HOTA.json: tagged in 3.8s (event_type=bhajan, lang=hindi, topics=['self-inquiry', 'divine-love', 'ego-dissolution', 'family-struggle', 'gratitude'])
2026-07-09 08:06:13,935 | INFO | enrich_content_tags | tagging Dagshai 2001/04 APR - 2001/4 APR - 7 PM/02 SAMBODHAN.json (chars=2262, est_tokens=565, strategy=single-pass)
2026-07-09 08:06:17,132 | INFO | enrich_content_tags | Dagshai 2001/04 APR - 2001/4 APR - 7 PM/02 SAMBODHAN.json: tagged in 3.2s (event_type=discourse, lang=hindi, topics=['spiritual-struggle', 'devotion', 'service', 'truth-path', 'meditation'])
2026-07-09 08:06:17,134 | INFO | enrich_content_tags | tagging Dagshai 2001/04 APR - 2001/4 APR - 7 PM/03 HARI BIN KAUN HARE DUKH MERO (INCOMPLETE).json (chars=3265, est_tokens=816, strategy=single-pass)
2026-07-09 08:06:20,007 | INFO | enrich_content_tags | Dagshai 2001/04 APR - 2001/4 APR - 7 PM/03 HARI BIN KAUN HARE DUKH MERO (INCOMPLETE).json: tagged in 2.9s (event_type=bhajan, lang=hindi, topics=['bhakti', 'separation', 'devotion', 'surrender', 'spiritual-suffering'])
2026-07-09 08:06:20,008 | INFO | enrich_content_tags | tagging Dagshai 2001/04 APR - 2001/5 APR - 1130 AM/01 MEDITATION (WITHOUT MUSIC).json (chars=948, est_tokens=237, strategy=single-pass)
2026-07-09 08:06:22,773 | INFO | enrich_content_tags | Dagshai 2001/04 APR - 2001/5 APR - 1130 AM/01 MEDITATION (WITHOUT MUSIC).json: tagged in 2.7s (event_type=meditation, lang=hindi, topics=['meditation', 'self-observation', 'mind-control', 'darkness', 'awareness'])
2026-07-09 08:06:22,774 | INFO | enrich_content_tags | tagging Dagshai 2001/04 APR - 2001/5 APR - 1130 AM/02 OM GURUVE NAMAH.json (chars=456, est_tokens=114, strategy=single-pass)
2026-07-09 08:06:24,760 | INFO | enrich_content_tags | Dagshai 2001/04 APR - 2001/5 APR - 1130 AM/02 OM GURUVE NAMAH.json: tagged in 2.0s (event_type=bhajan, lang=sanskrit, topics=['devotion', 'chanting', 'guru-devotion'])
2026-07-09 08:06:24,762 | INFO | enrich_content_tags | tagging Dagshai 2001/04 APR - 2001/5 APR - 1130 AM/03 MERA VAJOOD KAHAN AUR MAIN KAHAN (INCOMPLETE).json (chars=2510, est_tokens=627, strategy=single-pass)
2026-07-09 08:06:28,054 | INFO | enrich_content_tags | Dagshai 2001/04 APR - 2001/5 APR - 1130 AM/03 MERA VAJOOD KAHAN AUR MAIN KAHAN (INCOMPLETE).json: tagged in 3.3s (event_type=bhajan, lang=hindi, topics=['self-existence', 'divine-presence', 'freedom', 'worldly-bondage', 'spiritual-liberation'])
2026-07-09 08:06:28,056 | INFO | enrich_content_tags | tagging Dagshai 2001/04 APR - 2001/5 APR - 330 PM/01 OM GURUVE NAMAH.json (chars=465, est_tokens=116, strategy=single-pass)
2026-07-09 08:06:29,961 | INFO | enrich_content_tags | Dagshai 2001/04 APR - 2001/5 APR - 330 PM/01 OM GURUVE NAMAH.json: tagged in 1.9s (event_type=bhajan, lang=sanskrit, topics=['guru-devotion', 'chanting', 'spiritual-surrender'])
2026-07-09 08:06:29,963 | INFO | enrich_content_tags | tagging Dagshai 2001/04 APR - 2001/5 APR - 330 PM/02 SAMBODHAN.json (chars=514, est_tokens=128, strategy=single-pass)
2026-07-09 08:06:32,345 | INFO | enrich_content_tags | Dagshai 2001/04 APR - 2001/5 APR - 330 PM/02 SAMBODHAN.json: tagged in 2.4s (event_type=bhajan, lang=hindi, topics=['sangita-mahidhara', 'bhajan', 'devotion', 'community-singing'])
2026-07-09 08:06:32,347 | INFO | enrich_content_tags | tagging Dagshai 2001/04 APR - 2001/5 APR - 330 PM/03 HE KHUDA KAR RAHA HAI TU.json (chars=14178, est_tokens=3544, strategy=single-pass)
2026-07-09 08:06:37,716 | INFO | enrich_content_tags | Dagshai 2001/04 APR - 2001/5 APR - 330 PM/03 HE KHUDA KAR RAHA HAI TU.json: tagged in 5.4s (event_type=bhajan, lang=hindi, topics=['bhakti', 'self-surrender', 'worldly-attachment', 'spiritual-freedom', 'gratitude'])
2026-07-09 08:06:37,717 | INFO | enrich_content_tags | tagging Dagshai 2001/04 APR - 2001/5 APR - 330 PM/04 SAMBODHAN.json (chars=413, est_tokens=103, strategy=single-pass)
2026-07-09 08:06:40,173 | INFO | enrich_content_tags | Dagshai 2001/04 APR - 2001/5 APR - 330 PM/04 SAMBODHAN.json: tagged in 2.5s (event_type=satsang, lang=hindi, topics=['sangit-mandir', 'daily-worship', 'community-gathering'])
2026-07-09 08:06:40,175 | INFO | enrich_content_tags | tagging Dagshai 2001/04 APR - 2001/5 APR - 7 PM/01 MEDITATION (WITHOUT MUSIC).json (chars=2706, est_tokens=676, strategy=single-pass)
2026-07-09 08:06:42,539 | INFO | enrich_content_tags | Dagshai 2001/04 APR - 2001/5 APR - 7 PM/01 MEDITATION (WITHOUT MUSIC).json: tagged in 2.4s (event_type=bhajan, lang=hindi, topics=['meditation', 'self-inquiry', 'mind-control', 'inner-peace', 'devotion'])
2026-07-09 08:06:42,540 | INFO | enrich_content_tags | tagging Dagshai 2001/04 APR - 2001/5 APR - 7 PM/02 DHYAN HARI KA.json (chars=7533, est_tokens=1883, strategy=single-pass)
2026-07-09 08:06:46,293 | INFO | enrich_content_tags | Dagshai 2001/04 APR - 2001/5 APR - 7 PM/02 DHYAN HARI KA.json: tagged in 3.7s (event_type=bhajan, lang=hindi, topics=['bhajan', 'devotion', 'self-inquiry', 'karma-yoga', 'human-life'])
2026-07-09 08:06:46,294 | INFO | enrich_content_tags | tagging Dagshai 2001/04 APR - 2001/5 APR - 7 PM/03 OM GURUVE NAMAH.json (chars=2491, est_tokens=622, strategy=single-pass)
2026-07-09 08:06:49,578 | INFO | enrich_content_tags | Dagshai 2001/04 APR - 2001/5 APR - 7 PM/03 OM GURUVE NAMAH.json: tagged in 3.3s (event_type=bhajan, lang=hindi, topics=['meditation', 'divine-consciousness', 'gratitude', 'spiritual-awakening', 'devotion'])
2026-07-09 08:06:49,579 | INFO | enrich_content_tags | tagging Dagshai 2001/04 APR - 2001/6 APR - 1130 AM/01 MEDITATION (WITHOUT MUSIC).json (chars=628, est_tokens=157, strategy=single-pass)
2026-07-09 08:06:52,177 | INFO | enrich_content_tags | Dagshai 2001/04 APR - 2001/6 APR - 1130 AM/01 MEDITATION (WITHOUT MUSIC).json: tagged in 2.6s (event_type=bhajan, lang=hindi, topics=['meditation', 'self-inquiry', 'inner-witness', 'bhajan', 'spiritual-practice'])
2026-07-09 08:06:52,178 | INFO | enrich_content_tags | tagging Dagshai 2001/04 APR - 2001/6 APR - 1130 AM/02 OM GURUVE NAMAH.json (chars=2567, est_tokens=641, strategy=single-pass)
2026-07-09 08:06:54,776 | INFO | enrich_content_tags | Dagshai 2001/04 APR - 2001/6 APR - 1130 AM/02 OM GURUVE NAMAH.json: tagged in 2.6s (event_type=bhajan, lang=sanskrit, topics=['chanting', 'devotion', 'guru-bhakti', 'om-chanting'])
2026-07-09 08:06:54,777 | INFO | enrich_content_tags | tagging Dagshai 2001/04 APR - 2001/6 APR - 1130 AM/03 SAMBODHAN.json (chars=422, est_tokens=105, strategy=single-pass)
2026-07-09 08:07:48,815 | INFO | enrich_content_tags | Dagshai 2001/04 APR - 2001/6 APR - 1130 AM/03 SAMBODHAN.json: tagged in 2.2s (event_type=qa, lang=hindi, topics=['meditation', 'service', 'spiritual-practice', 'problem-solving'])
2026-07-09 08:07:48,816 | INFO | enrich_content_tags | tagging Dagshai 2001/04 APR - 2001/6 APR - 1130 AM/04 HAI KAUN SI WOH SHAI TUJHSE.json (chars=5839, est_tokens=1459, strategy=single-pass)
2026-07-09 08:07:52,401 | INFO | enrich_content_tags | Dagshai 2001/04 APR - 2001/6 APR - 1130 AM/04 HAI KAUN SI WOH SHAI TUJHSE.json: tagged in 3.6s (event_type=bhajan, lang=hindi, topics=['bhajan', 'inner-realization', 'critique-formalism', 'true-happiness', 'spiritual-deception'])
2026-07-09 08:07:52,402 | INFO | enrich_content_tags | tagging Dagshai 2001/04 APR - 2001/6 APR - 1130 AM/05 SAMBODHAN.json (chars=4156, est_tokens=1039, strategy=single-pass)
2026-07-09 08:07:55,926 | INFO | enrich_content_tags | Dagshai 2001/04 APR - 2001/6 APR - 1130 AM/05 SAMBODHAN.json: tagged in 3.5s (event_type=discourse, lang=hindi, topics=['present-moment', 'devotion', 'happiness', 'forgiveness', 'spiritual-path'])
2026-07-09 08:07:55,927 | INFO | enrich_content_tags | tagging Dagshai 2001/04 APR - 2001/6 APR - 7 PM/01 MEDITATION (WITHOUT MUSIC).json (chars=3118, est_tokens=779, strategy=single-pass)
2026-07-09 08:07:59,677 | INFO | enrich_content_tags | Dagshai 2001/04 APR - 2001/6 APR - 7 PM/01 MEDITATION (WITHOUT MUSIC).json: tagged in 3.7s (event_type=meditation, lang=hindi, topics=['mind-watching', 'self-inquiry', 'yoga-practice', 'present-moment', 'transformation'])
2026-07-09 08:07:59,678 | INFO | enrich_content_tags | tagging Dagshai 2001/04 APR - 2001/6 APR - 7 PM/02 JAB KOI APNA AJNABI SA.json (chars=12351, est_tokens=3087, strategy=single-pass)
2026-07-09 08:07:12,763 | INFO | enrich_content_tags | Dagshai 2001/04 APR - 2001/6 APR - 7 PM/02 JAB KOI APNA AJNABI SA.json: tagged in 4.9s (event_type=bhajan, lang=hindi, topics=['bhajan', 'self-inquiry', 'present-moment', 'mind-control', 'devotion'])
2026-07-09 08:07:12,764 | INFO | enrich_content_tags | tagging Dagshai 2001/04 APR - 2001/6 APR - 7 PM/03 OM GURUVE NAMAH.json (chars=762, est_tokens=190, strategy=single-pass)
2026-07-09 08:07:15,112 | INFO | enrich_content_tags | Dagshai 2001/04 APR - 2001/6 APR - 7 PM/03 OM GURUVE NAMAH.json: tagged in 2.3s (event_type=bhajan, lang=mixed, topics=['devotion', 'chanting', 'gratitude', 'spiritual-practice'])
2026-07-09 08:07:15,113 | INFO | enrich_content_tags | tagging Dagshai 2001/04 APR - 2001/7 APR - 645 PM/01 MEDITATION (WITHOUT MUSIC).json (chars=967, est_tokens=241, strategy=single-pass)
2026-07-09 08:07:17,625 | INFO | enrich_content_tags | Dagshai 2001/04 APR - 2001/7 APR - 645 PM/01 MEDITATION (WITHOUT MUSIC).json: tagged in 2.5s (event_type=bhajan, lang=hindi, topics=['meditation', 'awareness', 'darkness', 'self-inquiry', 'chanting'])
2026-07-09 08:07:17,627 | INFO | enrich_content_tags | tagging Dagshai 2001/04 APR - 2001/7 APR - 645 PM/02 OM GURUVE NAMAH.json (chars=384, est_tokens=96, strategy=single-pass)
2026-07-09 08:07:19,922 | INFO | enrich_content_tags | Dagshai 2001/04 APR - 2001/7 APR - 645 PM/02 OM GURUVE NAMAH.json: tagged in 2.3s (event_type=bhajan, lang=hindi, topics=['devotional-songs', 'guru-devotion', 'invocation'])
2026-07-09 08:07:19,923 | INFO | enrich_content_tags | tagging Dagshai 2001/04 APR - 2001/7 APR - 645 PM/03 TERI MEHARBANI KA HAIN.json (chars=25975, est_tokens=6493, strategy=single-pass)
2026-07-09 08:07:27,318 | INFO | enrich_content_tags | Dagshai 2001/04 APR - 2001/7 APR - 645 PM/03 TERI MEHARBANI KA HAIN.json: tagged in 7.4s (event_type=bhajan, lang=hindi, topics=['bhajan', 'gratitude', 'divine-love', 'samskar', 'self-integration'])
2026-07-09 08:07:27,319 | INFO | enrich_content_tags | tagging Dagshai 2001/04 APR - 2001/7 APR - 645 PM/04 SAMBODHAN - RISHI JI.json (chars=554, est_tokens=138, strategy=single-pass)
2026-07-09 08:07:30,115 | INFO | enrich_content_tags | Dagshai 2001/04 APR - 2001/7 APR - 645 PM/04 SAMBODHAN - RISHI JI.json: tagged in 2.8s (event_type=bhajan, lang=hindi, topics=['bhajan', 'meditation', 'devotion', 'morning-practice'])
2026-07-09 08:07:30,116 | INFO | enrich_content_tags | tagging Dagshai 2001/04 APR - 2001/8 APR - 645 PM/01 MEDITATION (WITHOUT MUSIC).json (chars=562, est_tokens=140, strategy=single-pass)
2026-07-09 08:07:32,368 | INFO | enrich_content_tags | Dagshai 2001/04 APR - 2001/8 APR - 645 PM/01 MEDITATION (WITHOUT MUSIC).json: tagged in 2.3s (event_type=bhajan, lang=hindi, topics=['meditation', 'inner-observation', 'darkness', 'mind-expansion', 'chanting'])
2026-07-09 08:07:32,369 | INFO | enrich_content_tags | tagging Dagshai 2001/04 APR - 2001/8 APR - 645 PM/02 OM GURUVE NAMAH.json (chars=680, est_tokens=170, strategy=single-pass)
2026-07-09 08:07:34,639 | INFO | enrich_content_tags | Dagshai 2001/04 APR - 2001/8 APR - 645 PM/02 OM GURUVE NAMAH.json: tagged in 2.3s (event_type=bhajan, lang=hindi, topics=['guru-bhakti', 'mantra-japa', 'devotional-singing'])
2026-07-09 08:07:34,640 | INFO | enrich_content_tags | tagging Dagshai 2001/04 APR - 2001/8 APR - 645 PM/03 MUJHE HAIN TALASH TERI.json (chars=23553, est_tokens=5888, strategy=single-pass)
2026-07-09 08:07:52,406 | ERROR | enrich_content_tags | Dagshai 2001/04 APR - 2001/8 APR - 645 PM/03 MUJHE HAIN TALASH TERI.json: tagging failed (json decode failed: Unterminated string starting at: line 5 column 4796 (char 4929)) — dead-letter dead_letter/tag_failures/Dagshai_2001_04_APR_-_2001_8_APR_-_645_PM_03_MUJHE_HAIN_TALASH_TERI.json.3b308e9a96e5.txt
2026-07-09 08:07:52,407 | ERROR | enrich_content_tags | [216/9168] Dagshai 2001/04 APR - 2001/8 APR - 645 PM/03 MUJHE HAIN TALASH TERI.json: json decode failed: Unterminated string starting at: line 5 column 4796 (char 4929)
2026-07-09 08:07:52,407 | INFO | enrich_content_tags | tagging Dagshai 2001/04 APR - 2001/8 APR - 645 PM/04 SAMBODHAN.json (chars=325, est_tokens=81, strategy=single-pass)
2026-07-09 08:07:55,133 | INFO | enrich_content_tags | Dagshai 2001/04 APR - 2001/8 APR - 645 PM/04 SAMBODHAN.json: tagged in 2.7s (event_type=discourse, lang=hindi, topics=['schedule', 'gathering', 'morning-prayer'])
2026-07-09 08:07:55,134 | INFO | enrich_content_tags | tagging Dagshai 2001/04 APR - 2001/9 APR - 645 PM/01 MEDITATION (WITHOUT MUSIC).json (chars=3871, est_tokens=967, strategy=single-pass)
2026-07-09 08:07:58,644 | INFO | enrich_content_tags | Dagshai 2001/04 APR - 2001/9 APR - 645 PM/01 MEDITATION (WITHOUT MUSIC).json: tagged in 3.5s (event_type=meditation, lang=hindi, topics=['self-observation', 'inner-darkness', 'self-condemnation', 'spiritual-journey', 'mind-control'])
2026-07-09 08:07:58,645 | INFO | enrich_content_tags | tagging Dagshai 2001/04 APR - 2001/9 APR - 645 PM/02 TU NISHANE BENISHAN HAI.json (chars=8352, est_tokens=2088, strategy=single-pass)
2026-07-09 08:08:02,754 | INFO | enrich_content_tags | Dagshai 2001/04 APR - 2001/9 APR - 645 PM/02 TU NISHANE BENISHAN HAI.json: tagged in 4.1s (event_type=bhajan, lang=hindi, topics=['bhajan', 'devotion', 'self-inquiry', 'love-of-god', 'meditation'])
2026-07-09 08:08:02,755 | INFO | enrich_content_tags | tagging Dagshai 2001/04 APR - 2001/9 APR - 645 PM/03 DIL MEIN AB DARD-E-MOHABAT KE SIVA.json (chars=3492, est_tokens=873, strategy=single-pass)
2026-07-09 08:08:05,940 | INFO | enrich_content_tags | Dagshai 2001/04 APR - 2001/9 APR - 645 PM/03 DIL MEIN AB DARD-E-MOHABAT KE SIVA.json: tagged in 3.2s (event_type=bhajan, lang=hindi, topics=['divine-love', 'spiritual-strength', 'self-inquiry', 'devotion', 'inner-peace'])
2026-07-09 08:08:05,941 | INFO | enrich_content_tags | tagging Dagshai 2001/04 APR - 2001/9 APR - 645 PM/04 AAJ GURUJI MOHE APNA BANA LO.json (chars=1933, est_tokens=483, strategy=single-pass)
2026-07-09 08:08:08,768 | INFO | enrich_content_tags | Dagshai 2001/04 APR - 2001/9 APR - 645 PM/04 AAJ GURUJI MOHE APNA BANA LO.json: tagged in 2.8s (event_type=bhajan, lang=hindi, topics=['bhakti', 'self-surrender', 'spiritual-longing', 'detachment', 'divine-love'])
2026-07-09 08:08:08,769 | INFO | enrich_content_tags | tagging Dagshai 2001/05 MAY - 2001/10 MAY - 330 PM/01 MEDITATION (WITHOUT MUSIC).json (chars=364, est_tokens=91, strategy=single-pass)
2026-07-09 08:09:02,946 | INFO | enrich_content_tags | Dagshai 2001/05 MAY - 2001/10 MAY - 330 PM/01 MEDITATION (WITHOUT MUSIC).json: tagged in 2.4s (event_type=bhajan, lang=hindi, topics=['meditation', 'devotion', 'chanting'])
2026-07-09 08:09:02,947 | INFO | enrich_content_tags | tagging Dagshai 2001/05 MAY - 2001/10 MAY - 330 PM/02 OM GURUVE NAMAH (INCOMPLETE).json (chars=1260, est_tokens=315, strategy=single-pass)
2026-07-09 08:08:13,637 | INFO | enrich_content_tags | Dagshai 2001/05 MAY - 2001/10 MAY - 330 PM/02 OM GURUVE NAMAH (INCOMPLETE).json: tagged in 2.5s (event_type=bhajan, lang=hindi, topics=['bhajan', 'divine-love', 'unity', 'spiritual-songs'])
2026-07-09 08:08:13,638 | INFO | enrich_content_tags | tagging Dagshai 2001/05 MAY - 2001/10 MAY - 730 PM/01 MEDITATION.json (chars=1875, est_tokens=468, strategy=single-pass)
2026-07-09 08:08:16,402 | INFO | enrich_content_tags | Dagshai 2001/05 MAY - 2001/10 MAY - 730 PM/01 MEDITATION.json: tagged in 2.7s (event_type=meditation, lang=hindi, topics=['meditation', 'self-inquiry', 'inner-light', 'mind-control', 'divine-presence'])
2026-07-09 08:08:16,404 | INFO | enrich_content_tags | tagging Dagshai 2001/05 MAY - 2001/10 MAY - 730 PM/02 OM GURUVE NAMAH.json (chars=560, est_tokens=140, strategy=single-pass)
2026-07-09 08:08:18,521 | INFO | enrich_content_tags | Dagshai 2001/05 MAY - 2001/10 MAY - 730 PM/02 OM GURUVE NAMAH.json: tagged in 2.1s (event_type=bhajan, lang=sanskrit, topics=['devotion', 'chanting', 'guru-prasad', 'spiritual-sound'])
2026-07-09 08:08:18,522 | INFO | enrich_content_tags | tagging Dagshai 2001/05 MAY - 2001/10 MAY - 730 PM/03 CHIRAG-E-ISHQ JALANE KI (INCOMPLTE).json (chars=12042, est_tokens=3010, strategy=single-pass)
2026-07-09 08:08:23,476 | INFO | enrich_content_tags | Dagshai 2001/05 MAY - 2001/10 MAY - 730 PM/03 CHIRAG-E-ISHQ JALANE KI (INCOMPLTE).json: tagged in 5.0s (event_type=bhajan, lang=hindi, topics=['bhakti', 'self-inquiry', 'divine-love', 'opportunity', 'surrender'])
2026-07-09 08:08:23,478 | INFO | enrich_content_tags | tagging Dagshai 2001/05 MAY - 2001/11 MAY - 12 PM/01 JANE KITNA JEEVAN.json (chars=14510, est_tokens=3627, strategy=single-pass)
2026-07-09 08:08:28,176 | INFO | enrich_content_tags | Dagshai 2001/05 MAY - 2001/11 MAY - 12 PM/01 JANE KITNA JEEVAN.json: tagged in 4.7s (event_type=bhajan, lang=hindi, topics=['life-transience', 'suffering', 'divine-love', 'worldly-illusion', 'self-inquiry'])
2026-07-09 08:08:28,177 | INFO | enrich_content_tags | tagging Dagshai 2001/05 MAY - 2001/11 MAY - 12 PM/02 OM GURUVE NAMAH.json (chars=896, est_tokens=224, strategy=single-pass)
2026-07-09 08:08:30,481 | INFO | enrich_content_tags | Dagshai 2001/05 MAY - 2001/11 MAY - 12 PM/02 OM GURUVE NAMAH.json: tagged in 2.3s (event_type=bhajan, lang=hindi, topics=['guru-bhakti', 'chanting', 'om-chanting', 'spiritual-devotion'])
2026-07-09 08:08:30,482 | INFO | enrich_content_tags | tagging Dagshai 2001/05 MAY - 2001/11 MAY - 12 PM/03 SAMBODHAN.json (chars=625, est_tokens=156, strategy=single-pass)
2026-07-09 08:08:33,206 | INFO | enrich_content_tags | Dagshai 2001/05 MAY - 2001/11 MAY - 12 PM/03 SAMBODHAN.json: tagged in 2.7s (event_type=bhajan, lang=hindi, topics=['bhajan', 'seva', 'meditation', 'discipline', 'daily-routine'])
2026-07-09 08:08:33,207 | INFO | enrich_content_tags | tagging Dagshai 2001/05 MAY - 2001/11 MAY - 730 PM/01 MEDITATION.json (chars=2575, est_tokens=643, strategy=single-pass)
2026-07-09 08:08:36,843 | INFO | enrich_content_tags | Dagshai 2001/05 MAY - 2001/11 MAY - 730 PM/01 MEDITATION.json: tagged in 3.6s (event_type=meditation, lang=hindi, topics=['meditation-practice', 'self-awareness', 'mindfulness', 'surrender', 'present-moment'])
2026-07-09 08:08:36,844 | INFO | enrich_content_tags | tagging Dagshai 2001/05 MAY - 2001/11 MAY - 730 PM/02 OM GURUVE NAMAH.json (chars=1939, est_tokens=484, strategy=single-pass)
2026-07-09 08:08:39,764 | INFO | enrich_content_tags | Dagshai 2001/05 MAY - 2001/11 MAY - 730 PM/02 OM GURUVE NAMAH.json: tagged in 2.9s (event_type=bhajan, lang=hindi, topics=['guru-bhakti', 'meditation', 'devotion', 'spiritual-songs'])
2026-07-09 08:08:39,765 | INFO | enrich_content_tags | tagging Dagshai 2001/05 MAY - 2001/11 MAY - 730 PM/03 SAMBODHAN.json (chars=3403, est_tokens=850, strategy=single-pass)
2026-07-09 08:08:42,811 | INFO | enrich_content_tags | Dagshai 2001/05 MAY - 2001/11 MAY - 730 PM/03 SAMBODHAN.json: tagged in 3.0s (event_type=meditation, lang=hindi, topics=['meditation', 'simplicity', 'self-inquiry', 'devotion', 'ego'])
2026-07-09 08:08:42,812 | INFO | enrich_content_tags | tagging Dagshai 2001/05 MAY - 2001/11 MAY - 730 PM/04 TU AGAR BE NAQUAB HO.json (chars=3066, est_tokens=766, strategy=single-pass)
2026-07-09 08:08:45,522 | INFO | enrich_content_tags | Dagshai 2001/05 MAY - 2001/11 MAY - 730 PM/04 TU AGAR BE NAQUAB HO.json: tagged in 2.7s (event_type=bhajan, lang=hindi, topics=['bhajan', 'devotion', 'self-realization', 'sincerity', 'spiritual-awakening'])
2026-07-09 08:08:45,523 | INFO | enrich_content_tags | tagging Dagshai 2001/05 MAY - 2001/12 MAY - 715 PM/01 MEDITATION.json (chars=813, est_tokens=203, strategy=single-pass)
2026-07-09 08:08:48,063 | INFO | enrich_content_tags | Dagshai 2001/05 MAY - 2001/12 MAY - 715 PM/01 MEDITATION.json: tagged in 2.6s (event_type=meditation, lang=hindi, topics=['meditation', 'self-awareness', 'inner-light', 'mind-control', 'devotion'])
2026-07-09 08:08:48,064 | INFO | enrich_content_tags | tagging Dagshai 2001/05 MAY - 2001/12 MAY - 715 PM/02 OM GURUVE NAMAH.json (chars=751, est_tokens=187, strategy=single-pass)
2026-07-09 08:08:50,064 | INFO | enrich_content_tags | Dagshai 2001/05 MAY - 2001/12 MAY - 715 PM/02 OM GURUVE NAMAH.json: tagged in 2.0s (event_type=bhajan, lang=sanskrit, topics=['guru-bhakti', 'chanting', 'devotion'])
2026-07-09 08:08:50,065 | INFO | enrich_content_tags | tagging Dagshai 2001/05 MAY - 2001/12 MAY - 715 PM/03 DAATA TERE CHARNO KI.json (chars=24296, est_tokens=6074, strategy=single-pass)
2026-07-09 08:08:56,331 | INFO | enrich_content_tags | Dagshai 2001/05 MAY - 2001/12 MAY - 715 PM/03 DAATA TERE CHARNO KI.json: tagged in 6.3s (event_type=bhajan, lang=hindi, topics=['bhakti', 'self-surrender', 'love-of-god', 'logic-vs-feeling', 'transformation'])
2026-07-09 08:08:56,332 | INFO | enrich_content_tags | tagging Dagshai 2001/05 MAY - 2001/1 MAY - 4 PM/01 BHEETAR KA RAAG JAGAO.json (chars=4603, est_tokens=1150, strategy=single-pass)
2026-07-09 08:09:00,355 | INFO | enrich_content_tags | Dagshai 2001/05 MAY - 2001/1 MAY - 4 PM/01 BHEETAR KA RAAG JAGAO.json: tagged in 4.0s (event_type=bhajan, lang=hindi, topics=['inner-light', 'ego-death', 'meditation', 'self-inquiry', 'spiritual-awakening'])
2026-07-09 08:09:00,356 | INFO | enrich_content_tags | tagging Dagshai 2001/05 MAY - 2001/1 MAY - 4 PM/02 OM GURUVE NAMAH.json (chars=1260, est_tokens=315, strategy=single-pass)
2026-07-09 08:09:03,302 | INFO | enrich_content_tags | Dagshai 2001/05 MAY - 2001/1 MAY - 4 PM/02 OM GURUVE NAMAH.json: tagged in 3.0s (event_type=bhajan, lang=hindi, topics=['guru-bhakti', 'om-chanting', 'spiritual-awakening', 'divine-light', 'mortality-immortality'])
2026-07-09 08:09:03,303 | INFO | enrich_content_tags | tagging Dagshai 2001/05 MAY - 2001/1 MAY - 4 PM/03 SAMBODHAN.json (chars=203, est_tokens=50, strategy=single-pass)
2026-07-09 08:09:05,640 | INFO | enrich_content_tags | Dagshai 2001/05 MAY - 2001/1 MAY - 4 PM/03 SAMBODHAN.json: tagged in 2.3s (event_type=bhajan, lang=hindi, topics=['chanting', 'divine-presence', 'spiritual-practice'])
2026-07-09 08:09:05,641 | INFO | enrich_content_tags | tagging Dagshai 2001/05 MAY - 2001/21 MAY - 7 PM/01 OM GURUVE NAMAH.json (chars=669, est_tokens=167, strategy=single-pass)
2026-07-09 08:09:07,786 | INFO | enrich_content_tags | Dagshai 2001/05 MAY - 2001/21 MAY - 7 PM/01 OM GURUVE NAMAH.json: tagged in 2.1s (event_type=bhajan, lang=sanskrit, topics=['guru-bhakti', 'chanting', 'devotion'])
2026-07-09 08:09:07,787 | INFO | enrich_content_tags | tagging Dagshai 2001/05 MAY - 2001/21 MAY - 7 PM/02 HUM TO HAMARI MASTI MEIN.json (chars=16817, est_tokens=4204, strategy=single-pass)
2026-07-09 08:09:13,961 | INFO | enrich_content_tags | Dagshai 2001/05 MAY - 2001/21 MAY - 7 PM/02 HUM TO HAMARI MASTI MEIN.json: tagged in 6.2s (event_type=bhajan, lang=hindi, topics=['bhajan', 'meditation', 'self-inquiry', 'guilt', 'stream-of-consciousness'])
2026-07-09 08:09:13,963 | INFO | enrich_content_tags | tagging Dagshai 2001/05 MAY - 2001/21 MAY - 7 PM/03 JE KAR PRABHU MILAN DA.json (chars=4582, est_tokens=1145, strategy=single-pass)
2026-07-09 08:09:17,125 | INFO | enrich_content_tags | Dagshai 2001/05 MAY - 2001/21 MAY - 7 PM/03 JE KAR PRABHU MILAN DA.json: tagged in 3.2s (event_type=bhajan, lang=hindi, topics=['devotion', 'self-surrender', 'service', 'community-harmony', 'ego-dissolution'])
2026-07-09 08:09:17,126 | INFO | enrich_content_tags | tagging Dagshai 2001/05 MAY - 2001/22 MAY - 630 PM/01 MEDITATION (WITHOUT MUSIC).json (chars=2156, est_tokens=539, strategy=single-pass)
2026-07-09 08:09:20,323 | INFO | enrich_content_tags | Dagshai 2001/05 MAY - 2001/22 MAY - 630 PM/01 MEDITATION (WITHOUT MUSIC).json: tagged in 3.2s (event_type=meditation, lang=hindi, topics=['self-inquiry', 'inner-seeing', 'mind-control', 'divine-love', 'darkness-transcendence'])
2026-07-09 08:09:20,324 | INFO | enrich_content_tags | tagging Dagshai 2001/05 MAY - 2001/22 MAY - 630 PM/02 DHYAN HARI KA.json (chars=7422, est_tokens=1855, strategy=single-pass)
2026-07-09 08:09:24,783 | INFO | enrich_content_tags | Dagshai 2001/05 MAY - 2001/22 MAY - 630 PM/02 DHYAN HARI KA.json: tagged in 4.4s (event_type=bhajan, lang=hindi, topics=['bhakti', 'mind-control', 'self-inquiry', 'samsara', 'gratitude'])
2026-07-09 08:09:24,784 | INFO | enrich_content_tags | tagging Dagshai 2001/05 MAY - 2001/22 MAY - 630 PM/03 PRAVACHAN.json (chars=7545, est_tokens=1886, strategy=single-pass)
2026-07-09 08:09:29,256 | INFO | enrich_content_tags | Dagshai 2001/05 MAY - 2001/22 MAY - 630 PM/03 PRAVACHAN.json: tagged in 4.5s (event_type=discourse, lang=hindi, topics=['self-awareness', 'mind-control', 'spiritual-light', 'ignorance', 'dharma'])
2026-07-09 08:09:29,257 | INFO | enrich_content_tags | tagging Dagshai 2001/05 MAY - 2001/22 MAY - 630 PM/04 OM GURUVE NAMAH.json (chars=1233, est_tokens=308, strategy=single-pass)
2026-07-09 08:09:31,778 | INFO | enrich_content_tags | Dagshai 2001/05 MAY - 2001/22 MAY - 630 PM/04 OM GURUVE NAMAH.json: tagged in 2.5s (event_type=bhajan, lang=hindi, topics=['devotional-songs', 'chanting', 'spiritual-practice'])
2026-07-09 08:09:31,780 | INFO | enrich_content_tags | tagging Dagshai 2001/05 MAY - 2001/23 MAY - 7 PM/01 MEDITATION.json (chars=3266, est_tokens=816, strategy=single-pass)
2026-07-09 08:09:34,794 | INFO | enrich_content_tags | Dagshai 2001/05 MAY - 2001/23 MAY - 7 PM/01 MEDITATION.json: tagged in 3.0s (event_type=meditation, lang=hindi, topics=['self-observation', 'mind-purification', 'witness-consciousness', 'inner-darkness', 'meditation-process'])
2026-07-09 08:09:34,795 | INFO | enrich_content_tags | tagging Dagshai 2001/05 MAY - 2001/23 MAY - 7 PM/02 OM GURUVE NAMAH.json (chars=783, est_tokens=195, strategy=single-pass)
2026-07-09 08:09:37,374 | INFO | enrich_content_tags | Dagshai 2001/05 MAY - 2001/23 MAY - 7 PM/02 OM GURUVE NAMAH.json: tagged in 2.6s (event_type=bhajan, lang=sanskrit, topics=['guru-bhakti', 'chanting', 'devotion'])
2026-07-09 08:09:37,376 | INFO | enrich_content_tags | tagging Dagshai 2001/05 MAY - 2001/23 MAY - 7 PM/03 HARI BINA KAUN HARE.json (chars=7308, est_tokens=1827, strategy=single-pass)
2026-07-09 08:10:33,233 | INFO | enrich_content_tags | Dagshai 2001/05 MAY - 2001/23 MAY - 7 PM/03 HARI BINA KAUN HARE.json: tagged in 4.2s (event_type=bhajan, lang=hindi, topics=['bhakti', 'self-surrender', 'ego-transformation', 'divine-love', 'spiritual-longing'])
2026-07-09 08:10:33,234 | INFO | enrich_content_tags | tagging Dagshai 2001/05 MAY - 2001/23 MAY - 7 PM/04 MO SAM KAUN KUTIL.json (chars=5751, est_tokens=1437, strategy=single-pass)
2026-07-09 08:09:44,934 | INFO | enrich_content_tags | Dagshai 2001/05 MAY - 2001/23 MAY - 7 PM/04 MO SAM KAUN KUTIL.json: tagged in 3.5s (event_type=bhajan, lang=hindi, topics=['bhakti', 'self-condemnation', 'divine-love', 'worldly-illusion', 'guru-grace'])
2026-07-09 08:09:44,935 | INFO | enrich_content_tags | tagging Dagshai 2001/05 MAY - 2001/23 MAY - 7 PM/05 AE RI MAIN TO PREM DEEWANI.json (chars=11053, est_tokens=2763, strategy=single-pass)
2026-07-09 08:09:49,090 | INFO | enrich_content_tags | Dagshai 2001/05 MAY - 2001/23 MAY - 7 PM/05 AE RI MAIN TO PREM DEEWANI.json: tagged in 4.2s (event_type=bhajan, lang=hindi, topics=['bhakti', 'prem-divani', 'miraji', 'self-realization', 'devotion'])
2026-07-09 08:09:49,091 | INFO | enrich_content_tags | tagging Dagshai 2001/05 MAY - 2001/23 MAY - 7 PM/06 SAMBODHAN - RISHI JI (INCOMPLETE).json (chars=360, est_tokens=90, strategy=single-pass)
2026-07-09 08:09:51,110 | INFO | enrich_content_tags | Dagshai 2001/05 MAY - 2001/23 MAY - 7 PM/06 SAMBODHAN - RISHI JI (INCOMPLETE).json: tagged in 2.0s (event_type=bhajan, lang=hindi, topics=['bhajan', 'devotion', 'meditation'])
2026-07-09 08:09:51,111 | INFO | enrich_content_tags | tagging Dagshai 2001/05 MAY - 2001/24 MAY - 7 PM/01 DHOONDTA FIRTA KAHAN HAIN.json (chars=930, est_tokens=232, strategy=single-pass)
2026-07-09 08:09:54,026 | INFO | enrich_content_tags | Dagshai 2001/05 MAY - 2001/24 MAY - 7 PM/01 DHOONDTA FIRTA KAHAN HAIN.json: tagged in 2.9s (event_type=bhajan, lang=hindi, topics=['bhajan', 'divine-presence', 'inner-temple', 'devotion', 'searching-for-god'])
2026-07-09 08:09:54,028 | INFO | enrich_content_tags | tagging Dagshai 2001/05 MAY - 2001/24 MAY - 7 PM/02 MEDITATION.json (chars=14027, est_tokens=3506, strategy=single-pass)
2026-07-09 08:10:00,242 | INFO | enrich_content_tags | Dagshai 2001/05 MAY - 2001/24 MAY - 7 PM/02 MEDITATION.json: tagged in 6.2s (event_type=meditation, lang=hindi, topics=['self-inquiry', 'mind-control', 'witness-consciousness', 'present-moment', 'thoughtlessness'])
2026-07-09 08:10:00,243 | INFO | enrich_content_tags | tagging Dagshai 2001/05 MAY - 2001/24 MAY - 7 PM/03 TERE DAR PE MERE GURUVAR.json (chars=3210, est_tokens=802, strategy=single-pass)
2026-07-09 08:10:03,516 | INFO | enrich_content_tags | Dagshai 2001/05 MAY - 2001/24 MAY - 7 PM/03 TERE DAR PE MERE GURUVAR.json: tagged in 3.3s (event_type=bhajan, lang=mixed, topics=['bhakti', 'devotion', 'self-inquiry', 'spiritual-life', 'promise-to-god'])
2026-07-09 08:10:03,517 | INFO | enrich_content_tags | tagging Dagshai 2001/05 MAY - 2001/24 MAY - 7 PM/04 OM GURUVE NAMAH.json (chars=2231, est_tokens=557, strategy=single-pass)
2026-07-09 08:10:06,647 | INFO | enrich_content_tags | Dagshai 2001/05 MAY - 2001/24 MAY - 7 PM/04 OM GURUVE NAMAH.json: tagged in 3.1s (event_type=bhajan, lang=mixed, topics=['self-realization', 'guru-grace', 'spiritual-wealth', 'bhakti', 'meditation'])
2026-07-09 08:10:06,648 | INFO | enrich_content_tags | tagging Dagshai 2001/05 MAY - 2001/24 MAY - 7 PM/05 SAMBODHAN.json (chars=1495, est_tokens=373, strategy=single-pass)
2026-07-09 08:10:09,405 | INFO | enrich_content_tags | Dagshai 2001/05 MAY - 2001/24 MAY - 7 PM/05 SAMBODHAN.json: tagged in 2.8s (event_type=satsang, lang=mixed, topics=['inner-light', 'honesty', 'will-power', 'spiritual-strength', 'meditation'])
2026-07-09 08:10:09,406 | INFO | enrich_content_tags | tagging Dagshai 2001/05 MAY - 2001/24 MAY - 7 PM/06 SAMBODHAN - RISHI JI.json (chars=790, est_tokens=197, strategy=single-pass)
2026-07-09 08:10:12,239 | INFO | enrich_content_tags | Dagshai 2001/05 MAY - 2001/24 MAY - 7 PM/06 SAMBODHAN - RISHI JI.json: tagged in 2.9s (event_type=bhajan, lang=hindi, topics=['meditation', 'bhajan', 'mental-health', 'spiritual-strength', 'gratitude'])
2026-07-09 08:10:12,241 | INFO | enrich_content_tags | tagging Dagshai 2001/05 MAY - 2001/2 MAY - 1130 AM/01 MUSIC.json (chars=319, est_tokens=79, strategy=single-pass)
2026-07-09 08:10:14,344 | INFO | enrich_content_tags | Dagshai 2001/05 MAY - 2001/2 MAY - 1130 AM/01 MUSIC.json: tagged in 2.1s (event_type=bhajan, lang=hindi, topics=['bhajan', 'devotion', 'chanting'])
2026-07-09 08:10:14,345 | INFO | enrich_content_tags | tagging Dagshai 2001/05 MAY - 2001/2 MAY - 7 PM/01 OM GURUVE NAMAH.json (chars=353, est_tokens=88, strategy=single-pass)
2026-07-09 08:10:16,645 | INFO | enrich_content_tags | Dagshai 2001/05 MAY - 2001/2 MAY - 7 PM/01 OM GURUVE NAMAH.json: tagged in 2.3s (event_type=bhajan, lang=sanskrit, topics=['guru-devotion', 'chanting', 'spiritual-surrender'])
2026-07-09 08:10:16,646 | INFO | enrich_content_tags | tagging Dagshai 2001/05 MAY - 2001/2 MAY - 7 PM/02 MUJHE HAIN TALASH TERI.json (chars=18781, est_tokens=4695, strategy=single-pass)
2026-07-09 08:10:22,617 | INFO | enrich_content_tags | Dagshai 2001/05 MAY - 2001/2 MAY - 7 PM/02 MUJHE HAIN TALASH TERI.json: tagged in 6.0s (event_type=bhajan, lang=hindi, topics=['bhakti', 'devotion', 'surrender', 'family-sacrifice', 'spiritual-love'])
2026-07-09 08:10:22,618 | INFO | enrich_content_tags | tagging Dagshai 2001/05 MAY - 2001/2 MAY - 7 PM/03 YEAH JAG SARAI MUSAFI KHANA.json (chars=7679, est_tokens=1919, strategy=single-pass)
2026-07-09 08:10:27,615 | INFO | enrich_content_tags | Dagshai 2001/05 MAY - 2001/2 MAY - 7 PM/03 YEAH JAG SARAI MUSAFI KHANA.json: tagged in 5.0s (event_type=bhajan, lang=hindi, topics=['worldly-illusion', 'divine-love', 'detachment', 'suffering', 'gratitude'])
2026-07-09 08:10:27,616 | INFO | enrich_content_tags | tagging Dagshai 2001/05 MAY - 2001/31 MAY - 7 PM/01 MEDITATION.json (chars=944, est_tokens=236, strategy=single-pass)
2026-07-09 08:10:30,536 | INFO | enrich_content_tags | Dagshai 2001/05 MAY - 2001/31 MAY - 7 PM/01 MEDITATION.json: tagged in 2.9s (event_type=meditation, lang=hindi, topics=['meditation', 'mindfulness', 'self-observation', 'stillness', 'chanting'])
2026-07-09 08:10:30,537 | INFO | enrich_content_tags | tagging Dagshai 2001/05 MAY - 2001/31 MAY - 7 PM/02 GAFLAT KI NEEND.json (chars=13669, est_tokens=3417, strategy=single-pass)
2026-07-09 08:10:36,884 | INFO | enrich_content_tags | Dagshai 2001/05 MAY - 2001/31 MAY - 7 PM/02 GAFLAT KI NEEND.json: tagged in 6.4s (event_type=bhajan, lang=hindi, topics=['self-awareness', 'mind-control', 'social-responsibility', 'detachment', 'meditation'])
2026-07-09 08:10:36,885 | INFO | enrich_content_tags | tagging Dagshai 2001/05 MAY - 2001/31 MAY - 7 PM/03 OM GURUVE NAMAH.json (chars=1467, est_tokens=366, strategy=single-pass)
2026-07-09 08:10:39,241 | INFO | enrich_content_tags | Dagshai 2001/05 MAY - 2001/31 MAY - 7 PM/03 OM GURUVE NAMAH.json: tagged in 2.4s (event_type=bhajan, lang=hindi, topics=['guru-bhakti', 'devotional-songs', 'spiritual-surrender'])
2026-07-09 08:10:39,242 | INFO | enrich_content_tags | tagging Dagshai 2001/05 MAY - 2001/31 MAY - 7 PM/04 SAMBODHAN.json (chars=790, est_tokens=197, strategy=single-pass)
2026-07-09 08:10:42,377 | INFO | enrich_content_tags | Dagshai 2001/05 MAY - 2001/31 MAY - 7 PM/04 SAMBODHAN.json: tagged in 3.1s (event_type=discourse, lang=hindi, topics=['present-moment', 'meditation', 'self-discipline', 'service', 'mindfulness'])
2026-07-09 08:10:42,379 | INFO | enrich_content_tags | tagging Dagshai 2001/05 MAY - 2001/4 MAY - 12 PM/01 OM GURUVE NAMAH.json (chars=1074, est_tokens=268, strategy=single-pass)
2026-07-09 08:10:44,751 | INFO | enrich_content_tags | Dagshai 2001/05 MAY - 2001/4 MAY - 12 PM/01 OM GURUVE NAMAH.json: tagged in 2.4s (event_type=bhajan, lang=hindi, topics=['guru-bhakti', 'divine-grace', 'spiritual-sound'])
2026-07-09 08:10:44,753 | INFO | enrich_content_tags | tagging Dagshai 2001/05 MAY - 2001/4 MAY - 12 PM/02 DEKHO PUJARI AYA.json (chars=6768, est_tokens=1692, strategy=single-pass)
2026-07-09 08:10:47,778 | INFO | enrich_content_tags | Dagshai 2001/05 MAY - 2001/4 MAY - 12 PM/02 DEKHO PUJARI AYA.json: tagged in 3.1s (event_type=bhajan, lang=hindi, topics=['bhajan', 'prem', 'bhay', 'andhera-prakash', 'pap'])
2026-07-09 08:10:47,779 | INFO | enrich_content_tags | tagging Dagshai 2001/05 MAY - 2001/4 MAY - 630 PM/01 MEDITATION.json (chars=3965, est_tokens=991, strategy=single-pass)
2026-07-09 08:10:51,106 | INFO | enrich_content_tags | Dagshai 2001/05 MAY - 2001/4 MAY - 630 PM/01 MEDITATION.json: tagged in 3.3s (event_type=meditation, lang=hindi, topics=['meditation', 'self-awareness', 'mind-control', 'inner-peace', 'devotion'])
2026-07-09 08:10:51,107 | INFO | enrich_content_tags | tagging Dagshai 2001/05 MAY - 2001/4 MAY - 630 PM/02 OM GURUVE NAMAH.json (chars=733, est_tokens=183, strategy=single-pass)
2026-07-09 08:10:53,162 | INFO | enrich_content_tags | Dagshai 2001/05 MAY - 2001/4 MAY - 630 PM/02 OM GURUVE NAMAH.json: tagged in 2.0s (event_type=bhajan, lang=hindi, topics=['om-chanting', 'guru-devotion', 'spiritual-invocation'])
2026-07-09 08:10:53,164 | INFO | enrich_content_tags | tagging Dagshai 2001/05 MAY - 2001/4 MAY - 630 PM/03 TU NISHANE BENISHAN HAIN(INCOMPLETE).json (chars=19816, est_tokens=4954, strategy=single-pass)
2026-07-09 08:11:10,258 | ERROR | enrich_content_tags | Dagshai 2001/05 MAY - 2001/4 MAY - 630 PM/03 TU NISHANE BENISHAN HAIN(INCOMPLETE).json: tagging failed (json decode failed: Unterminated string starting at: line 5 column 4501 (char 4637)) — dead-letter dead_letter/tag_failures/Dagshai_2001_05_MAY_-_2001_4_MAY_-_630_PM_03_TU_NISHANE_BENISHAN_HAIN_INCOMPLETE_.json.8ea1c9b7c649.txt
2026-07-09 08:11:10,258 | ERROR | enrich_content_tags | [271/9168] Dagshai 2001/05 MAY - 2001/4 MAY - 630 PM/03 TU NISHANE BENISHAN HAIN(INCOMPLETE).json: json decode failed: Unterminated string starting at: line 5 column 4501 (char 4637)
2026-07-09 08:11:10,259 | INFO | enrich_content_tags | tagging Dagshai 2001/05 MAY - 2001/5 MAY - 7 PM/01 MEDITATION.json (chars=1980, est_tokens=495, strategy=single-pass)
2026-07-09 08:11:13,843 | INFO | enrich_content_tags | Dagshai 2001/05 MAY - 2001/5 MAY - 7 PM/01 MEDITATION.json: tagged in 3.6s (event_type=meditation, lang=hindi, topics=['self-observation', 'witness-consciousness', 'meditation-practice', 'fear-of-consciousness', 'spiritual-path'])
2026-07-09 08:11:13,844 | INFO | enrich_content_tags | tagging Dagshai 2001/05 MAY - 2001/5 MAY - 7 PM/02 OM GURUVE NAMAH.json (chars=516, est_tokens=129, strategy=single-pass)
2026-07-09 08:11:15,900 | INFO | enrich_content_tags | Dagshai 2001/05 MAY - 2001/5 MAY - 7 PM/02 OM GURUVE NAMAH.json: tagged in 2.1s (event_type=bhajan, lang=sanskrit, topics=['guru-devotion', 'chanting', 'om-mantra'])
2026-07-09 08:11:15,901 | INFO | enrich_content_tags | tagging Dagshai 2001/05 MAY - 2001/5 MAY - 7 PM/03 HEY MERE MURSHID MERI HASRAT.json (chars=10711, est_tokens=2677, strategy=single-pass)
2026-07-09 08:11:20,040 | INFO | enrich_content_tags | Dagshai 2001/05 MAY - 2001/5 MAY - 7 PM/03 HEY MERE MURSHID MERI HASRAT.json: tagged in 4.1s (event_type=bhajan, lang=hindi, topics=['bhakti', 'devotion', 'self-surrender', 'spiritual-longing', 'discipleship'])
2026-07-09 08:11:20,041 | INFO | enrich_content_tags | tagging Dagshai 2001/05 MAY - 2001/5 MAY - 7 PM/04 DE MAST FAKIRI WAHA.json (chars=6979, est_tokens=1744, strategy=single-pass)
2026-07-09 08:11:23,601 | INFO | enrich_content_tags | Dagshai 2001/05 MAY - 2001/5 MAY - 7 PM/04 DE MAST FAKIRI WAHA.json: tagged in 3.6s (event_type=bhajan, lang=hindi, topics=['bhajan', 'satsang', 'selfless-service', 'compassion', 'spiritual-leadership'])
2026-07-09 08:11:23,603 | INFO | enrich_content_tags | tagging Dagshai 2001/05 MAY - 2001/5 MAY - 7 PM/05 HEY MERE MURSHID MERI HASRAT.json (chars=3593, est_tokens=898, strategy=single-pass)
2026-07-09 08:11:26,779 | INFO | enrich_content_tags | Dagshai 2001/05 MAY - 2001/5 MAY - 7 PM/05 HEY MERE MURSHID MERI HASRAT.json: tagged in 3.1s (event_type=bhajan, lang=hindi, topics=['bhajan', 'devotion', 'self-inquiry', 'spiritual-transformation', 'love-of-god'])
2026-07-09 08:11:26,780 | INFO | enrich_content_tags | tagging Dagshai 2001/05 MAY - 2001/5 MAY - 7 PM/Second Recording/01 OM GURUVE NAMAH.json (chars=388, est_tokens=97, strategy=single-pass)
2026-07-09 08:11:28,614 | INFO | enrich_content_tags | Dagshai 2001/05 MAY - 2001/5 MAY - 7 PM/Second Recording/01 OM GURUVE NAMAH.json: tagged in 1.8s (event_type=bhajan, lang=sanskrit, topics=['guru-devotion', 'chanting', 'invocation'])
2026-07-09 08:11:28,615 | INFO | enrich_content_tags | tagging Dagshai 2001/05 MAY - 2001/5 MAY - 7 PM/Second Recording/02 HEY MERE MURSHID MERI HASRAT.json (chars=11287, est_tokens=2821, strategy=single-pass)
2026-07-09 08:11:32,859 | INFO | enrich_content_tags | Dagshai 2001/05 MAY - 2001/5 MAY - 7 PM/Second Recording/02 HEY MERE MURSHID MERI HASRAT.json: tagged in 4.3s (event_type=bhajan, lang=hindi, topics=['bhakti', 'devotion', 'self-surrender', 'spiritual-longing', 'guru-disciple'])
2026-07-09 08:11:32,860 | INFO | enrich_content_tags | tagging Dagshai 2001/05 MAY - 2001/5 MAY - 7 PM/Second Recording/03 DE MAST FAQIRI.json (chars=7496, est_tokens=1874, strategy=single-pass)
2026-07-09 08:11:36,338 | INFO | enrich_content_tags | Dagshai 2001/05 MAY - 2001/5 MAY - 7 PM/Second Recording/03 DE MAST FAQIRI.json: tagged in 3.5s (event_type=bhajan, lang=hindi, topics=['mursheed', 'compassion', 'self-sacrifice', 'spiritual-guidance', 'freedom'])
2026-07-09 08:11:36,340 | INFO | enrich_content_tags | tagging Dagshai 2001/05 MAY - 2001/5 MAY - 7 PM/Second Recording/04 HEY MERE MURSHID MERI HASRAT.json (chars=3822, est_tokens=955, strategy=single-pass)
2026-07-09 08:11:39,858 | INFO | enrich_content_tags | Dagshai 2001/05 MAY - 2001/5 MAY - 7 PM/Second Recording/04 HEY MERE MURSHID MERI HASRAT.json: tagged in 3.5s (event_type=bhajan, lang=hindi, topics=['bhajan', 'self-inquiry', 'humility', 'divine-love', 'spiritual-transformation'])
2026-07-09 08:11:39,859 | INFO | enrich_content_tags | tagging Dagshai 2001/05 MAY - 2001/6 MAY - 330 PM/01 MEDITATION.json (chars=2299, est_tokens=574, strategy=single-pass)
2026-07-09 08:11:43,017 | INFO | enrich_content_tags | Dagshai 2001/05 MAY - 2001/6 MAY - 330 PM/01 MEDITATION.json: tagged in 3.2s (event_type=meditation, lang=mixed, topics=['self-observation', 'mind-watching', 'inner-peace', 'detachment', 'awareness'])
2026-07-09 08:11:43,018 | INFO | enrich_content_tags | tagging Dagshai 2001/05 MAY - 2001/6 MAY - 330 PM/02 GURUDEV MERE GURUDEV MERE.json (chars=15545, est_tokens=3886, strategy=single-pass)
2026-07-09 08:11:49,913 | INFO | enrich_content_tags | Dagshai 2001/05 MAY - 2001/6 MAY - 330 PM/02 GURUDEV MERE GURUDEV MERE.json: tagged in 6.9s (event_type=bhajan, lang=hindi, topics=['guru-devotion', 'self-inquiry', 'bhakti-path', 'life-purpose', 'spiritual-search'])
2026-07-09 08:11:49,914 | INFO | enrich_content_tags | tagging Dagshai 2001/05 MAY - 2001/6 MAY - 330 PM/03 DIL MEIN AB DARD-E-MOHABBAT.json (chars=2081, est_tokens=520, strategy=single-pass)
2026-07-09 08:11:52,762 | INFO | enrich_content_tags | Dagshai 2001/05 MAY - 2001/6 MAY - 330 PM/03 DIL MEIN AB DARD-E-MOHABBAT.json: tagged in 2.8s (event_type=bhajan, lang=hindi, topics=['bhajan', 'devotion', 'motherhood', 'gratitude', 'surrender'])
2026-07-09 08:11:52,764 | INFO | enrich_content_tags | tagging Dagshai 2001/05 MAY - 2001/6 MAY - 330 PM/04 GURUDEV MERE GURUDEV MERE.json (chars=532, est_tokens=133, strategy=single-pass)
2026-07-09 08:11:54,846 | INFO | enrich_content_tags | Dagshai 2001/05 MAY - 2001/6 MAY - 330 PM/04 GURUDEV MERE GURUDEV MERE.json: tagged in 2.1s (event_type=bhajan, lang=hindi, topics=['bhajan', 'devotion', 'surrender', 'divine-mercy'])
2026-07-09 08:11:54,847 | INFO | enrich_content_tags | tagging Dagshai 2001/05 MAY - 2001/6 MAY - 330 PM/05 SAMBODHAN.json (chars=1414, est_tokens=353, strategy=single-pass)
2026-07-09 08:11:58,221 | INFO | enrich_content_tags | Dagshai 2001/05 MAY - 2001/6 MAY - 330 PM/05 SAMBODHAN.json: tagged in 3.4s (event_type=discourse, lang=mixed, topics=['self-realization', 'spiritual-thirst', 'scriptures', 'duty', 'guru-granth-sahib'])
2026-07-09 08:11:58,222 | INFO | enrich_content_tags | tagging Dagshai 2001/05 MAY - 2001/6 MAY - 330 PM/06 OM GURUVE NAMAH.json (chars=1068, est_tokens=267, strategy=single-pass)
2026-07-09 08:12:00,508 | INFO | enrich_content_tags | Dagshai 2001/05 MAY - 2001/6 MAY - 330 PM/06 OM GURUVE NAMAH.json: tagged in 2.3s (event_type=bhajan, lang=hindi, topics=['devotional-songs', 'guru-devotion', 'chanting', 'spiritual-practice'])
2026-07-09 08:12:00,509 | INFO | enrich_content_tags | tagging Dagshai 2001/05 MAY - 2001/6 MAY - 330 PM/07 SAMBODHAN.json (chars=247, est_tokens=61, strategy=single-pass)
2026-07-09 08:12:02,504 | INFO | enrich_content_tags | Dagshai 2001/05 MAY - 2001/6 MAY - 330 PM/07 SAMBODHAN.json: tagged in 2.0s (event_type=satsang, lang=hindi, topics=['satsang', 'spiritual-music', 'devotion'])
2026-07-09 08:12:02,505 | INFO | enrich_content_tags | tagging Dagshai 2001/05 MAY - 2001/6 MAY - 330 PM/08 SAMBODHAN - RISHI JI.json (chars=504, est_tokens=126, strategy=single-pass)
2026-07-09 08:12:04,977 | INFO | enrich_content_tags | Dagshai 2001/05 MAY - 2001/6 MAY - 330 PM/08 SAMBODHAN - RISHI JI.json: tagged in 2.5s (event_type=bhajan, lang=hindi, topics=['bhajan', 'meditation', 'brahmacharya', 'spiritual-discipline'])
2026-07-09 08:12:04,978 | INFO | enrich_content_tags | tagging Dagshai 2001/05 MAY - 2001/6 MAY - 330 PM/Second Recording/01 MEDITATION.json (chars=2054, est_tokens=513, strategy=single-pass)
2026-07-09 08:12:08,162 | INFO | enrich_content_tags | Dagshai 2001/05 MAY - 2001/6 MAY - 330 PM/Second Recording/01 MEDITATION.json: tagged in 3.2s (event_type=meditation, lang=hindi, topics=['self-observation', 'mind-watching', 'detachment', 'inner-light', 'meditation-process'])
2026-07-09 08:12:08,163 | INFO | enrich_content_tags | tagging Dagshai 2001/05 MAY - 2001/6 MAY - 330 PM/Second Recording/02 GURUDEV MERE.json (chars=15252, est_tokens=3813, strategy=single-pass)
2026-07-09 08:12:14,419 | INFO | enrich_content_tags | Dagshai 2001/05 MAY - 2001/6 MAY - 330 PM/Second Recording/02 GURUDEV MERE.json: tagged in 6.3s (event_type=bhajan, lang=hindi, topics=['self-inquiry', 'guru-devotion', 'bhakti', 'childhood-devotion', 'spiritual-search'])
2026-07-09 08:12:14,421 | INFO | enrich_content_tags | tagging Dagshai 2001/05 MAY - 2001/6 MAY - 330 PM/Second Recording/03 DIL MEIN AB DARDEY.json (chars=2223, est_tokens=555, strategy=single-pass)
2026-07-09 08:12:17,347 | INFO | enrich_content_tags | Dagshai 2001/05 MAY - 2001/6 MAY - 330 PM/Second Recording/03 DIL MEIN AB DARDEY.json: tagged in 2.9s (event_type=bhajan, lang=hindi, topics=['bhajan', 'devotion', 'motherhood', 'self-surrender', 'spiritual-awakening'])
2026-07-09 08:12:17,348 | INFO | enrich_content_tags | tagging Dagshai 2001/05 MAY - 2001/6 MAY - 330 PM/Second Recording/04 GURUDEV MERE.json (chars=489, est_tokens=122, strategy=single-pass)
2026-07-09 08:12:19,605 | INFO | enrich_content_tags | Dagshai 2001/05 MAY - 2001/6 MAY - 330 PM/Second Recording/04 GURUDEV MERE.json: tagged in 2.3s (event_type=bhajan, lang=hindi, topics=['bhakti', 'divine-love', 'surrender', 'guru-devotion'])
2026-07-09 08:12:19,606 | INFO | enrich_content_tags | tagging Dagshai 2001/05 MAY - 2001/6 MAY - 330 PM/Second Recording/05 PRAVACHAN.json (chars=1383, est_tokens=345, strategy=single-pass)
2026-07-09 08:12:22,935 | INFO | enrich_content_tags | Dagshai 2001/05 MAY - 2001/6 MAY - 330 PM/Second Recording/05 PRAVACHAN.json: tagged in 3.3s (event_type=discourse, lang=hindi, topics=['self-realization', 'vedic-sacredness', 'spiritual-thirst', 'scriptural-study', 'duty-of-life'])
2026-07-09 08:12:22,936 | INFO | enrich_content_tags | tagging Dagshai 2001/05 MAY - 2001/6 MAY - 330 PM/Second Recording/06 OM GURUVE NAMAH.json (chars=1029, est_tokens=257, strategy=single-pass)
2026-07-09 08:12:25,310 | INFO | enrich_content_tags | Dagshai 2001/05 MAY - 2001/6 MAY - 330 PM/Second Recording/06 OM GURUVE NAMAH.json: tagged in 2.4s (event_type=bhajan, lang=hindi, topics=['om-chanting', 'guru-devotion', 'spiritual-invocation'])
2026-07-09 08:12:25,311 | INFO | enrich_content_tags | tagging Dagshai 2001/05 MAY - 2001/6 MAY - 330 PM/Second Recording/07 SAMBODHAN.json (chars=606, est_tokens=151, strategy=single-pass)
2026-07-09 08:12:27,951 | INFO | enrich_content_tags | Dagshai 2001/05 MAY - 2001/6 MAY - 330 PM/Second Recording/07 SAMBODHAN.json: tagged in 2.6s (event_type=satsang, lang=hindi, topics=['satsang', 'bhakti', 'meditation', 'gratitude'])
2026-07-09 08:12:27,952 | INFO | enrich_content_tags | tagging Dagshai 2001/05 MAY - 2001/6 MAY - 7 PM/01 MEDITATION.json (chars=2906, est_tokens=726, strategy=single-pass)
2026-07-09 08:12:30,748 | INFO | enrich_content_tags | Dagshai 2001/05 MAY - 2001/6 MAY - 7 PM/01 MEDITATION.json: tagged in 2.8s (event_type=meditation, lang=hindi, topics=['meditation', 'self-inquiry', 'mindfulness', 'present-moment', 'witnessing'])
2026-07-09 08:12:30,749 | INFO | enrich_content_tags | tagging Dagshai 2001/05 MAY - 2001/6 MAY - 7 PM/02 OM GURUVE NAMAH.json (chars=617, est_tokens=154, strategy=single-pass)
2026-07-09 08:12:32,814 | INFO | enrich_content_tags | Dagshai 2001/05 MAY - 2001/6 MAY - 7 PM/02 OM GURUVE NAMAH.json: tagged in 2.1s (event_type=bhajan, lang=sanskrit, topics=['guru-devotion', 'chanting', 'spiritual-practice'])
2026-07-09 08:12:32,815 | INFO | enrich_content_tags | tagging Dagshai 2001/05 MAY - 2001/6 MAY - 7 PM/03 MEHRAM DIL DE MAHI.json (chars=37031, est_tokens=9257, strategy=single-pass)
2026-07-09 08:12:44,337 | INFO | enrich_content_tags | Dagshai 2001/05 MAY - 2001/6 MAY - 7 PM/03 MEHRAM DIL DE MAHI.json: tagged in 11.6s (event_type=bhajan, lang=hindi, topics=['self-inquiry', 'devotion', 'life-purpose', 'discipleship', 'inner-light'])
2026-07-09 08:12:44,338 | INFO | enrich_content_tags | tagging Dagshai 2001/05 MAY - 2001/6 MAY - 7 PM/04 SAMBODHAN - RISHI JI.json (chars=476, est_tokens=119, strategy=single-pass)
2026-07-09 08:12:47,324 | INFO | enrich_content_tags | Dagshai 2001/05 MAY - 2001/6 MAY - 7 PM/04 SAMBODHAN - RISHI JI.json: tagged in 3.0s (event_type=bhajan, lang=hindi, topics=['sambodhan', 'evening-worship', 'meditation', 'sangit', 'devotion'])
2026-07-09 08:12:47,325 | INFO | enrich_content_tags | tagging Dagshai 2001/05 MAY - 2001/7 MAY - 1130 AM/01 MEDITATION.json (chars=3501, est_tokens=875, strategy=single-pass)
2026-07-09 08:12:50,183 | INFO | enrich_content_tags | Dagshai 2001/05 MAY - 2001/7 MAY - 1130 AM/01 MEDITATION.json: tagged in 2.9s (event_type=meditation, lang=hindi, topics=['third-eye', 'thoughtlessness', 'self-realization', 'meditation-technique', 'divine-presence'])
2026-07-09 08:12:50,185 | INFO | enrich_content_tags | tagging Dagshai 2001/05 MAY - 2001/7 MAY - 1130 AM/02 GAFLAT KI NEEND MEIN.json (chars=20900, est_tokens=5225, strategy=single-pass)
2026-07-09 08:12:56,552 | INFO | enrich_content_tags | Dagshai 2001/05 MAY - 2001/7 MAY - 1130 AM/02 GAFLAT KI NEEND MEIN.json: tagged in 6.3s (event_type=bhajan, lang=hindi, topics=['life-purpose', 'self-realization', 'duty', 'ego-transcendence', 'spiritual-awakening'])
2026-07-09 08:12:56,553 | INFO | enrich_content_tags | tagging Dagshai 2001/05 MAY - 2001/7 MAY - 1130 AM/03 OM GURUVE NAMAH.json (chars=3085, est_tokens=771, strategy=single-pass)
2026-07-09 08:13:00,182 | INFO | enrich_content_tags | Dagshai 2001/05 MAY - 2001/7 MAY - 1130 AM/03 OM GURUVE NAMAH.json: tagged in 3.6s (event_type=satsang, lang=hindi, topics=['self-inquiry', 'ego-awareness', 'duty', 'guru-devotion', 'knowledge'])
2026-07-09 08:13:00,183 | INFO | enrich_content_tags | tagging Dagshai 2001/05 MAY - 2001/7 MAY - 1130 AM/04 KIS CHEEZ KI KAMI HAIN.json (chars=1389, est_tokens=347, strategy=single-pass)
2026-07-09 08:13:02,844 | INFO | enrich_content_tags | Dagshai 2001/05 MAY - 2001/7 MAY - 1130 AM/04 KIS CHEEZ KI KAMI HAIN.json: tagged in 2.7s (event_type=bhajan, lang=hindi, topics=['bhakti', 'divine-love', 'spiritual-journey', 'grace-of-guru', 'inner-peace'])
2026-07-09 08:13:02,845 | INFO | enrich_content_tags | tagging Dagshai 2001/05 MAY - 2001/7 MAY - 1130 AM/05 SOJE GAM DE KE.json (chars=2073, est_tokens=518, strategy=single-pass)
2026-07-09 08:13:05,542 | INFO | enrich_content_tags | Dagshai 2001/05 MAY - 2001/7 MAY - 1130 AM/05 SOJE GAM DE KE.json: tagged in 2.7s (event_type=bhajan, lang=hindi, topics=['bhakti', 'divine-love', 'freedom', 'devotion', 'grace'])
2026-07-09 08:13:05,543 | INFO | enrich_content_tags | tagging Dagshai 2001/05 MAY - 2001/7 MAY - 1130 AM/06 SAMBODHAN.json (chars=2398, est_tokens=599, strategy=single-pass)
2026-07-09 08:13:08,529 | INFO | enrich_content_tags | Dagshai 2001/05 MAY - 2001/7 MAY - 1130 AM/06 SAMBODHAN.json: tagged in 3.0s (event_type=discourse, lang=hindi, topics=['food-for-body', 'food-for-mind', 'meditation', 'satsang', 'energy-management'])
2026-07-09 08:13:08,530 | INFO | enrich_content_tags | tagging Dagshai 2001/05 MAY - 2001/7 MAY - 1130 AM/Second Recording/01 MEDITATION.json (chars=3669, est_tokens=917, strategy=single-pass)
2026-07-09 08:13:11,526 | INFO | enrich_content_tags | Dagshai 2001/05 MAY - 2001/7 MAY - 1130 AM/Second Recording/01 MEDITATION.json: tagged in 3.0s (event_type=meditation, lang=mixed, topics=['self-inquiry', 'thoughtlessness', 'meditation', 'divine-presence', 'spiritual-practice'])
2026-07-09 08:13:11,528 | INFO | enrich_content_tags | tagging Dagshai 2001/05 MAY - 2001/7 MAY - 1130 AM/Second Recording/02 GAFLAT KI NEEND MEIN.json (chars=21842, est_tokens=5460, strategy=single-pass)
2026-07-09 08:13:20,051 | INFO | enrich_content_tags | Dagshai 2001/05 MAY - 2001/7 MAY - 1130 AM/Second Recording/02 GAFLAT KI NEEND MEIN.json: tagged in 8.5s (event_type=bhajan, lang=hindi, topics=['life-purpose', 'self-realization', 'karma-yoga', 'parenting', 'spiritual-awakening'])
2026-07-09 08:13:20,052 | INFO | enrich_content_tags | tagging Dagshai 2001/05 MAY - 2001/7 MAY - 1130 AM/Second Recording/03 OM GURUVE NAMAH.json (chars=6991, est_tokens=1747, strategy=single-pass)
2026-07-09 08:13:23,701 | INFO | enrich_content_tags | Dagshai 2001/05 MAY - 2001/7 MAY - 1130 AM/Second Recording/03 OM GURUVE NAMAH.json: tagged in 3.6s (event_type=bhajan, lang=hindi, topics=['self-inquiry', 'aham-ahankar', 'divine-devotion', 'dharma', 'guru-bhakti'])
2026-07-09 08:13:23,702 | INFO | enrich_content_tags | tagging Dagshai 2001/05 MAY - 2001/7 MAY - 1130 AM/Second Recording/04 KIS CHEEZ KI KAMI HAI.json (chars=1449, est_tokens=362, strategy=single-pass)
2026-07-09 08:13:26,395 | INFO | enrich_content_tags | Dagshai 2001/05 MAY - 2001/7 MAY - 1130 AM/Second Recording/04 KIS CHEEZ KI KAMI HAI.json: tagged in 2.7s (event_type=bhajan, lang=hindi, topics=['bhakti', 'gratitude', 'spiritual-discovery', 'divine-provision', 'inner-peace'])
2026-07-09 08:13:26,396 | INFO | enrich_content_tags | tagging Dagshai 2001/05 MAY - 2001/7 MAY - 1130 AM/Second Recording/05 SOZE GAM DE KE.json (chars=2196, est_tokens=549, strategy=single-pass)
2026-07-09 08:13:29,376 | INFO | enrich_content_tags | Dagshai 2001/05 MAY - 2001/7 MAY - 1130 AM/Second Recording/05 SOZE GAM DE KE.json: tagged in 3.0s (event_type=bhajan, lang=hindi, topics=['bhakti', 'divine-love', 'freedom', 'spiritual-awakening', 'grace'])
2026-07-09 08:13:29,377 | INFO | enrich_content_tags | tagging Dagshai 2001/05 MAY - 2001/7 MAY - 1130 AM/Second Recording/06 SAMBODHAN.json (chars=2566, est_tokens=641, strategy=single-pass)
2026-07-09 08:13:32,132 | INFO | enrich_content_tags | Dagshai 2001/05 MAY - 2001/7 MAY - 1130 AM/Second Recording/06 SAMBODHAN.json: tagged in 2.8s (event_type=discourse, lang=hindi, topics=['mind-nutrition', 'satsang', 'meditation', 'energy-management', 'spiritual-life'])
2026-07-09 08:13:32,133 | INFO | enrich_content_tags | tagging Dagshai 2001/05 MAY - 2001/7 MAY - 630 PM/01 MEDITATION.json (chars=4662, est_tokens=1165, strategy=single-pass)
2026-07-09 08:13:35,269 | INFO | enrich_content_tags | Dagshai 2001/05 MAY - 2001/7 MAY - 630 PM/01 MEDITATION.json: tagged in 3.1s (event_type=meditation, lang=hindi, topics=['meditation', 'self-inquiry', 'mind-control', 'awareness', 'vedic-philosophy'])
2026-07-09 08:13:35,270 | INFO | enrich_content_tags | tagging Dagshai 2001/05 MAY - 2001/7 MAY - 630 PM/02 OM GURUVE NAMAH.json (chars=425, est_tokens=106, strategy=single-pass)
2026-07-09 08:13:37,269 | INFO | enrich_content_tags | Dagshai 2001/05 MAY - 2001/7 MAY - 630 PM/02 OM GURUVE NAMAH.json: tagged in 2.0s (event_type=bhajan, lang=sanskrit, topics=['guru-devotion', 'chanting', 'spiritual-surrender'])
2026-07-09 08:13:37,270 | INFO | enrich_content_tags | tagging Dagshai 2001/05 MAY - 2001/7 MAY - 630 PM/03 HARI BINA KAUN HARE.json (chars=10432, est_tokens=2608, strategy=single-pass)
2026-07-09 08:13:42,643 | INFO | enrich_content_tags | Dagshai 2001/05 MAY - 2001/7 MAY - 630 PM/03 HARI BINA KAUN HARE.json: tagged in 5.4s (event_type=bhajan, lang=hindi, topics=['bhakti', 'self-inquiry', 'surrender', 'divine-love', 'meditation'])
2026-07-09 08:13:42,644 | INFO | enrich_content_tags | tagging Dagshai 2001/05 MAY - 2001/7 MAY - 630 PM/03 MERE SATGURU BINA.json (chars=10446, est_tokens=2611, strategy=single-pass)
2026-07-09 08:13:46,778 | INFO | enrich_content_tags | Dagshai 2001/05 MAY - 2001/7 MAY - 630 PM/03 MERE SATGURU BINA.json: tagged in 4.1s (event_type=bhajan, lang=hindi, topics=['bhakti', 'self-surrender', 'divine-love', 'meditation', 'spiritual-transformation'])
2026-07-09 08:13:46,779 | INFO | enrich_content_tags | tagging Dagshai 2001/05 MAY - 2001/7 MAY - 630 PM/04 SAMBODHAN - RISHI JI.json (chars=442, est_tokens=110, strategy=single-pass)
2026-07-09 08:13:49,125 | INFO | enrich_content_tags | Dagshai 2001/05 MAY - 2001/7 MAY - 630 PM/04 SAMBODHAN - RISHI JI.json: tagged in 2.3s (event_type=bhajan, lang=mixed, topics=['bhajan', 'meditation', 'devotion', 'discipline', 'silence'])
2026-07-09 08:13:49,126 | INFO | enrich_content_tags | tagging Dagshai 2001/05 MAY - 2001/7 MAY - 630 PM/Second Recording/01 MEDITATION.json (chars=4760, est_tokens=1190, strategy=single-pass)
2026-07-09 08:13:52,791 | INFO | enrich_content_tags | Dagshai 2001/05 MAY - 2001/7 MAY - 630 PM/Second Recording/01 MEDITATION.json: tagged in 3.7s (event_type=meditation, lang=hindi, topics=['self-inquiry', 'mind-watching', 'meditation-technique', 'inner-temple', 'bhava-dasha'])
2026-07-09 08:13:52,792 | INFO | enrich_content_tags | tagging Dagshai 2001/05 MAY - 2001/7 MAY - 630 PM/Second Recording/02 OM GURUVE NAMAH.json (chars=479, est_tokens=119, strategy=single-pass)
2026-07-09 08:13:54,705 | INFO | enrich_content_tags | Dagshai 2001/05 MAY - 2001/7 MAY - 630 PM/Second Recording/02 OM GURUVE NAMAH.json: tagged in 1.9s (event_type=bhajan, lang=sanskrit, topics=['guru-devotion', 'chanting', 'invocation'])
2026-07-09 08:13:54,706 | INFO | enrich_content_tags | tagging Dagshai 2001/05 MAY - 2001/7 MAY - 630 PM/Second Recording/03 HARI BINA KAUN HARE.json (chars=10465, est_tokens=2616, strategy=single-pass)
2026-07-09 08:13:59,172 | INFO | enrich_content_tags | Dagshai 2001/05 MAY - 2001/7 MAY - 630 PM/Second Recording/03 HARI BINA KAUN HARE.json: tagged in 4.5s (event_type=bhajan, lang=hindi, topics=['bhajan', 'guru-bhakti', 'self-inquiry', 'divine-love', 'meditation'])
2026-07-09 08:13:59,173 | INFO | enrich_content_tags | tagging Dagshai 2001/05 MAY - 2001/7 MAY - 630 PM/Second Recording/04 SAMBODHAN.json (chars=449, est_tokens=112, strategy=single-pass)
2026-07-09 08:14:01,582 | INFO | enrich_content_tags | Dagshai 2001/05 MAY - 2001/7 MAY - 630 PM/Second Recording/04 SAMBODHAN.json: tagged in 2.4s (event_type=mixed, lang=hindi, topics=['meditation', 'bhajan', 'devotion', 'daily-practice'])
2026-07-09 08:14:01,583 | INFO | enrich_content_tags | tagging Dagshai 2001/05 MAY - 2001/8 MAY - 12 PM/01 MAIN PYASA TERE DARSHAN KA.json (chars=19873, est_tokens=4968, strategy=single-pass)
2026-07-09 08:14:09,365 | INFO | enrich_content_tags | Dagshai 2001/05 MAY - 2001/8 MAY - 12 PM/01 MAIN PYASA TERE DARSHAN KA.json: tagged in 7.8s (event_type=bhajan, lang=hindi, topics=['bhakti', 'guru-seva', 'self-surrender', 'spiritual-longing', 'divine-love'])
2026-07-09 08:14:09,366 | INFO | enrich_content_tags | tagging Dagshai 2001/05 MAY - 2001/8 MAY - 12 PM/02 AKHIR KO HUM US DAR.json (chars=1888, est_tokens=472, strategy=single-pass)
2026-07-09 08:14:12,237 | INFO | enrich_content_tags | Dagshai 2001/05 MAY - 2001/8 MAY - 12 PM/02 AKHIR KO HUM US DAR.json: tagged in 2.9s (event_type=bhajan, lang=hindi, topics=['bhakti', 'divine-love', 'spiritual-union', 'devotion', 'surrender'])
2026-07-09 08:14:12,238 | INFO | enrich_content_tags | tagging Dagshai 2001/05 MAY - 2001/8 MAY - 12 PM/03 OM GURUVE NAMAH.json (chars=828, est_tokens=207, strategy=single-pass)
2026-07-09 08:14:14,985 | INFO | enrich_content_tags | Dagshai 2001/05 MAY - 2001/8 MAY - 12 PM/03 OM GURUVE NAMAH.json: tagged in 2.7s (event_type=bhajan, lang=hindi, topics=['devotional-songs', 'guru-devotion', 'mantra-recitation', 'spiritual-practice'])
2026-07-09 08:14:14,986 | INFO | enrich_content_tags | tagging Dagshai 2001/05 MAY - 2001/8 MAY - 12 PM/04 SAMBODHAN.json (chars=1392, est_tokens=348, strategy=single-pass)
2026-07-09 08:14:17,466 | INFO | enrich_content_tags | Dagshai 2001/05 MAY - 2001/8 MAY - 12 PM/04 SAMBODHAN.json: tagged in 2.5s (event_type=discourse, lang=hindi, topics=['meditation', 'faith', 'compassion', 'inner-peace', 'spiritual-growth'])
2026-07-09 08:14:17,468 | INFO | enrich_content_tags | tagging Dagshai 2001/05 MAY - 2001/8 MAY - 12 PM/Second Recording/01 MAIN PYASA TERE DARSHAN KA.json (chars=6816, est_tokens=1704, strategy=single-pass)
2026-07-09 08:14:21,634 | INFO | enrich_content_tags | Dagshai 2001/05 MAY - 2001/8 MAY - 12 PM/Second Recording/01 MAIN PYASA TERE DARSHAN KA.json: tagged in 4.2s (event_type=bhajan, lang=hindi, topics=['devotion', 'surrender', 'guru-disciple', 'life-purpose', 'spiritual-path'])
2026-07-09 08:14:21,635 | INFO | enrich_content_tags | tagging Dagshai 2001/05 MAY - 2001/8 MAY - 7 PM/01 MEDITATION (WITHOUT MUSIC).json (chars=980, est_tokens=245, strategy=single-pass)
2026-07-09 08:14:24,316 | INFO | enrich_content_tags | Dagshai 2001/05 MAY - 2001/8 MAY - 7 PM/01 MEDITATION (WITHOUT MUSIC).json: tagged in 2.7s (event_type=bhajan, lang=hindi, topics=['meditation', 'spiritual-awakening', 'inner-peace', 'devotion', 'self-realization'])
2026-07-09 08:14:24,317 | INFO | enrich_content_tags | tagging Dagshai 2001/05 MAY - 2001/8 MAY - 7 PM/02 OM GURUVE NAMAH.json (chars=517, est_tokens=129, strategy=single-pass)
2026-07-09 08:14:26,341 | INFO | enrich_content_tags | Dagshai 2001/05 MAY - 2001/8 MAY - 7 PM/02 OM GURUVE NAMAH.json: tagged in 2.0s (event_type=bhajan, lang=hindi, topics=['guru-bhakti', 'mantra-japa', 'devotional-singing'])
2026-07-09 08:14:26,342 | INFO | enrich_content_tags | tagging Dagshai 2001/05 MAY - 2001/8 MAY - 7 PM/03 JAB DAR PE TUMHARE HI.json (chars=11989, est_tokens=2997, strategy=single-pass)
2026-07-09 08:14:30,543 | INFO | enrich_content_tags | Dagshai 2001/05 MAY - 2001/8 MAY - 7 PM/03 JAB DAR PE TUMHARE HI.json: tagged in 4.2s (event_type=bhajan, lang=hindi, topics=['bhakti', 'divine-love', 'spiritual-longing', 'gratitude', 'self-inquiry'])
2026-07-09 08:14:30,544 | INFO | enrich_content_tags | tagging Dagshai 2001/05 MAY - 2001/8 MAY - 7 PM/04 ZURM-E-ULFAT SE LOG.json (chars=4130, est_tokens=1032, strategy=single-pass)
2026-07-09 08:14:34,196 | INFO | enrich_content_tags | Dagshai 2001/05 MAY - 2001/8 MAY - 7 PM/04 ZURM-E-ULFAT SE LOG.json: tagged in 3.6s (event_type=bhajan, lang=hindi, topics=['bhakti', 'divine-longing', 'worldly-suffering', 'divine-play', 'compassion'])
2026-07-09 08:14:34,197 | INFO | enrich_content_tags | tagging Dagshai 2001/05 MAY - 2001/8 MAY - 7 PM/05 SAMBODHAN - RISHI JI.json (chars=516, est_tokens=129, strategy=single-pass)
2026-07-09 08:14:48,065 | ERROR | enrich_content_tags | Dagshai 2001/05 MAY - 2001/8 MAY - 7 PM/05 SAMBODHAN - RISHI JI.json: tagging failed (json decode failed: Unterminated string starting at: line 120 column 5 (char 3282)) — dead-letter dead_letter/tag_failures/Dagshai_2001_05_MAY_-_2001_8_MAY_-_7_PM_05_SAMBODHAN_-_RISHI_JI.json.e6d021a0a8f7.txt
2026-07-09 08:14:48,066 | ERROR | enrich_content_tags | [330/9168] Dagshai 2001/05 MAY - 2001/8 MAY - 7 PM/05 SAMBODHAN - RISHI JI.json: json decode failed: Unterminated string starting at: line 120 column 5 (char 3282)
2026-07-09 08:14:48,067 | INFO | enrich_content_tags | tagging Dagshai 2001/05 MAY - 2001/9 MAY - 7 PM/01 MEDITATION.json (chars=2131, est_tokens=532, strategy=single-pass)
2026-07-09 08:14:51,070 | INFO | enrich_content_tags | Dagshai 2001/05 MAY - 2001/9 MAY - 7 PM/01 MEDITATION.json: tagged in 3.0s (event_type=meditation, lang=hindi, topics=['self-detachment', 'mind-control', 'inner-observation', 'spiritual-practice', 'awareness'])
2026-07-09 08:14:51,071 | INFO | enrich_content_tags | tagging Dagshai 2001/05 MAY - 2001/9 MAY - 7 PM/02 HUM TO TERE MASTANE HAIN.json (chars=8591, est_tokens=2147, strategy=single-pass)
2026-07-09 08:14:54,460 | INFO | enrich_content_tags | Dagshai 2001/05 MAY - 2001/9 MAY - 7 PM/02 HUM TO TERE MASTANE HAIN.json: tagged in 3.4s (event_type=bhajan, lang=hindi, topics=['bhakti', 'self-realization', 'fear-of-death', 'divine-love', 'spiritual-strength'])
2026-07-09 08:14:54,461 | INFO | enrich_content_tags | tagging Dagshai 2001/05 MAY - 2001/9 MAY - 7 PM/03 MEHRAM DIL DE MAHI.json (chars=2005, est_tokens=501, strategy=single-pass)
2026-07-09 08:15:48,810 | INFO | enrich_content_tags | Dagshai 2001/05 MAY - 2001/9 MAY - 7 PM/03 MEHRAM DIL DE MAHI.json: tagged in 2.5s (event_type=bhajan, lang=hindi, topics=['bhakti', 'divine-love', 'separation-pain', 'devotion', 'spiritual-longing'])
2026-07-09 08:15:48,811 | INFO | enrich_content_tags | tagging Dagshai 2001/05 MAY - 2001/9 MAY - 7 PM/04 SAMBODHAN.json (chars=1248, est_tokens=312, strategy=single-pass)
2026-07-09 08:15:00,478 | INFO | enrich_content_tags | Dagshai 2001/05 MAY - 2001/9 MAY - 7 PM/04 SAMBODHAN.json: tagged in 3.5s (event_type=discourse, lang=hindi, topics=['meditation', 'service', 'devotion', 'social-responsibility', 'gratitude'])
2026-07-09 08:15:00,480 | INFO | enrich_content_tags | tagging Dagshai 2001/05 MAY - 2001/9 MAY - 7 PM/05 SAMBODHAN - RISHI JI.json (chars=473, est_tokens=118, strategy=single-pass)
2026-07-09 08:15:03,491 | INFO | enrich_content_tags | Dagshai 2001/05 MAY - 2001/9 MAY - 7 PM/05 SAMBODHAN - RISHI JI.json: tagged in 3.0s (event_type=bhajan, lang=hindi, topics=['bhajan', 'meditation', 'spiritual-music', 'divine-presence'])
2026-07-09 08:15:03,492 | INFO | enrich_content_tags | tagging Dagshai 2001/05 MAY - 2001/DAGSHAI 25 - 27 MAY 2001/25 MAY - 1$ - 7 PM/01 MEDITATION.json (chars=6452, est_tokens=1613, strategy=single-pass)
2026-07-09 08:15:07,342 | INFO | enrich_content_tags | Dagshai 2001/05 MAY - 2001/DAGSHAI 25 - 27 MAY 2001/25 MAY - 1$ - 7 PM/01 MEDITATION.json: tagged in 3.8s (event_type=meditation, lang=hindi, topics=['meditation', 'mind-witnessing', 'self-awareness', 'detachment', 'immortality'])
2026-07-09 08:15:07,343 | INFO | enrich_content_tags | tagging Dagshai 2001/05 MAY - 2001/DAGSHAI 25 - 27 MAY 2001/25 MAY - 1$ - 7 PM/02 OM GURUVE NAMAH.json (chars=846, est_tokens=211, strategy=single-pass)
2026-07-09 08:15:09,731 | INFO | enrich_content_tags | Dagshai 2001/05 MAY - 2001/DAGSHAI 25 - 27 MAY 2001/25 MAY - 1$ - 7 PM/02 OM GURUVE NAMAH.json: tagged in 2.4s (event_type=bhajan, lang=sanskrit, topics=['chanting', 'guru-devotion', 'om-chanting'])
2026-07-09 08:15:09,733 | INFO | enrich_content_tags | tagging Dagshai 2001/05 MAY - 2001/DAGSHAI 25 - 27 MAY 2001/25 MAY - 1$ - 7 PM/03 DEEDAR KE PYASE HAIN.json (chars=27657, est_tokens=6914, strategy=single-pass)
2026-07-09 08:15:28,218 | ERROR | enrich_content_tags | Dagshai 2001/05 MAY - 2001/DAGSHAI 25 - 27 MAY 2001/25 MAY - 1$ - 7 PM/03 DEEDAR KE PYASE HAIN.json: tagging failed (json decode failed: Unterminated string starting at: line 5 column 6550 (char 6688)) — dead-letter dead_letter/tag_failures/Dagshai_2001_05_MAY_-_2001_DAGSHAI_25_-_27_MAY_2001_25_MAY_-_1__-_7_PM_03_DEEDAR_KE_PYASE_HAIN.json.d09a1722aa14.txt
2026-07-09 08:15:28,219 | ERROR | enrich_content_tags | [338/9168] Dagshai 2001/05 MAY - 2001/DAGSHAI 25 - 27 MAY 2001/25 MAY - 1$ - 7 PM/03 DEEDAR KE PYASE HAIN.json: json decode failed: Unterminated string starting at: line 5 column 6550 (char 6688)
2026-07-09 08:15:28,220 | INFO | enrich_content_tags | tagging Dagshai 2001/05 MAY - 2001/DAGSHAI 25 - 27 MAY 2001/25 MAY - 1$ - 7 PM/04 AAJ KE DAUR MEIN.json (chars=8354, est_tokens=2088, strategy=single-pass)
2026-07-09 08:15:32,627 | INFO | enrich_content_tags | Dagshai 2001/05 MAY - 2001/DAGSHAI 25 - 27 MAY 2001/25 MAY - 1$ - 7 PM/04 AAJ KE DAUR MEIN.json: tagged in 4.4s (event_type=bhajan, lang=hindi, topics=['reincarnation', 'self-realization', 'meditation', 'ego', 'spiritual-life'])
2026-07-09 08:15:32,628 | INFO | enrich_content_tags | tagging Dagshai 2001/05 MAY - 2001/DAGSHAI 25 - 27 MAY 2001/25 MAY - 1$ - 7 PM/05 SAMBODHAN - SWAMI JI - RISHI JI.json (chars=1282, est_tokens=320, strategy=single-pass)
2026-07-09 08:15:36,080 | INFO | enrich_content_tags | Dagshai 2001/05 MAY - 2001/DAGSHAI 25 - 27 MAY 2001/25 MAY - 1$ - 7 PM/05 SAMBODHAN - SWAMI JI - RISHI JI.json: tagged in 3.5s (event_type=bhajan, lang=hindi, topics=['meditation', 'satsang', 'spiritual-practice', 'self-inquiry', 'devotion'])
2026-07-09 08:15:36,082 | INFO | enrich_content_tags | tagging Dagshai 2001/05 MAY - 2001/DAGSHAI 25 - 27 MAY 2001/26 MAY - 2$ - 5 AM/01 MEDITATION.json (chars=3763, est_tokens=940, strategy=single-pass)
2026-07-09 08:16:31,234 | INFO | enrich_content_tags | Dagshai 2001/05 MAY - 2001/DAGSHAI 25 - 27 MAY 2001/26 MAY - 2$ - 5 AM/01 MEDITATION.json: tagged in 3.4s (event_type=meditation, lang=hindi, topics=['meditation', 'self-awareness', 'mind-observation', 'inner-light', 'thought-management'])
2026-07-09 08:16:31,235 | INFO | enrich_content_tags | tagging Dagshai 2001/05 MAY - 2001/DAGSHAI 25 - 27 MAY 2001/26 MAY - 2$ - 5 AM/02 TERI SOORAT JO MANN MEIN.json (chars=10353, est_tokens=2588, strategy=single-pass)
2026-07-09 08:15:44,292 | INFO | enrich_content_tags | Dagshai 2001/05 MAY - 2001/DAGSHAI 25 - 27 MAY 2001/26 MAY - 2$ - 5 AM/02 TERI SOORAT JO MANN MEIN.json: tagged in 4.8s (event_type=bhajan, lang=hindi, topics=['bhajan', 'meditation', 'devotion', 'surrender', 'meditation-benefits'])
2026-07-09 08:15:44,293 | INFO | enrich_content_tags | tagging Dagshai 2001/05 MAY - 2001/DAGSHAI 25 - 27 MAY 2001/26 MAY - 2$ - 5 AM/03 OM GURUVE NAMAH (INCOMPLETE).json (chars=3850, est_tokens=962, strategy=single-pass)
2026-07-09 08:15:49,220 | INFO | enrich_content_tags | Dagshai 2001/05 MAY - 2001/DAGSHAI 25 - 27 MAY 2001/26 MAY - 2$ - 5 AM/03 OM GURUVE NAMAH (INCOMPLETE).json: tagged in 5.0s (event_type=bhajan, lang=hindi, topics=['bhajan', 'guru-bhakti', 'om-guruve-namah', 'hari-nama'])
2026-07-09 08:15:49,221 | INFO | enrich_content_tags | tagging Dagshai 2001/05 MAY - 2001/DAGSHAI 25 - 27 MAY 2001/26 MAY - 2$ - 5 AM/04 SAMBODHAN - RISHI JI.json (chars=804, est_tokens=201, strategy=single-pass)
2026-07-09 08:15:52,686 | INFO | enrich_content_tags | Dagshai 2001/05 MAY - 2001/DAGSHAI 25 - 27 MAY 2001/26 MAY - 2$ - 5 AM/04 SAMBODHAN - RISHI JI.json: tagged in 3.4s (event_type=bhajan, lang=hindi, topics=['meditation', 'morning-practice', 'self-discipline', 'spiritual-schedule'])
2026-07-09 08:15:52,687 | INFO | enrich_content_tags | tagging Dagshai 2001/05 MAY - 2001/DAGSHAI 25 - 27 MAY 2001/26 MAY - 3$ - 11 AM/01 OM GURUVE NAMAH (INCOMPLETE).json (chars=1862, est_tokens=465, strategy=single-pass)
2026-07-09 08:15:55,284 | INFO | enrich_content_tags | Dagshai 2001/05 MAY - 2001/DAGSHAI 25 - 27 MAY 2001/26 MAY - 3$ - 11 AM/01 OM GURUVE NAMAH (INCOMPLETE).json: tagged in 2.6s (event_type=bhajan, lang=hindi, topics=['bhajan', 'guru-bhakti', 'chanting', 'spiritual-sound'])
2026-07-09 08:15:55,285 | INFO | enrich_content_tags | tagging Dagshai 2001/05 MAY - 2001/DAGSHAI 25 - 27 MAY 2001/26 MAY - 3$ - 11 AM/02 SOONGTA KOI NAHI HAIN.json (chars=22897, est_tokens=5724, strategy=single-pass)
2026-07-09 08:16:02,006 | INFO | enrich_content_tags | Dagshai 2001/05 MAY - 2001/DAGSHAI 25 - 27 MAY 2001/26 MAY - 3$ - 11 AM/02 SOONGTA KOI NAHI HAIN.json: tagged in 6.7s (event_type=bhajan, lang=hindi, topics=['self-inquiry', 'awakening', 'surrender', 'bhakti', 'life-purpose'])
2026-07-09 08:16:02,007 | INFO | enrich_content_tags | tagging Dagshai 2001/05 MAY - 2001/DAGSHAI 25 - 27 MAY 2001/26 MAY - 3$ - 11 AM/03 SAMBODHAN.json (chars=931, est_tokens=232, strategy=single-pass)
2026-07-09 08:16:05,774 | INFO | enrich_content_tags | Dagshai 2001/05 MAY - 2001/DAGSHAI 25 - 27 MAY 2001/26 MAY - 3$ - 11 AM/03 SAMBODHAN.json: tagged in 3.8s (event_type=qa, lang=mixed, topics=['meditation', 'nature', 'spiritual-life', 'self-inquiry', 'pollution'])
2026-07-09 08:16:05,775 | INFO | enrich_content_tags | tagging Dagshai 2001/05 MAY - 2001/DAGSHAI 25 - 27 MAY 2001/26 MAY - 3$ - 11 AM/04 Q - 1.json (chars=4238, est_tokens=1059, strategy=single-pass)
2026-07-09 08:16:09,615 | INFO | enrich_content_tags | Dagshai 2001/05 MAY - 2001/DAGSHAI 25 - 27 MAY 2001/26 MAY - 3$ - 11 AM/04 Q - 1.json: tagged in 3.9s (event_type=meditation, lang=hindi, topics=['kundalini-shakti', 'chakras', 'meditation-practice', 'ascension', 'self-awareness'])
2026-07-09 08:16:09,616 | INFO | enrich_content_tags | tagging Dagshai 2001/05 MAY - 2001/DAGSHAI 25 - 27 MAY 2001/26 MAY - 3$ - 11 AM/05 Q - 2.json (chars=1999, est_tokens=499, strategy=single-pass)
2026-07-09 08:16:13,331 | INFO | enrich_content_tags | Dagshai 2001/05 MAY - 2001/DAGSHAI 25 - 27 MAY 2001/26 MAY - 3$ - 11 AM/05 Q - 2.json: tagged in 3.7s (event_type=bhajan, lang=mixed, topics=['bhakti', 'spiritual-mastery', 'devotion', 'self-inquiry', 'surrender'])
2026-07-09 08:16:13,332 | INFO | enrich_content_tags | tagging Dagshai 2001/05 MAY - 2001/DAGSHAI 25 - 27 MAY 2001/26 MAY - 3$ - 11 AM/06 Q - 3.json (chars=3112, est_tokens=778, strategy=single-pass)
2026-07-09 08:17:09,048 | INFO | enrich_content_tags | Dagshai 2001/05 MAY - 2001/DAGSHAI 25 - 27 MAY 2001/26 MAY - 3$ - 11 AM/06 Q - 3.json: tagged in 3.9s (event_type=bhajan, lang=mixed, topics=['spiritual-thirst', 'discarding-rules', 'inner-realization', 'guru-disciple', 'self-inquiry'])
2026-07-09 08:17:09,049 | INFO | enrich_content_tags | tagging Dagshai 2001/05 MAY - 2001/DAGSHAI 25 - 27 MAY 2001/26 MAY - 3$ - 11 AM/07 Q - 4.json (chars=2291, est_tokens=572, strategy=single-pass)
2026-07-09 08:16:20,174 | INFO | enrich_content_tags | Dagshai 2001/05 MAY - 2001/DAGSHAI 25 - 27 MAY 2001/26 MAY - 3$ - 11 AM/07 Q - 4.json: tagged in 2.9s (event_type=bhajan, lang=hindi, topics=['self-realization', 'bhakti', 'suffering', 'divine-union', 'meditation'])
2026-07-09 08:16:20,175 | INFO | enrich_content_tags | tagging Dagshai 2001/05 MAY - 2001/DAGSHAI 25 - 27 MAY 2001/26 MAY - 3$ - 11 AM/08 Q - 5.json (chars=1483, est_tokens=370, strategy=single-pass)
2026-07-09 08:16:22,813 | INFO | enrich_content_tags | Dagshai 2001/05 MAY - 2001/DAGSHAI 25 - 27 MAY 2001/26 MAY - 3$ - 11 AM/08 Q - 5.json: tagged in 2.6s (event_type=bhajan, lang=hindi, topics=['spiritual-growth', 'fear-management', 'trust-in-divine', 'self-inquiry', 'inner-peace'])
2026-07-09 08:16:22,814 | INFO | enrich_content_tags | tagging Dagshai 2001/05 MAY - 2001/DAGSHAI 25 - 27 MAY 2001/26 MAY - 3$ - 11 AM/09 Q - 6.json (chars=4676, est_tokens=1169, strategy=single-pass)
2026-07-09 08:17:18,977 | INFO | enrich_content_tags | Dagshai 2001/05 MAY - 2001/DAGSHAI 25 - 27 MAY 2001/26 MAY - 3$ - 11 AM/09 Q - 6.json: tagged in 4.4s (event_type=bhajan, lang=hindi, topics=['meditation', 'surrender', 'inner-experience', 'royalty-of-saints', 'self-awareness'])
2026-07-09 08:17:18,978 | INFO | enrich_content_tags | tagging Dagshai 2001/05 MAY - 2001/DAGSHAI 25 - 27 MAY 2001/26 MAY - 3$ - 11 AM/10 Q - 7.json (chars=1334, est_tokens=333, strategy=single-pass)
2026-07-09 08:16:29,987 | INFO | enrich_content_tags | Dagshai 2001/05 MAY - 2001/DAGSHAI 25 - 27 MAY 2001/26 MAY - 3$ - 11 AM/10 Q - 7.json: tagged in 2.8s (event_type=bhajan, lang=hindi, topics=['self-expression', 'freedom', 'love', 'social-judgment', 'spiritual-courage'])
2026-07-09 08:16:29,988 | INFO | enrich_content_tags | tagging Dagshai 2001/05 MAY - 2001/DAGSHAI 25 - 27 MAY 2001/26 MAY - 3$ - 11 AM/11 Q - 8 - BUJHEE ISHQ KI AAG.json (chars=2623, est_tokens=655, strategy=single-pass)
2026-07-09 08:16:33,947 | INFO | enrich_content_tags | Dagshai 2001/05 MAY - 2001/DAGSHAI 25 - 27 MAY 2001/26 MAY - 3$ - 11 AM/11 Q - 8 - BUJHEE ISHQ KI AAG.json: tagged in 4.0s (event_type=bhajan, lang=hindi, topics=['bhakti', 'divine-love', 'spiritual-ecstasy', 'suffering-as-joy', 'devotion'])
2026-07-09 08:16:33,948 | INFO | enrich_content_tags | tagging Dagshai 2001/05 MAY - 2001/DAGSHAI 25 - 27 MAY 2001/26 MAY - 3$ - 11 AM/12 TU AGAR BENAQUAB.json (chars=4907, est_tokens=1226, strategy=single-pass)
2026-07-09 08:16:38,801 | INFO | enrich_content_tags | Dagshai 2001/05 MAY - 2001/DAGSHAI 25 - 27 MAY 2001/26 MAY - 3$ - 11 AM/12 TU AGAR BENAQUAB.json: tagged in 4.9s (event_type=bhajan, lang=hindi, topics=['bhajan', 'devotion', 'spiritual-identity', 'crowd-control', 'self-surrender'])
2026-07-09 08:16:38,802 | INFO | enrich_content_tags | tagging Dagshai 2001/05 MAY - 2001/DAGSHAI 25 - 27 MAY 2001/26 MAY - 3$ - 11 AM/13 AAO JARA DEKHE.json (chars=2104, est_tokens=526, strategy=single-pass)
2026-07-09 08:16:41,863 | INFO | enrich_content_tags | Dagshai 2001/05 MAY - 2001/DAGSHAI 25 - 27 MAY 2001/26 MAY - 3$ - 11 AM/13 AAO JARA DEKHE.json: tagged in 3.1s (event_type=bhajan, lang=hindi, topics=['bhajan', 'devotion', 'spiritual-awareness', 'love-of-god'])
2026-07-09 08:16:41,864 | INFO | enrich_content_tags | tagging Dagshai 2001/05 MAY - 2001/DAGSHAI 25 - 27 MAY 2001/26 MAY - 3$ - 11 AM/14 SAMBODHAN.json (chars=1466, est_tokens=366, strategy=single-pass)
2026-07-09 08:16:45,243 | INFO | enrich_content_tags | Dagshai 2001/05 MAY - 2001/DAGSHAI 25 - 27 MAY 2001/26 MAY - 3$ - 11 AM/14 SAMBODHAN.json: tagged in 3.4s (event_type=discourse, lang=hindi, topics=['devotion', 'spiritual-joy', 'grace', 'meditation', 'self-realization'])
2026-07-09 08:16:45,244 | INFO | enrich_content_tags | tagging Dagshai 2001/05 MAY - 2001/DAGSHAI 25 - 27 MAY 2001/26 MAY - 4$ - 630 PM/01 MEDITATION.json (chars=5069, est_tokens=1267, strategy=single-pass)
2026-07-09 08:16:49,705 | INFO | enrich_content_tags | Dagshai 2001/05 MAY - 2001/DAGSHAI 25 - 27 MAY 2001/26 MAY - 4$ - 630 PM/01 MEDITATION.json: tagged in 4.5s (event_type=meditation, lang=hindi, topics=['self-inquiry', 'meditation-practice', 'divine-witness', 'detachment', 'inner-peace'])
2026-07-09 08:16:49,706 | INFO | enrich_content_tags | tagging Dagshai 2001/05 MAY - 2001/DAGSHAI 25 - 27 MAY 2001/26 MAY - 4$ - 630 PM/02 OM GURUVE NAMAH.json (chars=1072, est_tokens=268, strategy=single-pass)
2026-07-09 08:16:52,090 | INFO | enrich_content_tags | Dagshai 2001/05 MAY - 2001/DAGSHAI 25 - 27 MAY 2001/26 MAY - 4$ - 630 PM/02 OM GURUVE NAMAH.json: tagged in 2.4s (event_type=bhajan, lang=hindi, topics=['guru-bhakti', 'mantra-japa', 'spiritual-devotion'])
2026-07-09 08:16:52,091 | INFO | enrich_content_tags | tagging Dagshai 2001/05 MAY - 2001/DAGSHAI 25 - 27 MAY 2001/26 MAY - 4$ - 630 PM/03 KAISE SAKOON PAWOO (INCOMPLETE).json (chars=24797, est_tokens=6199, strategy=single-pass)
2026-07-09 08:17:00,868 | INFO | enrich_content_tags | Dagshai 2001/05 MAY - 2001/DAGSHAI 25 - 27 MAY 2001/26 MAY - 4$ - 630 PM/03 KAISE SAKOON PAWOO (INCOMPLETE).json: tagged in 8.8s (event_type=bhajan, lang=hindi, topics=['bhajan', 'devotion', 'self-surrender', 'divine-love', 'spiritual-longing'])
2026-07-09 08:17:00,869 | INFO | enrich_content_tags | tagging Dagshai 2001/05 MAY - 2001/DAGSHAI 25 - 27 MAY 2001/27 MAY - 5$ - 11 AM/01 MEDITATION.json (chars=2345, est_tokens=586, strategy=single-pass)
2026-07-09 08:17:04,295 | INFO | enrich_content_tags | Dagshai 2001/05 MAY - 2001/DAGSHAI 25 - 27 MAY 2001/27 MAY - 5$ - 11 AM/01 MEDITATION.json: tagged in 3.5s (event_type=meditation, lang=hindi, topics=['mindfulness', 'self-observation', 'meditation-practice', 'inner-peace', 'mental-channels'])
2026-07-09 08:17:04,296 | INFO | enrich_content_tags | tagging Dagshai 2001/05 MAY - 2001/DAGSHAI 25 - 27 MAY 2001/27 MAY - 5$ - 11 AM/02 OM GURUVE NAMAH.json (chars=1042, est_tokens=260, strategy=single-pass)
2026-07-09 08:17:59,106 | INFO | enrich_content_tags | Dagshai 2001/05 MAY - 2001/DAGSHAI 25 - 27 MAY 2001/27 MAY - 5$ - 11 AM/02 OM GURUVE NAMAH.json: tagged in 3.0s (event_type=bhajan, lang=hindi, topics=['devotional-songs', 'chanting', 'guru-devotion', 'spiritual-practice'])
2026-07-09 08:17:59,107 | INFO | enrich_content_tags | tagging Dagshai 2001/05 MAY - 2001/DAGSHAI 25 - 27 MAY 2001/27 MAY - 5$ - 11 AM/03 TERE DAR PE MERE DATA PUJARI.json (chars=1930, est_tokens=482, strategy=single-pass)
2026-07-09 08:17:10,378 | INFO | enrich_content_tags | Dagshai 2001/05 MAY - 2001/DAGSHAI 25 - 27 MAY 2001/27 MAY - 5$ - 11 AM/03 TERE DAR PE MERE DATA PUJARI.json: tagged in 3.1s (event_type=bhajan, lang=hindi, topics=['devotion', 'love-of-god', 'surrender', 'spiritual-wisdom'])
2026-07-09 08:17:10,379 | INFO | enrich_content_tags | tagging Dagshai 2001/05 MAY - 2001/DAGSHAI 25 - 27 MAY 2001/27 MAY - 6$ - 7 PM/01 MEDITATION.json (chars=3832, est_tokens=958, strategy=single-pass)
2026-07-09 08:17:14,118 | INFO | enrich_content_tags | Dagshai 2001/05 MAY - 2001/DAGSHAI 25 - 27 MAY 2001/27 MAY - 6$ - 7 PM/01 MEDITATION.json: tagged in 3.8s (event_type=meditation, lang=hindi, topics=['meditation', 'self-awareness', 'mind-control', 'inner-peace', 'devotion'])
2026-07-09 08:17:14,119 | INFO | enrich_content_tags | tagging Dagshai 2001/05 MAY - 2001/DAGSHAI 25 - 27 MAY 2001/27 MAY - 6$ - 7 PM/02 BHEETAR KA RAAG.json (chars=27106, est_tokens=6776, strategy=single-pass)
2026-07-09 08:17:21,360 | INFO | enrich_content_tags | Dagshai 2001/05 MAY - 2001/DAGSHAI 25 - 27 MAY 2001/27 MAY - 6$ - 7 PM/02 BHEETAR KA RAAG.json: tagged in 7.2s (event_type=bhajan, lang=hindi, topics=['meditation', 'self-inquiry', 'ahankar', 'inner-peace', 'spiritual-path'])
2026-07-09 08:17:21,362 | INFO | enrich_content_tags | tagging Dagshai 2001/05 MAY - 2001/DAGSHAI 25 - 27 MAY 2001/27 MAY - 6$ - 7 PM/03 DEKH LIYA DUNYA KA SARA.json (chars=10523, est_tokens=2630, strategy=single-pass)
2026-07-09 08:17:26,796 | INFO | enrich_content_tags | Dagshai 2001/05 MAY - 2001/DAGSHAI 25 - 27 MAY 2001/27 MAY - 6$ - 7 PM/03 DEKH LIYA DUNYA KA SARA.json: tagged in 5.4s (event_type=bhajan, lang=hindi, topics=['self-inquiry', 'karma-yoga', 'spiritual-search', 'family-dharma', 'enlightenment'])
2026-07-09 08:17:26,798 | INFO | enrich_content_tags | tagging Dagshai 2001/05 MAY - 2001/DAGSHAI 25 - 27 MAY 2001/27 MAY - 6$ - 7 PM/04 OM GURUVE NAMAH.json (chars=1009, est_tokens=252, strategy=single-pass)
2026-07-09 08:17:29,816 | INFO | enrich_content_tags | Dagshai 2001/05 MAY - 2001/DAGSHAI 25 - 27 MAY 2001/27 MAY - 6$ - 7 PM/04 OM GURUVE NAMAH.json: tagged in 3.0s (event_type=bhajan, lang=hindi, topics=['devotional-singing', 'guru-devotion', 'chanting'])
2026-07-09 08:17:29,818 | INFO | enrich_content_tags | tagging Dagshai 2001/05 MAY - 2001/DAGSHAI 25 - 27 MAY 2001/27 MAY - 6$ - 7 PM/05 SAMBODHAN - SWAMI JI - RISHI JI.json (chars=1618, est_tokens=404, strategy=single-pass)
2026-07-09 08:17:34,147 | INFO | enrich_content_tags | Dagshai 2001/05 MAY - 2001/DAGSHAI 25 - 27 MAY 2001/27 MAY - 6$ - 7 PM/05 SAMBODHAN - SWAMI JI - RISHI JI.json: tagged in 4.3s (event_type=bhajan, lang=hindi, topics=['meditation', 'faith', 'camp-schedule', 'spiritual-health', 'gratitude'])
2026-07-09 08:17:34,148 | INFO | enrich_content_tags | tagging Dagshai 2001/05 MAY - 2001/DAGSHAI 25 - 27 MAY 2001/unknown/04 SOONGTA KOI NAHI (INCOMPLETE).json (chars=890, est_tokens=222, strategy=single-pass)
2026-07-09 08:17:37,260 | INFO | enrich_content_tags | Dagshai 2001/05 MAY - 2001/DAGSHAI 25 - 27 MAY 2001/unknown/04 SOONGTA KOI NAHI (INCOMPLETE).json: tagged in 3.1s (event_type=bhajan, lang=hindi, topics=['self-realization', 'divine-compassion', 'inner-experience', 'guru-grace', 'meditation'])
2026-07-09 08:17:37,261 | INFO | enrich_content_tags | tagging Dagshai 2001/05 MAY - 2001/DAGSHAI 25 - 27 MAY 2001/unknown/05 AAJ KE DAUR MEIN (INCOMPLETE).json (chars=368, est_tokens=92, strategy=single-pass)
2026-07-09 08:17:39,650 | INFO | enrich_content_tags | Dagshai 2001/05 MAY - 2001/DAGSHAI 25 - 27 MAY 2001/unknown/05 AAJ KE DAUR MEIN (INCOMPLETE).json: tagged in 2.4s (event_type=bhajan, lang=hindi, topics=['bhajan', 'spiritual-direction', 'gratitude', 'devotion'])
2026-07-09 08:17:39,651 | INFO | enrich_content_tags | tagging Dagshai 2001/05 MAY - 2001/DAGSHAI 25 - 27 MAY 2001/unknown/05 MEDITATION (INCOMPLETE).json (chars=586, est_tokens=146, strategy=single-pass)
2026-07-09 08:17:41,802 | INFO | enrich_content_tags | Dagshai 2001/05 MAY - 2001/DAGSHAI 25 - 27 MAY 2001/unknown/05 MEDITATION (INCOMPLETE).json: tagged in 2.2s (event_type=bhajan, lang=hindi, topics=['meditation', 'mindfulness', 'concentration', 'bhakti', 'devotion'])
2026-07-09 08:17:41,803 | INFO | enrich_content_tags | tagging Dagshai 2001/05 MAY - 2001/DAGSHAI 25 - 27 MAY 2001/unknown/06 SAMBODHAN - SWAMI JI - RISHI JI (INCOMPLETE).json (chars=1212, est_tokens=303, strategy=single-pass)
2026-07-09 08:17:45,754 | INFO | enrich_content_tags | Dagshai 2001/05 MAY - 2001/DAGSHAI 25 - 27 MAY 2001/unknown/06 SAMBODHAN - SWAMI JI - RISHI JI (INCOMPLETE).json: tagged in 3.9s (event_type=bhajan, lang=hindi, topics=['meditation', 'morning-practice', 'spiritual-discipline', 'devotion', 'atmosphere'])
2026-07-09 08:17:45,755 | INFO | enrich_content_tags | tagging Dagshai 2001/05 MAY - 2001/DAGSHAI 28 - 30 MAY 2001/28 MAY - 1$ - 630 PM/01 MEDITATION.json (chars=10438, est_tokens=2609, strategy=single-pass)
2026-07-09 08:17:50,210 | INFO | enrich_content_tags | Dagshai 2001/05 MAY - 2001/DAGSHAI 28 - 30 MAY 2001/28 MAY - 1$ - 630 PM/01 MEDITATION.json: tagged in 4.5s (event_type=meditation, lang=hindi, topics=['meditation', 'self-inquiry', 'inner-peace', 'mind-control', 'divine-presence'])
2026-07-09 08:17:50,212 | INFO | enrich_content_tags | tagging Dagshai 2001/05 MAY - 2001/DAGSHAI 28 - 30 MAY 2001/28 MAY - 1$ - 630 PM/02 SHLOK.json (chars=659, est_tokens=164, strategy=single-pass)
2026-07-09 08:17:52,827 | INFO | enrich_content_tags | Dagshai 2001/05 MAY - 2001/DAGSHAI 28 - 30 MAY 2001/28 MAY - 1$ - 630 PM/02 SHLOK.json: tagged in 2.6s (event_type=bhajan, lang=mixed, topics=['bhakti', 'divine-light', 'surrender', 'knowledge', 'guru-devotion'])
2026-07-09 08:17:52,828 | INFO | enrich_content_tags | tagging Dagshai 2001/05 MAY - 2001/DAGSHAI 28 - 30 MAY 2001/28 MAY - 1$ - 630 PM/03 IS YOGYA HUM KANAN.json (chars=29680, est_tokens=7420, strategy=single-pass)
2026-07-09 08:18:11,685 | ERROR | enrich_content_tags | Dagshai 2001/05 MAY - 2001/DAGSHAI 28 - 30 MAY 2001/28 MAY - 1$ - 630 PM/03 IS YOGYA HUM KANAN.json: tagging failed (json decode failed: Unterminated string starting at: line 336 column 5 (char 4788)) — dead-letter dead_letter/tag_failures/Dagshai_2001_05_MAY_-_2001_DAGSHAI_28_-_30_MAY_2001_28_MAY_-_1__-_630_PM_03_IS_YOGYA_HUM_KANAN.json.cbfb34b66a26.txt
2026-07-09 08:18:11,686 | ERROR | enrich_content_tags | [376/9168] Dagshai 2001/05 MAY - 2001/DAGSHAI 28 - 30 MAY 2001/28 MAY - 1$ - 630 PM/03 IS YOGYA HUM KANAN.json: json decode failed: Unterminated string starting at: line 336 column 5 (char 4788)
2026-07-09 08:18:11,687 | INFO | enrich_content_tags | tagging Dagshai 2001/05 MAY - 2001/DAGSHAI 28 - 30 MAY 2001/28 MAY - 1$ - 630 PM/04 SAMBODHAN.json (chars=894, est_tokens=223, strategy=single-pass)
2026-07-09 08:18:14,230 | INFO | enrich_content_tags | Dagshai 2001/05 MAY - 2001/DAGSHAI 28 - 30 MAY 2001/28 MAY - 1$ - 630 PM/04 SAMBODHAN.json: tagged in 2.5s (event_type=discourse, lang=hindi, topics=['meditation', 'inner-awareness', 'spiritual-life', 'energy', 'dharma'])
2026-07-09 08:18:14,231 | INFO | enrich_content_tags | tagging Dagshai 2001/05 MAY - 2001/DAGSHAI 28 - 30 MAY 2001/28 MAY - 1$ - 630 PM/05 OM GURUVE NAMAH.json (chars=4258, est_tokens=1064, strategy=single-pass)
2026-07-09 08:18:17,942 | INFO | enrich_content_tags | Dagshai 2001/05 MAY - 2001/DAGSHAI 28 - 30 MAY 2001/28 MAY - 1$ - 630 PM/05 OM GURUVE NAMAH.json: tagged in 3.7s (event_type=bhajan, lang=hindi, topics=['bhakti', 'guru-bhakti', 'meditation', 'devotion', 'surrender'])
2026-07-09 08:18:17,943 | INFO | enrich_content_tags | tagging Dagshai 2001/05 MAY - 2001/DAGSHAI 28 - 30 MAY 2001/28 MAY - 1$ - 630 PM/06 SAMBODHAN.json (chars=671, est_tokens=167, strategy=single-pass)
2026-07-09 08:18:21,344 | INFO | enrich_content_tags | Dagshai 2001/05 MAY - 2001/DAGSHAI 28 - 30 MAY 2001/28 MAY - 1$ - 630 PM/06 SAMBODHAN.json: tagged in 3.4s (event_type=satsang, lang=hindi, topics=['welcome', 'meditation', 'nature', 'devotion'])
2026-07-09 08:18:21,345 | INFO | enrich_content_tags | tagging Dagshai 2001/05 MAY - 2001/DAGSHAI 28 - 30 MAY 2001/28 MAY - 1$ - 630 PM/07 SAMBODHAN - RISHI JI.json (chars=1124, est_tokens=281, strategy=single-pass)
2026-07-09 08:18:24,915 | INFO | enrich_content_tags | Dagshai 2001/05 MAY - 2001/DAGSHAI 28 - 30 MAY 2001/28 MAY - 1$ - 630 PM/07 SAMBODHAN - RISHI JI.json: tagged in 3.6s (event_type=bhajan, lang=hindi, topics=['meditation', 'bhajan', 'discourse', 'spiritual-practice', 'devotion'])
2026-07-09 08:18:24,916 | INFO | enrich_content_tags | tagging Dagshai 2001/05 MAY - 2001/DAGSHAI 28 - 30 MAY 2001/29 MAY - 2$ - 7 AM/01 MEDITATION.json (chars=9957, est_tokens=2489, strategy=single-pass)
2026-07-09 08:18:30,014 | INFO | enrich_content_tags | Dagshai 2001/05 MAY - 2001/DAGSHAI 28 - 30 MAY 2001/29 MAY - 2$ - 7 AM/01 MEDITATION.json: tagged in 5.1s (event_type=meditation, lang=hindi, topics=['meditation', 'self-inquiry', 'mindfulness', 'inner-witness', 'spiritual-awakening'])
2026-07-09 08:18:30,016 | INFO | enrich_content_tags | tagging Dagshai 2001/05 MAY - 2001/DAGSHAI 28 - 30 MAY 2001/29 MAY - 2$ - 7 AM/02 HEY PRABHU KAR HI DO.json (chars=18722, est_tokens=4680, strategy=single-pass)
2026-07-09 08:18:35,866 | INFO | enrich_content_tags | Dagshai 2001/05 MAY - 2001/DAGSHAI 28 - 30 MAY 2001/29 MAY - 2$ - 7 AM/02 HEY PRABHU KAR HI DO.json: tagged in 5.8s (event_type=bhajan, lang=hindi, topics=['bhajan', 'self-inquiry', 'devotion', 'asceticism', 'inner-realization'])
2026-07-09 08:18:35,867 | INFO | enrich_content_tags | tagging Dagshai 2001/05 MAY - 2001/DAGSHAI 28 - 30 MAY 2001/29 MAY - 2$ - 7 AM/03 OM GURUVE NAMAH.json (chars=1987, est_tokens=496, strategy=single-pass)
2026-07-09 08:18:39,183 | INFO | enrich_content_tags | Dagshai 2001/05 MAY - 2001/DAGSHAI 28 - 30 MAY 2001/29 MAY - 2$ - 7 AM/03 OM GURUVE NAMAH.json: tagged in 3.3s (event_type=bhajan, lang=hindi, topics=['bhajan', 'guru-bhakti', 'nam-smaran', 'jnana-yoga', 'divine-light'])
2026-07-09 08:18:39,184 | INFO | enrich_content_tags | tagging Dagshai 2001/05 MAY - 2001/DAGSHAI 28 - 30 MAY 2001/29 MAY - 3$ - 6 PM/02 MEDITATION.json (chars=6764, est_tokens=1691, strategy=single-pass)
2026-07-09 08:18:43,809 | INFO | enrich_content_tags | Dagshai 2001/05 MAY - 2001/DAGSHAI 28 - 30 MAY 2001/29 MAY - 3$ - 6 PM/02 MEDITATION.json: tagged in 4.6s (event_type=meditation, lang=hindi, topics=['meditation', 'self-awareness', 'mind-control', 'inner-peace', 'spiritual-practice'])
2026-07-09 08:18:43,811 | INFO | enrich_content_tags | tagging Dagshai 2001/05 MAY - 2001/DAGSHAI 28 - 30 MAY 2001/29 MAY - 3$ - 6 PM/03 OM GURUVE NAMAH.json (chars=653, est_tokens=163, strategy=single-pass)
2026-07-09 08:18:46,298 | INFO | enrich_content_tags | Dagshai 2001/05 MAY - 2001/DAGSHAI 28 - 30 MAY 2001/29 MAY - 3$ - 6 PM/03 OM GURUVE NAMAH.json: tagged in 2.5s (event_type=bhajan, lang=sanskrit, topics=['devotion', 'chanting', 'guru-grace'])
2026-07-09 08:18:46,299 | INFO | enrich_content_tags | tagging Dagshai 2001/05 MAY - 2001/DAGSHAI 28 - 30 MAY 2001/29 MAY - 3$ - 6 PM/04 GURUDEV MUJHE BHI APNA.json (chars=29054, est_tokens=7263, strategy=single-pass)
2026-07-09 08:19:05,234 | ERROR | enrich_content_tags | Dagshai 2001/05 MAY - 2001/DAGSHAI 28 - 30 MAY 2001/29 MAY - 3$ - 6 PM/04 GURUDEV MUJHE BHI APNA.json: tagging failed (json decode failed: Unterminated string starting at: line 5 column 5134 (char 5278)) — dead-letter dead_letter/tag_failures/Dagshai_2001_05_MAY_-_2001_DAGSHAI_28_-_30_MAY_2001_29_MAY_-_3__-_6_PM_04_GURUDEV_MUJHE_BHI_APNA.jso.35713960802d.txt
2026-07-09 08:19:05,234 | ERROR | enrich_content_tags | [386/9168] Dagshai 2001/05 MAY - 2001/DAGSHAI 28 - 30 MAY 2001/29 MAY - 3$ - 6 PM/04 GURUDEV MUJHE BHI APNA.json: json decode failed: Unterminated string starting at: line 5 column 5134 (char 5278)
2026-07-09 08:19:05,235 | INFO | enrich_content_tags | tagging Dagshai 2001/05 MAY - 2001/DAGSHAI 28 - 30 MAY 2001/29 MAY - 3$ - 6 PM/05 TUJHE MAIN GUNGUNA CHAHATA HU.json (chars=5067, est_tokens=1266, strategy=single-pass)
2026-07-09 08:19:08,572 | INFO | enrich_content_tags | Dagshai 2001/05 MAY - 2001/DAGSHAI 28 - 30 MAY 2001/29 MAY - 3$ - 6 PM/05 TUJHE MAIN GUNGUNA CHAHATA HU.json: tagged in 3.3s (event_type=bhajan, lang=hindi, topics=['bhakti', 'self-inquiry', 'divine-love', 'meditation', 'spiritual-awakening'])
2026-07-09 08:19:08,574 | INFO | enrich_content_tags | tagging Dagshai 2001/05 MAY - 2001/DAGSHAI 28 - 30 MAY 2001/29 MAY - 3$ - 6 PM/06 BHAJMANN NARAYAN.json (chars=1032, est_tokens=258, strategy=single-pass)
2026-07-09 08:19:10,969 | INFO | enrich_content_tags | Dagshai 2001/05 MAY - 2001/DAGSHAI 28 - 30 MAY 2001/29 MAY - 3$ - 6 PM/06 BHAJMANN NARAYAN.json: tagged in 2.4s (event_type=bhajan, lang=hindi, topics=['bhajan', 'narayana', 'devotion', 'chanting', 'spiritual-practice'])
2026-07-09 08:19:10,970 | INFO | enrich_content_tags | tagging Dagshai 2001/05 MAY - 2001/DAGSHAI 28 - 30 MAY 2001/30 MAY - 4$ - 7 PM/02 MEDITATION.json (chars=6937, est_tokens=1734, strategy=single-pass)
2026-07-09 08:19:15,522 | INFO | enrich_content_tags | Dagshai 2001/05 MAY - 2001/DAGSHAI 28 - 30 MAY 2001/30 MAY - 4$ - 7 PM/02 MEDITATION.json: tagged in 4.6s (event_type=meditation, lang=hindi, topics=['meditation', 'self-awareness', 'mind-control', 'silence', 'inner-peace'])
2026-07-09 08:19:15,524 | INFO | enrich_content_tags | tagging Dagshai 2001/05 MAY - 2001/DAGSHAI 28 - 30 MAY 2001/30 MAY - 4$ - 7 PM/03 GURUDEV MERE GURUDEV MERE.json (chars=33878, est_tokens=8469, strategy=single-pass)
2026-07-09 08:19:35,157 | ERROR | enrich_content_tags | Dagshai 2001/05 MAY - 2001/DAGSHAI 28 - 30 MAY 2001/30 MAY - 4$ - 7 PM/03 GURUDEV MERE GURUDEV MERE.json: tagging failed (json decode failed: Unterminated string starting at: line 5 column 3607 (char 3757)) — dead-letter dead_letter/tag_failures/Dagshai_2001_05_MAY_-_2001_DAGSHAI_28_-_30_MAY_2001_30_MAY_-_4__-_7_PM_03_GURUDEV_MERE_GURUDEV_MERE..391971e36c46.txt
2026-07-09 08:19:35,157 | ERROR | enrich_content_tags | [390/9168] Dagshai 2001/05 MAY - 2001/DAGSHAI 28 - 30 MAY 2001/30 MAY - 4$ - 7 PM/03 GURUDEV MERE GURUDEV MERE.json: json decode failed: Unterminated string starting at: line 5 column 3607 (char 3757)
2026-07-09 08:19:35,158 | INFO | enrich_content_tags | tagging Dagshai 2001/05 MAY - 2001/DAGSHAI 28 - 30 MAY 2001/30 MAY - 4$ - 7 PM/04 TERI RAHMATO NE HUM KO.json (chars=5657, est_tokens=1414, strategy=single-pass)
2026-07-09 08:19:38,809 | INFO | enrich_content_tags | Dagshai 2001/05 MAY - 2001/DAGSHAI 28 - 30 MAY 2001/30 MAY - 4$ - 7 PM/04 TERI RAHMATO NE HUM KO.json: tagged in 3.6s (event_type=bhajan, lang=hindi, topics=['bhakti', 'divine-love', 'spiritual-sickness', 'self-inquiry', 'grace'])
2026-07-09 08:19:38,810 | INFO | enrich_content_tags | tagging Dagshai 2001/05 MAY - 2001/DAGSHAI 28 - 30 MAY 2001/30 MAY - 4$ - 7 PM/05 TERE DAR KA JO DEKHA.json (chars=4333, est_tokens=1083, strategy=single-pass)
2026-07-09 08:20:34,555 | INFO | enrich_content_tags | Dagshai 2001/05 MAY - 2001/DAGSHAI 28 - 30 MAY 2001/30 MAY - 4$ - 7 PM/05 TERE DAR KA JO DEKHA.json: tagged in 4.0s (event_type=bhajan, lang=hindi, topics=['bhajan', 'devotion', 'guru-grace', 'self-surrender', 'spiritual-healing'])
2026-07-09 08:20:34,557 | INFO | enrich_content_tags | tagging Dagshai 2001/05 MAY - 2001/DAGSHAI 28 - 30 MAY 2001/30 MAY - 4$ - 7 PM/06 PRAVACHAN.json (chars=4907, est_tokens=1226, strategy=single-pass)
2026-07-09 08:19:47,652 | INFO | enrich_content_tags | Dagshai 2001/05 MAY - 2001/DAGSHAI 28 - 30 MAY 2001/30 MAY - 4$ - 7 PM/06 PRAVACHAN.json: tagged in 4.9s (event_type=discourse, lang=hindi, topics=['meditation', 'self-inquiry', 'spiritual-practice', 'critique-of-modern-society', 'devotion'])
2026-07-09 08:19:47,653 | INFO | enrich_content_tags | tagging Dagshai 2001/05 MAY - 2001/DAGSHAI 28 - 30 MAY 2001/30 MAY - 4$ - 7 PM/07 OM GURUVE NAMAH.json (chars=721, est_tokens=180, strategy=single-pass)
2026-07-09 08:19:50,093 | INFO | enrich_content_tags | Dagshai 2001/05 MAY - 2001/DAGSHAI 28 - 30 MAY 2001/30 MAY - 4$ - 7 PM/07 OM GURUVE NAMAH.json: tagged in 2.4s (event_type=bhajan, lang=sanskrit, topics=['devotion', 'guru-bhakti', 'chanting', 'spiritual-surrender'])
2026-07-09 08:19:50,094 | INFO | enrich_content_tags | tagging Dagshai 2001/05 MAY - 2001/DAGSHAI 28 - 30 MAY 2001/30 MAY - 4$ - 7 PM/08 SAMBODHAN.json (chars=618, est_tokens=154, strategy=single-pass)
2026-07-09 08:19:53,311 | INFO | enrich_content_tags | Dagshai 2001/05 MAY - 2001/DAGSHAI 28 - 30 MAY 2001/30 MAY - 4$ - 7 PM/08 SAMBODHAN.json: tagged in 3.2s (event_type=discourse, lang=hindi, topics=['devotion', 'spiritual-path', 'divine-presence', 'inner-peace'])
2026-07-09 08:19:53,313 | INFO | enrich_content_tags | tagging Dagshai 2001/05 MAY - 2001/DAGSHAI 28 - 30 MAY 2001/30 MAY - 4$ - 7 PM/09 SAMBODHAN - SWAMI JI - RISHI JI.json (chars=6304, est_tokens=1576, strategy=single-pass)
2026-07-09 08:19:58,332 | INFO | enrich_content_tags | Dagshai 2001/05 MAY - 2001/DAGSHAI 28 - 30 MAY 2001/30 MAY - 4$ - 7 PM/09 SAMBODHAN - SWAMI JI - RISHI JI.json: tagged in 5.0s (event_type=bhajan, lang=hindi, topics=['meditation-practice', 'spiritual-discipline', 'community-service', 'health-wellness', 'devotion'])
2026-07-09 08:19:58,334 | INFO | enrich_content_tags | tagging Dagshai 2001/05 MAY - 2001/DAGSHAI 28 - 30 MAY 2001/unknown/07 MEDITATION (INCOMPLETE).json (chars=406, est_tokens=101, strategy=single-pass)
2026-07-09 08:20:01,082 | INFO | enrich_content_tags | Dagshai 2001/05 MAY - 2001/DAGSHAI 28 - 30 MAY 2001/unknown/07 MEDITATION (INCOMPLETE).json: tagged in 2.7s (event_type=bhajan, lang=hindi, topics=['meditation', 'mind-temple', 'consciousness', 'spiritual-practice'])
2026-07-09 08:20:01,083 | INFO | enrich_content_tags | tagging Dagshai 2001/05 MAY - 2001/DAGSHAI 28 - 30 MAY 2001/unknown/08 MEDITATION (INCOMPLETE).json (chars=269, est_tokens=67, strategy=single-pass)
2026-07-09 08:20:03,373 | INFO | enrich_content_tags | Dagshai 2001/05 MAY - 2001/DAGSHAI 28 - 30 MAY 2001/unknown/08 MEDITATION (INCOMPLETE).json: tagged in 2.3s (event_type=bhajan, lang=hindi, topics=['meditation', 'evening-prayer', 'inner-purification'])
2026-07-09 08:20:03,375 | INFO | enrich_content_tags | tagging Dagshai 2001/05 MAY - 2001/DAGSHAI 28 - 30 MAY 2001/unknown/10 MEDITATION (INCOMPLETE).json (chars=369, est_tokens=92, strategy=single-pass)
2026-07-09 08:20:05,897 | INFO | enrich_content_tags | Dagshai 2001/05 MAY - 2001/DAGSHAI 28 - 30 MAY 2001/unknown/10 MEDITATION (INCOMPLETE).json: tagged in 2.5s (event_type=bhajan, lang=hindi, topics=['meditation', 'mind-control', 'self-inquiry', 'spiritual-practice'])
2026-07-09 08:20:05,898 | INFO | enrich_content_tags | tagging Dagshai 2001/05 MAY - 2001/DAGSHAI 28 - 30 MAY 2001/unknown/11 MEDITATION (INCOMPLETE).json (chars=417, est_tokens=104, strategy=single-pass)
2026-07-09 08:20:09,044 | INFO | enrich_content_tags | Dagshai 2001/05 MAY - 2001/DAGSHAI 28 - 30 MAY 2001/unknown/11 MEDITATION (INCOMPLETE).json: tagged in 3.1s (event_type=bhajan, lang=hindi, topics=['meditation', 'devotion', 'spiritual-practice', 'divine-presence'])
2026-07-09 08:20:09,046 | INFO | enrich_content_tags | tagging Dagshai 2001/06 JUNE - 2001/11 JUNE - 7 PM/01 MEDITATION.json (chars=977, est_tokens=244, strategy=single-pass)
2026-07-09 08:20:11,617 | INFO | enrich_content_tags | Dagshai 2001/06 JUNE - 2001/11 JUNE - 7 PM/01 MEDITATION.json: tagged in 2.6s (event_type=meditation, lang=hindi, topics=['meditation', 'chanting', 'devotion', 'spiritual-practice'])
2026-07-09 08:20:11,618 | INFO | enrich_content_tags | tagging Dagshai 2001/06 JUNE - 2001/11 JUNE - 7 PM/02 BAAZI LAGAI AISI.json (chars=1073, est_tokens=268, strategy=single-pass)
2026-07-09 08:20:14,097 | INFO | enrich_content_tags | Dagshai 2001/06 JUNE - 2001/11 JUNE - 7 PM/02 BAAZI LAGAI AISI.json: tagged in 2.5s (event_type=bhajan, lang=hindi, topics=['bhajan', 'devotion', 'meditation', 'spiritual-journey', 'love-of-god'])
2026-07-09 08:20:14,099 | INFO | enrich_content_tags | tagging Dagshai 2001/06 JUNE - 2001/11 JUNE - 7 PM/03 SAMBODHAN.json (chars=585, est_tokens=146, strategy=single-pass)
2026-07-09 08:20:17,117 | INFO | enrich_content_tags | Dagshai 2001/06 JUNE - 2001/11 JUNE - 7 PM/03 SAMBODHAN.json: tagged in 3.0s (event_type=meditation, lang=hindi, topics=['meditation', 'evening-prayer', 'weather-contingency', 'spiritual-discourse'])
2026-07-09 08:20:17,118 | INFO | enrich_content_tags | tagging Dagshai 2001/06 JUNE - 2001/12 JUNE - 5 PM/01 SHLOK.json (chars=576, est_tokens=144, strategy=single-pass)
2026-07-09 08:20:19,598 | INFO | enrich_content_tags | Dagshai 2001/06 JUNE - 2001/12 JUNE - 5 PM/01 SHLOK.json: tagged in 2.5s (event_type=bhajan, lang=hindi, topics=['divine-nature', 'omniscience', 'devotion', 'spiritual-wealth'])
2026-07-09 08:20:19,599 | INFO | enrich_content_tags | tagging Dagshai 2001/06 JUNE - 2001/12 JUNE - 5 PM/02 BHEETAR KA RAAG JAGAO.json (chars=943, est_tokens=235, strategy=single-pass)
2026-07-09 08:20:21,980 | INFO | enrich_content_tags | Dagshai 2001/06 JUNE - 2001/12 JUNE - 5 PM/02 BHEETAR KA RAAG JAGAO.json: tagged in 2.4s (event_type=bhajan, lang=hindi, topics=['meditation', 'inner-light', 'holi', 'devotion', 'spiritual-fire'])
2026-07-09 08:20:21,981 | INFO | enrich_content_tags | tagging Dagshai 2001/06 JUNE - 2001/12 JUNE - 5 PM/03 MEDITATION.json (chars=7521, est_tokens=1880, strategy=single-pass)
2026-07-09 08:20:26,399 | INFO | enrich_content_tags | Dagshai 2001/06 JUNE - 2001/12 JUNE - 5 PM/03 MEDITATION.json: tagged in 4.4s (event_type=meditation, lang=hindi, topics=['meditation-technique', 'inner-witness', 'mind-control', 'darkness-illumination', 'self-realization'])
2026-07-09 08:20:26,401 | INFO | enrich_content_tags | tagging Dagshai 2001/06 JUNE - 2001/12 JUNE - 5 PM/04 SAMBODHAN.json (chars=5029, est_tokens=1257, strategy=single-pass)
2026-07-09 08:20:30,646 | INFO | enrich_content_tags | Dagshai 2001/06 JUNE - 2001/12 JUNE - 5 PM/04 SAMBODHAN.json: tagged in 4.2s (event_type=meditation, lang=hindi, topics=['inner-meditation', 'self-knowledge', 'guru-disciple', 'spiritual-awakening', 'childhood-sacrifice'])
2026-07-09 08:20:30,648 | INFO | enrich_content_tags | tagging Dagshai 2001/06 JUNE - 2001/12 JUNE - 5 PM/05 HEY HANSVAHINI.json (chars=11142, est_tokens=2785, strategy=single-pass)
2026-07-09 08:20:36,119 | INFO | enrich_content_tags | Dagshai 2001/06 JUNE - 2001/12 JUNE - 5 PM/05 HEY HANSVAHINI.json: tagged in 5.5s (event_type=bhajan, lang=hindi, topics=['childhood-devotion', 'inner-wisdom', 'meditation', 'education', 'self-inquiry'])
2026-07-09 08:20:36,120 | INFO | enrich_content_tags | tagging Dagshai 2001/06 JUNE - 2001/12 JUNE - 5 PM/06 BATON HI BATON MEIN.json (chars=846, est_tokens=211, strategy=single-pass)
2026-07-09 08:20:39,034 | INFO | enrich_content_tags | Dagshai 2001/06 JUNE - 2001/12 JUNE - 5 PM/06 BATON HI BATON MEIN.json: tagged in 2.9s (event_type=bhajan, lang=hindi, topics=['human-life', 'spiritual-treasure', 'devotion', 'time-passing', 'gratitude'])
2026-07-09 08:20:39,035 | INFO | enrich_content_tags | tagging Dagshai 2001/06 JUNE - 2001/12 JUNE - 5 PM/07 SAMBODHAN.json (chars=255, est_tokens=63, strategy=single-pass)
2026-07-09 08:20:41,263 | INFO | enrich_content_tags | Dagshai 2001/06 JUNE - 2001/12 JUNE - 5 PM/07 SAMBODHAN.json: tagged in 2.2s (event_type=bhajan, lang=hindi, topics=['bhajan', 'guru-bhakti', 'om-chanting'])
2026-07-09 08:20:41,265 | INFO | enrich_content_tags | tagging Dagshai 2001/06 JUNE - 2001/12 JUNE - 5 PM/08 OM GURUVE NAMAH.json (chars=2233, est_tokens=558, strategy=single-pass)
2026-07-09 08:20:44,722 | INFO | enrich_content_tags | Dagshai 2001/06 JUNE - 2001/12 JUNE - 5 PM/08 OM GURUVE NAMAH.json: tagged in 3.5s (event_type=bhajan, lang=hindi, topics=['guru-bhakti', 'nam-simaran', 'bhajan-satsang', 'spiritual-sound', 'divine-love'])
2026-07-09 08:20:44,723 | INFO | enrich_content_tags | tagging Dagshai 2001/06 JUNE - 2001/12 JUNE - 5 PM/09 SAMBODHAN.json (chars=1572, est_tokens=393, strategy=single-pass)
2026-07-09 08:20:47,543 | INFO | enrich_content_tags | Dagshai 2001/06 JUNE - 2001/12 JUNE - 5 PM/09 SAMBODHAN.json: tagged in 2.8s (event_type=discourse, lang=hindi, topics=['heart-opening', 'education-purpose', 'divine-love', 'self-mastery', 'spiritual-journey'])
2026-07-09 08:20:47,544 | INFO | enrich_content_tags | tagging Dagshai 2001/06 JUNE - 2001/12 JUNE - 5 PM/10 SAMBODHAN - SWAMI JI & RISHI JI.json (chars=2291, est_tokens=572, strategy=single-pass)
2026-07-09 08:20:50,772 | INFO | enrich_content_tags | Dagshai 2001/06 JUNE - 2001/12 JUNE - 5 PM/10 SAMBODHAN - SWAMI JI & RISHI JI.json: tagged in 3.3s (event_type=bhajan, lang=hindi, topics=['meditation', 'childhood-development', 'concentration', 'spiritual-practice', 'success'])
2026-07-09 08:20:50,773 | INFO | enrich_content_tags | tagging Dagshai 2001/06 JUNE - 2001/13 JUNE - 5 PM/01 SAMBODHAN.json (chars=698, est_tokens=174, strategy=single-pass)
2026-07-09 08:20:53,510 | INFO | enrich_content_tags | Dagshai 2001/06 JUNE - 2001/13 JUNE - 5 PM/01 SAMBODHAN.json: tagged in 2.7s (event_type=discourse, lang=hindi, topics=['inner-wealth', 'meditation', 'self-discovery', 'inner-journey', 'happiness'])
2026-07-09 08:20:53,511 | INFO | enrich_content_tags | tagging Dagshai 2001/06 JUNE - 2001/13 JUNE - 5 PM/02 LAGAN HARI SE LAGA.json (chars=1600, est_tokens=400, strategy=single-pass)
2026-07-09 08:20:55,863 | INFO | enrich_content_tags | Dagshai 2001/06 JUNE - 2001/13 JUNE - 5 PM/02 LAGAN HARI SE LAGA.json: tagged in 2.4s (event_type=bhajan, lang=hindi, topics=['devotion', 'surrender', 'worldly-renunciation', 'meditation', 'divine-love'])
2026-07-09 08:20:55,864 | INFO | enrich_content_tags | tagging Dagshai 2001/06 JUNE - 2001/13 JUNE - 5 PM/03 OM GURUVE NAMAH.json (chars=410, est_tokens=102, strategy=single-pass)
2026-07-09 08:20:57,945 | INFO | enrich_content_tags | Dagshai 2001/06 JUNE - 2001/13 JUNE - 5 PM/03 OM GURUVE NAMAH.json: tagged in 2.1s (event_type=bhajan, lang=sanskrit, topics=['guru-devotion', 'chanting', 'spiritual-surrender'])
2026-07-09 08:20:57,946 | INFO | enrich_content_tags | tagging Dagshai 2001/06 JUNE - 2001/18 JUNE - 7 PM/01 MEDITATION.json (chars=3706, est_tokens=926, strategy=single-pass)
2026-07-09 08:21:01,342 | INFO | enrich_content_tags | Dagshai 2001/06 JUNE - 2001/18 JUNE - 7 PM/01 MEDITATION.json: tagged in 3.4s (event_type=meditation, lang=hindi, topics=['meditation', 'self-inquiry', 'witness-consciousness', 'mind-control', 'darkness-light'])
2026-07-09 08:21:01,344 | INFO | enrich_content_tags | tagging Dagshai 2001/06 JUNE - 2001/18 JUNE - 7 PM/02 OM GURUVE NAMAH.json (chars=2065, est_tokens=516, strategy=single-pass)
2026-07-09 08:21:03,795 | INFO | enrich_content_tags | Dagshai 2001/06 JUNE - 2001/18 JUNE - 7 PM/02 OM GURUVE NAMAH.json: tagged in 2.4s (event_type=bhajan, lang=hindi, topics=['bhajan', 'devotion', 'self-realization', 'guru-bhakti', 'chanting'])
2026-07-09 08:21:03,796 | INFO | enrich_content_tags | tagging Dagshai 2001/06 JUNE - 2001/19 JUNE - 1230 PM/02 MEDITATION.json (chars=11455, est_tokens=2863, strategy=single-pass)
2026-07-09 08:21:08,923 | INFO | enrich_content_tags | Dagshai 2001/06 JUNE - 2001/19 JUNE - 1230 PM/02 MEDITATION.json: tagged in 5.1s (event_type=meditation, lang=hindi, topics=['meditation', 'self-inquiry', 'mind-control', 'inner-peace', 'ego-transcendence'])
2026-07-09 08:21:08,924 | INFO | enrich_content_tags | tagging Dagshai 2001/06 JUNE - 2001/19 JUNE - 1230 PM/03 SAMBODHAN.json (chars=756, est_tokens=189, strategy=single-pass)
2026-07-09 08:21:11,367 | INFO | enrich_content_tags | Dagshai 2001/06 JUNE - 2001/19 JUNE - 1230 PM/03 SAMBODHAN.json: tagged in 2.4s (event_type=meditation, lang=hindi, topics=['meditation', 'divine-presence', 'bhakti', 'inner-realization'])
2026-07-09 08:21:11,369 | INFO | enrich_content_tags | tagging Dagshai 2001/06 JUNE - 2001/19 JUNE - 1230 PM/04 AA TUJHE MAIN GUNGUNA CHAHATA HU.json (chars=2469, est_tokens=617, strategy=single-pass)
2026-07-09 08:21:14,188 | INFO | enrich_content_tags | Dagshai 2001/06 JUNE - 2001/19 JUNE - 1230 PM/04 AA TUJHE MAIN GUNGUNA CHAHATA HU.json: tagged in 2.9s (event_type=bhajan, lang=hindi, topics=['bhakti', 'self-realization', 'ego-transcendence', 'social-harmony', 'spiritual-light'])
2026-07-09 08:21:14,189 | INFO | enrich_content_tags | tagging Dagshai 2001/06 JUNE - 2001/19 JUNE - 1230 PM/05 OM GURUVE NAMAH.json (chars=2596, est_tokens=649, strategy=single-pass)
2026-07-09 08:21:17,736 | INFO | enrich_content_tags | Dagshai 2001/06 JUNE - 2001/19 JUNE - 1230 PM/05 OM GURUVE NAMAH.json: tagged in 3.5s (event_type=bhajan, lang=hindi, topics=['guru-bhakti', 'meditation', 'silence', 'divine-light', 'self-inquiry'])
2026-07-09 08:21:17,738 | INFO | enrich_content_tags | tagging Dagshai 2001/06 JUNE - 2001/19 JUNE - 1230 PM/06 SAMBODHAN.json (chars=1754, est_tokens=438, strategy=single-pass)
2026-07-09 08:21:21,266 | INFO | enrich_content_tags | Dagshai 2001/06 JUNE - 2001/19 JUNE - 1230 PM/06 SAMBODHAN.json: tagged in 3.5s (event_type=discourse, lang=hindi, topics=['self-awareness', 'inner-wisdom', 'public-opinion', 'spiritual-enlightenment', 'self-inquiry'])
2026-07-09 08:21:21,267 | INFO | enrich_content_tags | tagging Dagshai 2001/06 JUNE - 2001/19 JUNE - 5 AM/01 MEDITATION.json (chars=1741, est_tokens=435, strategy=single-pass)
2026-07-09 08:21:24,061 | INFO | enrich_content_tags | Dagshai 2001/06 JUNE - 2001/19 JUNE - 5 AM/01 MEDITATION.json: tagged in 2.8s (event_type=meditation, lang=hindi, topics=['self-inquiry', 'third-eye', 'mind-control', 'neutral-observation', 'inner-peace'])
2026-07-09 08:21:24,062 | INFO | enrich_content_tags | tagging Dagshai 2001/06 JUNE - 2001/19 JUNE - 5 AM/02 OM GURUVE NAMAH.json (chars=655, est_tokens=163, strategy=single-pass)
2026-07-09 08:21:26,387 | INFO | enrich_content_tags | Dagshai 2001/06 JUNE - 2001/19 JUNE - 5 AM/02 OM GURUVE NAMAH.json: tagged in 2.3s (event_type=bhajan, lang=hindi, topics=['guru-devotion', 'chanting', 'spiritual-surrender'])
2026-07-09 08:21:26,388 | INFO | enrich_content_tags | tagging Dagshai 2001/06 JUNE - 2001/19 JUNE - 5 AM/03 HUME HAIN TALASH TERI.json (chars=9183, est_tokens=2295, strategy=single-pass)
2026-07-09 08:21:30,729 | INFO | enrich_content_tags | Dagshai 2001/06 JUNE - 2001/19 JUNE - 5 AM/03 HUME HAIN TALASH TERI.json: tagged in 4.3s (event_type=bhajan, lang=hindi, topics=['bhajan', 'self-knowledge', 'divine-love', 'transformation', 'grace'])
2026-07-09 08:21:30,730 | INFO | enrich_content_tags | tagging Dagshai 2001/06 JUNE - 2001/19 JUNE - 5 AM/04 SAMBODHAN.json (chars=464, est_tokens=116, strategy=single-pass)
2026-07-09 08:21:32,828 | INFO | enrich_content_tags | Dagshai 2001/06 JUNE - 2001/19 JUNE - 5 AM/04 SAMBODHAN.json: tagged in 2.1s (event_type=meditation, lang=hindi, topics=['meditation', 'individual-practice', 'spiritual-discipline'])
2026-07-09 08:21:32,829 | INFO | enrich_content_tags | tagging Dagshai 2001/06 JUNE - 2001/19 JUNE - 630 PM/01 MEDITATION.json (chars=2139, est_tokens=534, strategy=single-pass)
2026-07-09 08:21:35,609 | INFO | enrich_content_tags | Dagshai 2001/06 JUNE - 2001/19 JUNE - 630 PM/01 MEDITATION.json: tagged in 2.8s (event_type=meditation, lang=hindi, topics=['mind-control', 'self-awareness', 'meditation-practice', 'inner-light', 'spiritual-discipline'])
2026-07-09 08:21:35,611 | INFO | enrich_content_tags | tagging Dagshai 2001/06 JUNE - 2001/19 JUNE - 630 PM/02 OM GURUVE NAMAH.json (chars=3976, est_tokens=994, strategy=single-pass)
2026-07-09 08:21:38,150 | INFO | enrich_content_tags | Dagshai 2001/06 JUNE - 2001/19 JUNE - 630 PM/02 OM GURUVE NAMAH.json: tagged in 2.6s (event_type=bhajan, lang=sanskrit, topics=['guru-bhakti', 'chanting', 'devotion', 'om-chanting'])
2026-07-09 08:21:38,151 | INFO | enrich_content_tags | tagging Dagshai 2001/06 JUNE - 2001/19 JUNE - 630 PM/03 GAFLAT KI NEEND MEIN.json (chars=16805, est_tokens=4201, strategy=single-pass)
2026-07-09 08:21:43,133 | INFO | enrich_content_tags | Dagshai 2001/06 JUNE - 2001/19 JUNE - 630 PM/03 GAFLAT KI NEEND MEIN.json: tagged in 5.0s (event_type=bhajan, lang=hindi, topics=['self-inquiry', 'meditation', 'surrender', 'guru-disciple', 'worldly-attachment'])
2026-07-09 08:21:43,134 | INFO | enrich_content_tags | tagging Dagshai 2001/06 JUNE - 2001/20 JUNE - 12 PM/01 MEDITATION.json (chars=1328, est_tokens=332, strategy=single-pass)
2026-07-09 08:21:45,785 | INFO | enrich_content_tags | Dagshai 2001/06 JUNE - 2001/20 JUNE - 12 PM/01 MEDITATION.json: tagged in 2.7s (event_type=meditation, lang=hindi, topics=['self-observation', 'awareness', 'inner-witness', 'meditation-practice', 'spiritual-science'])
2026-07-09 08:21:45,786 | INFO | enrich_content_tags | tagging Dagshai 2001/06 JUNE - 2001/20 JUNE - 12 PM/02 OM GURUVE NAMAH.json (chars=350, est_tokens=87, strategy=single-pass)
2026-07-09 08:21:48,046 | INFO | enrich_content_tags | Dagshai 2001/06 JUNE - 2001/20 JUNE - 12 PM/02 OM GURUVE NAMAH.json: tagged in 2.2s (event_type=bhajan, lang=sanskrit, topics=['devotion', 'chanting', 'guru-bhakti', ' Invocation'])
2026-07-09 08:21:48,047 | INFO | enrich_content_tags | tagging Dagshai 2001/06 JUNE - 2001/20 JUNE - 5 AM/01 MEDITATION.json (chars=4947, est_tokens=1236, strategy=single-pass)
2026-07-09 08:21:51,901 | INFO | enrich_content_tags | Dagshai 2001/06 JUNE - 2001/20 JUNE - 5 AM/01 MEDITATION.json: tagged in 3.9s (event_type=meditation, lang=hindi, topics=['mind-observation', 'inner-awareness', 'meditation-practice', 'self-inquiry', 'divine-union'])
2026-07-09 08:21:51,902 | INFO | enrich_content_tags | tagging Dagshai 2001/06 JUNE - 2001/20 JUNE - 5 AM/02 OM GURUVE NAMAH.json (chars=299, est_tokens=74, strategy=single-pass)
2026-07-09 08:21:53,788 | INFO | enrich_content_tags | Dagshai 2001/06 JUNE - 2001/20 JUNE - 5 AM/02 OM GURUVE NAMAH.json: tagged in 1.9s (event_type=bhajan, lang=sanskrit, topics=['guru-bhakti', 'chanting', 'devotion'])
2026-07-09 08:21:53,790 | INFO | enrich_content_tags | tagging Dagshai 2001/06 JUNE - 2001/20 JUNE - 630 PM/01 MEDITATION.json (chars=7377, est_tokens=1844, strategy=single-pass)
2026-07-09 08:22:08,755 | ERROR | enrich_content_tags | Dagshai 2001/06 JUNE - 2001/20 JUNE - 630 PM/01 MEDITATION.json: tagging failed (json decode failed: Unterminated string starting at: line 5 column 5328 (char 5481)) — dead-letter dead_letter/tag_failures/Dagshai_2001_06_JUNE_-_2001_20_JUNE_-_630_PM_01_MEDITATION.json.3d9b47b8897c.txt
2026-07-09 08:22:08,756 | ERROR | enrich_content_tags | [435/9168] Dagshai 2001/06 JUNE - 2001/20 JUNE - 630 PM/01 MEDITATION.json: json decode failed: Unterminated string starting at: line 5 column 5328 (char 5481)
2026-07-09 08:22:08,757 | INFO | enrich_content_tags | tagging Dagshai 2001/06 JUNE - 2001/20 JUNE - 630 PM/02 OM GURUVE NAMAH.json (chars=603, est_tokens=150, strategy=single-pass)
2026-07-09 08:22:11,123 | INFO | enrich_content_tags | Dagshai 2001/06 JUNE - 2001/20 JUNE - 630 PM/02 OM GURUVE NAMAH.json: tagged in 2.4s (event_type=bhajan, lang=hindi, topics=['guru-bhakti', 'nam-smaran', 'devotional-songs'])
2026-07-09 08:22:11,125 | INFO | enrich_content_tags | tagging Dagshai 2001/06 JUNE - 2001/20 JUNE - 630 PM/03 DHOOL TERE CHARNO KI.json (chars=25660, est_tokens=6415, strategy=single-pass)
2026-07-09 08:22:29,186 | ERROR | enrich_content_tags | Dagshai 2001/06 JUNE - 2001/20 JUNE - 630 PM/03 DHOOL TERE CHARNO KI.json: tagging failed (json decode failed: Unterminated string starting at: line 232 column 5 (char 5616)) — dead-letter dead_letter/tag_failures/Dagshai_2001_06_JUNE_-_2001_20_JUNE_-_630_PM_03_DHOOL_TERE_CHARNO_KI.json.349809c22c71.txt
2026-07-09 08:22:29,187 | ERROR | enrich_content_tags | [437/9168] Dagshai 2001/06 JUNE - 2001/20 JUNE - 630 PM/03 DHOOL TERE CHARNO KI.json: json decode failed: Unterminated string starting at: line 232 column 5 (char 5616)
2026-07-09 08:22:29,187 | INFO | enrich_content_tags | tagging Dagshai 2001/06 JUNE - 2001/20 JUNE - 630 PM/04 DATA TERE CHARNO KI.json (chars=678, est_tokens=169, strategy=single-pass)
2026-07-09 08:22:31,664 | INFO | enrich_content_tags | Dagshai 2001/06 JUNE - 2001/20 JUNE - 630 PM/04 DATA TERE CHARNO KI.json: tagged in 2.5s (event_type=bhajan, lang=hindi, topics=['bhajan', 'devotion', 'grace', 'heart-opening'])
2026-07-09 08:22:31,665 | INFO | enrich_content_tags | tagging Dagshai 2001/06 JUNE - 2001/20 JUNE - 630 PM/05 DHOOL TERE CHARNO KI.json (chars=2359, est_tokens=589, strategy=single-pass)
2026-07-09 08:22:34,606 | INFO | enrich_content_tags | Dagshai 2001/06 JUNE - 2001/20 JUNE - 630 PM/05 DHOOL TERE CHARNO KI.json: tagged in 2.9s (event_type=bhajan, lang=hindi, topics=['mind-restlessness', 'divine-longing', 'gratitude', 'guru-devotion', 'spiritual-realization'])
2026-07-09 08:22:34,607 | INFO | enrich_content_tags | tagging Dagshai 2001/06 JUNE - 2001/20 JUNE - 630 PM/06 SAMBODHAN - RISHI JI.json (chars=737, est_tokens=184, strategy=single-pass)
2026-07-09 08:22:37,261 | INFO | enrich_content_tags | Dagshai 2001/06 JUNE - 2001/20 JUNE - 630 PM/06 SAMBODHAN - RISHI JI.json: tagged in 2.7s (event_type=bhajan, lang=hindi, topics=['meditation', 'morning-routine', 'nature-worship', 'silence', 'gratitude'])
2026-07-09 08:22:37,262 | INFO | enrich_content_tags | tagging Dagshai 2001/06 JUNE - 2001/21 JUNE - 1215 PM/01 MEDITATION.json (chars=7670, est_tokens=1917, strategy=single-pass)
2026-07-09 08:22:44,148 | INFO | enrich_content_tags | Dagshai 2001/06 JUNE - 2001/21 JUNE - 1215 PM/01 MEDITATION.json: tagged in 6.9s (event_type=meditation, lang=hindi, topics=['meditation', 'self-inquiry', 'devotion', 'mind-control', 'surrender'])
2026-07-09 08:22:44,150 | INFO | enrich_content_tags | tagging Dagshai 2001/06 JUNE - 2001/21 JUNE - 1215 PM/02 JAB DAR PE TUMHARE HI.json (chars=19580, est_tokens=4895, strategy=single-pass)
2026-07-09 08:22:49,861 | INFO | enrich_content_tags | Dagshai 2001/06 JUNE - 2001/21 JUNE - 1215 PM/02 JAB DAR PE TUMHARE HI.json: tagged in 5.7s (event_type=bhajan, lang=hindi, topics=['bhakti', 'self-surrender', 'ego-transcendence', 'devotion', 'spiritual-awakening'])
2026-07-09 08:22:49,862 | INFO | enrich_content_tags | tagging Dagshai 2001/06 JUNE - 2001/21 JUNE - 1215 PM/03 TU AGAR BENAQUAB HO JAYE.json (chars=1664, est_tokens=416, strategy=single-pass)
2026-07-09 08:22:52,344 | INFO | enrich_content_tags | Dagshai 2001/06 JUNE - 2001/21 JUNE - 1215 PM/03 TU AGAR BENAQUAB HO JAYE.json: tagged in 2.5s (event_type=bhajan, lang=hindi, topics=['bhajan', 'telepathy', 'inner-communication', 'ananda', 'devotion'])
2026-07-09 08:22:52,346 | INFO | enrich_content_tags | tagging Dagshai 2001/06 JUNE - 2001/21 JUNE - 1215 PM/04 SAMBODHAN.json (chars=1054, est_tokens=263, strategy=single-pass)
2026-07-09 08:22:55,070 | INFO | enrich_content_tags | Dagshai 2001/06 JUNE - 2001/21 JUNE - 1215 PM/04 SAMBODHAN.json: tagged in 2.7s (event_type=discourse, lang=hindi, topics=['bhajan', 'meditation', 'self-surrender', 'spiritual-joy', 'daily-practice'])
2026-07-09 08:22:55,072 | INFO | enrich_content_tags | tagging Dagshai 2001/06 JUNE - 2001/21 JUNE - 7 AM/01 DATA TERE CHARNO KI (INCOMPLETE).json (chars=5073, est_tokens=1268, strategy=single-pass)
2026-07-09 08:22:58,206 | INFO | enrich_content_tags | Dagshai 2001/06 JUNE - 2001/21 JUNE - 7 AM/01 DATA TERE CHARNO KI (INCOMPLETE).json: tagged in 3.1s (event_type=bhajan, lang=hindi, topics=['mind-control', 'self-awareness', 'meditation', 'devotion', 'spiritual-identity'])
2026-07-09 08:22:58,207 | INFO | enrich_content_tags | tagging Dagshai 2001/06 JUNE - 2001/21 JUNE - 7 AM/02 SAMBODHAN.json (chars=2206, est_tokens=551, strategy=single-pass)
2026-07-09 08:23:01,382 | INFO | enrich_content_tags | Dagshai 2001/06 JUNE - 2001/21 JUNE - 7 AM/02 SAMBODHAN.json: tagged in 3.2s (event_type=discourse, lang=hindi, topics=['meditation', 'nature-worship', 'self-inquiry', 'yoga', 'devotion'])
2026-07-09 08:23:01,383 | INFO | enrich_content_tags | tagging Dagshai 2001/06 JUNE - 2001/23 JUNE - 630 PM/01 MEDITATION.json (chars=4204, est_tokens=1051, strategy=single-pass)
2026-07-09 08:23:05,613 | INFO | enrich_content_tags | Dagshai 2001/06 JUNE - 2001/23 JUNE - 630 PM/01 MEDITATION.json: tagged in 4.2s (event_type=meditation, lang=hindi, topics=['self-inquiry', 'inner-wisdom', 'divine-love', 'meditation-practice', 'spiritual-transformation'])
2026-07-09 08:23:05,615 | INFO | enrich_content_tags | tagging Dagshai 2001/06 JUNE - 2001/23 JUNE - 630 PM/02 PRAVACHAN.json (chars=5191, est_tokens=1297, strategy=single-pass)
2026-07-09 08:23:10,100 | INFO | enrich_content_tags | Dagshai 2001/06 JUNE - 2001/23 JUNE - 630 PM/02 PRAVACHAN.json: tagged in 4.5s (event_type=discourse, lang=hindi, topics=['thirst-for-god', 'surrender', 'devotion', 'suffering', 'spiritual-path'])
2026-07-09 08:23:10,102 | INFO | enrich_content_tags | tagging Dagshai 2001/06 JUNE - 2001/23 JUNE - 630 PM/03 TERE DAR PE MERE GURUVAR.json (chars=17581, est_tokens=4395, strategy=single-pass)
2026-07-09 08:23:27,445 | ERROR | enrich_content_tags | Dagshai 2001/06 JUNE - 2001/23 JUNE - 630 PM/03 TERE DAR PE MERE GURUVAR.json: tagging failed (json decode failed: Unterminated string starting at: line 5 column 4784 (char 4933)) — dead-letter dead_letter/tag_failures/Dagshai_2001_06_JUNE_-_2001_23_JUNE_-_630_PM_03_TERE_DAR_PE_MERE_GURUVAR.json.3b4a6f1681e8.txt
2026-07-09 08:23:27,446 | ERROR | enrich_content_tags | [449/9168] Dagshai 2001/06 JUNE - 2001/23 JUNE - 630 PM/03 TERE DAR PE MERE GURUVAR.json: json decode failed: Unterminated string starting at: line 5 column 4784 (char 4933)
2026-07-09 08:23:27,447 | INFO | enrich_content_tags | tagging Dagshai 2001/06 JUNE - 2001/23 JUNE - 630 PM/04 ZARA TO KHUL KE BARAS.json (chars=12902, est_tokens=3225, strategy=single-pass)
2026-07-09 08:23:33,007 | INFO | enrich_content_tags | Dagshai 2001/06 JUNE - 2001/23 JUNE - 630 PM/04 ZARA TO KHUL KE BARAS.json: tagged in 5.6s (event_type=bhajan, lang=hindi, topics=['bhajan', 'devotion', 'self-surrender', 'ego-death', 'guru-grace'])
2026-07-09 08:23:33,009 | INFO | enrich_content_tags | tagging Dagshai 2001/06 JUNE - 2001/23 JUNE - 630 PM/05 SAMBODHAN.json (chars=511, est_tokens=127, strategy=single-pass)
2026-07-09 08:23:35,952 | INFO | enrich_content_tags | Dagshai 2001/06 JUNE - 2001/23 JUNE - 630 PM/05 SAMBODHAN.json: tagged in 2.9s (event_type=discourse, lang=hindi, topics=['devotion', 'grace', 'spiritual-life', 'nature-metaphor'])
2026-07-09 08:23:35,953 | INFO | enrich_content_tags | tagging Dagshai 2001/06 JUNE - 2001/23 JUNE - 630 PM/06 SAMBODHAN - RISHI JI.json (chars=936, est_tokens=234, strategy=single-pass)
2026-07-09 08:23:39,491 | INFO | enrich_content_tags | Dagshai 2001/06 JUNE - 2001/23 JUNE - 630 PM/06 SAMBODHAN - RISHI JI.json: tagged in 3.6s (event_type=bhajan, lang=hindi, topics=['meditation', 'evening-satsang', 'morning-practice', 'weather-contingency', 'spiritual-discipline'])
2026-07-09 08:23:39,492 | INFO | enrich_content_tags | tagging Dagshai 2001/06 JUNE - 2001/24 JUNE - 12 PM/01 MEDITATION.json (chars=6842, est_tokens=1710, strategy=single-pass)
2026-07-09 08:23:43,682 | INFO | enrich_content_tags | Dagshai 2001/06 JUNE - 2001/24 JUNE - 12 PM/01 MEDITATION.json: tagged in 4.2s (event_type=meditation, lang=hindi, topics=['self-inquiry', 'third-eye', 'mind-control', 'surrender', 'present-moment'])
2026-07-09 08:23:43,684 | INFO | enrich_content_tags | tagging Dagshai 2001/06 JUNE - 2001/24 JUNE - 12 PM/02 PRAVACHAN.json (chars=8948, est_tokens=2237, strategy=single-pass)
2026-07-09 08:23:49,118 | INFO | enrich_content_tags | Dagshai 2001/06 JUNE - 2001/24 JUNE - 12 PM/02 PRAVACHAN.json: tagged in 5.4s (event_type=discourse, lang=hindi, topics=['self-realization', 'meditation', 'inner-knowledge', 'saints-gurus', 'maya-transformation'])
2026-07-09 08:23:49,120 | INFO | enrich_content_tags | tagging Dagshai 2001/06 JUNE - 2001/24 JUNE - 12 PM/03 KUCH NA BIGEDEGA TERA (INCOMPLETE).json (chars=7872, est_tokens=1968, strategy=single-pass)
2026-07-09 08:23:54,365 | INFO | enrich_content_tags | Dagshai 2001/06 JUNE - 2001/24 JUNE - 12 PM/03 KUCH NA BIGEDEGA TERA (INCOMPLETE).json: tagged in 5.2s (event_type=bhajan, lang=hindi, topics=['bhajan', 'self-inquiry', 'bhagavad-gita', 'devotion', 'inner-realization'])
2026-07-09 08:23:54,366 | INFO | enrich_content_tags | tagging Dagshai 2001/06 JUNE - 2001/24 JUNE - 7 AM/02 MEDITATION.json (chars=12385, est_tokens=3096, strategy=single-pass)
2026-07-09 08:23:59,043 | INFO | enrich_content_tags | Dagshai 2001/06 JUNE - 2001/24 JUNE - 7 AM/02 MEDITATION.json: tagged in 4.7s (event_type=meditation, lang=hindi, topics=['self-inquiry', 'witness-consciousness', 'mind-detachment', 'divine-love', 'inner-peace'])
2026-07-09 08:23:59,045 | INFO | enrich_content_tags | tagging Dagshai 2001/06 JUNE - 2001/24 JUNE - 7 AM/03 DHYAN HARI KA.json (chars=22341, est_tokens=5585, strategy=single-pass)
2026-07-09 08:24:16,580 | ERROR | enrich_content_tags | Dagshai 2001/06 JUNE - 2001/24 JUNE - 7 AM/03 DHYAN HARI KA.json: tagging failed (json decode failed: Unterminated string starting at: line 7 column 3981 (char 4448)) — dead-letter dead_letter/tag_failures/Dagshai_2001_06_JUNE_-_2001_24_JUNE_-_7_AM_03_DHYAN_HARI_KA.json.7ca109c62a4d.txt
2026-07-09 08:24:16,580 | ERROR | enrich_content_tags | [457/9168] Dagshai 2001/06 JUNE - 2001/24 JUNE - 7 AM/03 DHYAN HARI KA.json: json decode failed: Unterminated string starting at: line 7 column 3981 (char 4448)
2026-07-09 08:24:16,581 | INFO | enrich_content_tags | tagging Dagshai 2001/06 JUNE - 2001/24 JUNE - 7 AM/04 OM GURUVE NAMAH.json (chars=282, est_tokens=70, strategy=single-pass)
2026-07-09 08:24:18,859 | INFO | enrich_content_tags | Dagshai 2001/06 JUNE - 2001/24 JUNE - 7 AM/04 OM GURUVE NAMAH.json: tagged in 2.2s (event_type=bhajan, lang=hindi, topics=['om-chanting', 'devotional-prayer', 'spiritual-invocation'])
2026-07-09 08:24:18,860 | INFO | enrich_content_tags | tagging Dagshai 2001/06 JUNE - 2001/24 JUNE - 7 AM/05 SAMBODHAN - RISHI JI.json (chars=551, est_tokens=137, strategy=single-pass)
2026-07-09 08:24:21,542 | INFO | enrich_content_tags | Dagshai 2001/06 JUNE - 2001/24 JUNE - 7 AM/05 SAMBODHAN - RISHI JI.json: tagged in 2.7s (event_type=bhajan, lang=hindi, topics=['bhajan', 'meditation', 'devotion', 'sangit'])
2026-07-09 08:24:21,544 | INFO | enrich_content_tags | tagging Dagshai 2001/06 JUNE - 2001/24 JUNE - 7 PM/01 MEDITATION.json (chars=3601, est_tokens=900, strategy=single-pass)
2026-07-09 08:24:25,165 | INFO | enrich_content_tags | Dagshai 2001/06 JUNE - 2001/24 JUNE - 7 PM/01 MEDITATION.json: tagged in 3.6s (event_type=meditation, lang=hindi, topics=['meditation', 'self-observation', 'mind-control', 'thoughtlessness', 'awareness'])
2026-07-09 08:24:25,167 | INFO | enrich_content_tags | tagging Dagshai 2001/06 JUNE - 2001/24 JUNE - 7 PM/02 OM GURUVE NAMAH.json (chars=545, est_tokens=136, strategy=single-pass)
2026-07-09 08:24:27,586 | INFO | enrich_content_tags | Dagshai 2001/06 JUNE - 2001/24 JUNE - 7 PM/02 OM GURUVE NAMAH.json: tagged in 2.4s (event_type=bhajan, lang=hindi, topics=['guru-bhakti', 'mantra-japa', 'spiritual-devotion'])
2026-07-09 08:24:27,588 | INFO | enrich_content_tags | tagging Dagshai 2001/06 JUNE - 2001/24 JUNE - 7 PM/03 GURUDEV MERE GURUDEV MERE.json (chars=8307, est_tokens=2076, strategy=single-pass)
2026-07-09 08:24:31,823 | INFO | enrich_content_tags | Dagshai 2001/06 JUNE - 2001/24 JUNE - 7 PM/03 GURUDEV MERE GURUDEV MERE.json: tagged in 4.3s (event_type=bhajan, lang=hindi, topics=['guru-bhakti', 'ramakrishna-paramahansa', 'ganga-dip', 'self-inquiry', 'spiritual-life'])
2026-07-09 08:24:31,825 | INFO | enrich_content_tags | tagging Dagshai 2001/06 JUNE - 2001/24 JUNE - 7 PM/04 JO NA KABE MEIN HAIN.json (chars=9658, est_tokens=2414, strategy=single-pass)
2026-07-09 08:24:36,372 | INFO | enrich_content_tags | Dagshai 2001/06 JUNE - 2001/24 JUNE - 7 PM/04 JO NA KABE MEIN HAIN.json: tagged in 4.5s (event_type=bhajan, lang=hindi, topics=['devotion', 'caste-transcendence', 'meditation', 'death-awareness', 'divine-love'])
2026-07-09 08:24:36,373 | INFO | enrich_content_tags | tagging Dagshai 2001/06 JUNE - 2001/24 JUNE - 7 PM/05 GURUDEV MERE GURUDEV MERE.json (chars=2448, est_tokens=612, strategy=single-pass)
2026-07-09 08:24:39,082 | INFO | enrich_content_tags | Dagshai 2001/06 JUNE - 2001/24 JUNE - 7 PM/05 GURUDEV MERE GURUDEV MERE.json: tagged in 2.7s (event_type=bhajan, lang=hindi, topics=['bhakti', 'divine-love', 'spiritual-longing', 'sufi-poetry', 'devotion'])
2026-07-09 08:24:39,083 | INFO | enrich_content_tags | tagging Dagshai 2001/06 JUNE - 2001/24 JUNE - 7 PM/06 SAMBODHAN.json (chars=868, est_tokens=217, strategy=single-pass)
2026-07-09 08:24:42,140 | INFO | enrich_content_tags | Dagshai 2001/06 JUNE - 2001/24 JUNE - 7 PM/06 SAMBODHAN.json: tagged in 3.1s (event_type=meditation, lang=hindi, topics=['meditation', 'present-moment', 'energy-healing', 'self-awareness'])
2026-07-09 08:24:42,141 | INFO | enrich_content_tags | tagging Dagshai 2001/06 JUNE - 2001/24 JUNE - 7 PM/07 SAMBODHAN - RISHI JI.json (chars=742, est_tokens=185, strategy=single-pass)
2026-07-09 08:24:44,461 | INFO | enrich_content_tags | Dagshai 2001/06 JUNE - 2001/24 JUNE - 7 PM/07 SAMBODHAN - RISHI JI.json: tagged in 2.3s (event_type=bhajan, lang=hindi, topics=['bhajan', 'devotion', 'spiritual-songs'])
2026-07-09 08:24:44,463 | INFO | enrich_content_tags | tagging Dagshai 2001/06 JUNE - 2001/25 JUNE - 715 AM/01 MEDITATION.json (chars=1972, est_tokens=493, strategy=single-pass)
2026-07-09 08:24:47,383 | INFO | enrich_content_tags | Dagshai 2001/06 JUNE - 2001/25 JUNE - 715 AM/01 MEDITATION.json: tagged in 2.9s (event_type=meditation, lang=hindi, topics=['meditation', 'self-awareness', 'thoughtlessness', 'shiva-netra', 'consciousness'])
2026-07-09 08:24:47,385 | INFO | enrich_content_tags | tagging Dagshai 2001/06 JUNE - 2001/25 JUNE - 715 AM/02 SHLOK.json (chars=353, est_tokens=88, strategy=single-pass)
2026-07-09 08:24:49,926 | INFO | enrich_content_tags | Dagshai 2001/06 JUNE - 2001/25 JUNE - 715 AM/02 SHLOK.json: tagged in 2.6s (event_type=bhajan, lang=hindi, topics=['divine-presence', 'spiritual-poverty', 'bhakti', 'nature-of-god'])
2026-07-09 08:24:49,928 | INFO | enrich_content_tags | tagging Dagshai 2001/06 JUNE - 2001/25 JUNE - 715 AM/03 HEY PRABHU KAR HI DO.json (chars=31153, est_tokens=7788, strategy=single-pass)
2026-07-09 08:25:00,491 | INFO | enrich_content_tags | Dagshai 2001/06 JUNE - 2001/25 JUNE - 715 AM/03 HEY PRABHU KAR HI DO.json: tagged in 10.5s (event_type=bhajan, lang=hindi, topics=['bhakti', 'self-inquiry', 'karma-yoga', 'parenting', 'devotion'])
2026-07-09 08:25:00,493 | INFO | enrich_content_tags | tagging Dagshai 2001/06 JUNE - 2001/25 JUNE - 715 AM/04 SAMBODHAN.json (chars=259, est_tokens=64, strategy=single-pass)
2026-07-09 08:25:02,620 | INFO | enrich_content_tags | Dagshai 2001/06 JUNE - 2001/25 JUNE - 715 AM/04 SAMBODHAN.json: tagged in 2.1s (event_type=discourse, lang=hindi, topics=['schedule', 'shivaratri', 'attendance'])
2026-07-09 08:25:02,621 | INFO | enrich_content_tags | tagging Dagshai 2001/06 JUNE - 2001/25 JUNE - 715 AM/05 SAMBODHAN - RISHI JI.json (chars=598, est_tokens=149, strategy=single-pass)
2026-07-09 08:25:05,203 | INFO | enrich_content_tags | Dagshai 2001/06 JUNE - 2001/25 JUNE - 715 AM/05 SAMBODHAN - RISHI JI.json: tagged in 2.6s (event_type=bhajan, lang=hindi, topics=['bhajan', 'morning-prayer', 'silence', 'gratitude'])
2026-07-09 08:25:05,204 | INFO | enrich_content_tags | tagging Dagshai 2001/06 JUNE - 2001/28 JUNE - 7 PM/01 MEDITATION.json (chars=2164, est_tokens=541, strategy=single-pass)
2026-07-09 08:26:00,094 | INFO | enrich_content_tags | Dagshai 2001/06 JUNE - 2001/28 JUNE - 7 PM/01 MEDITATION.json: tagged in 3.1s (event_type=meditation, lang=hindi, topics=['meditation', 'self-observation', 'mind-control', 'inner-awareness', 'spiritual-practice'])
2026-07-09 08:26:00,096 | INFO | enrich_content_tags | tagging Dagshai 2001/06 JUNE - 2001/28 JUNE - 7 PM/02 OM GURUVE NAMAH.json (chars=1641, est_tokens=410, strategy=single-pass)
2026-07-09 08:25:11,476 | INFO | enrich_content_tags | Dagshai 2001/06 JUNE - 2001/28 JUNE - 7 PM/02 OM GURUVE NAMAH.json: tagged in 3.1s (event_type=bhajan, lang=mixed, topics=['guru-bhakti', 'chanting', 'present-moment', 'devotion', 'spiritual-vibration'])
2026-07-09 08:25:11,478 | INFO | enrich_content_tags | tagging Dagshai 2001/06 JUNE - 2001/28 JUNE - 7 PM/03 SAMBODHAN.json (chars=8520, est_tokens=2130, strategy=single-pass)
2026-07-09 08:25:15,012 | INFO | enrich_content_tags | Dagshai 2001/06 JUNE - 2001/28 JUNE - 7 PM/03 SAMBODHAN.json: tagged in 3.9s (event_type=discourse, lang=hindi, topics=['meditation', 'seva', 'self-inquiry', 'inner-peace', 'spiritual-discipline'])
2026-07-09 08:25:15,013 | INFO | enrich_content_tags | tagging Dagshai 2001/06 JUNE - 2001/28 JUNE - 7 PM/04 HUM TO HAMARI MASTI MEIN.json (chars=6666, est_tokens=1666, strategy=single-pass)
2026-07-09 08:25:19,130 | INFO | enrich_content_tags | Dagshai 2001/06 JUNE - 2001/28 JUNE - 7 PM/04 HUM TO HAMARI MASTI MEIN.json: tagged in 4.1s (event_type=bhajan, lang=hindi, topics=['bhajan', 'devotion', 'self-inquiry', 'ashram-life', 'gratitude'])
2026-07-09 08:25:19,131 | INFO | enrich_content_tags | tagging Dagshai 2001/06 JUNE - 2001/28 JUNE - 7 PM/05 LAGAN HARI SE LAGA BAITHE.json (chars=570, est_tokens=142, strategy=single-pass)
2026-07-09 08:25:21,583 | INFO | enrich_content_tags | Dagshai 2001/06 JUNE - 2001/28 JUNE - 7 PM/05 LAGAN HARI SE LAGA BAITHE.json: tagged in 2.5s (event_type=bhajan, lang=hindi, topics=['devotion', 'surrender', 'bhakti-yoga', 'service', 'spiritual-life'])
2026-07-09 08:25:21,585 | INFO | enrich_content_tags | tagging Dagshai 2001/06 JUNE - 2001/28 JUNE - 7 PM/06 SAMBODHAN.json (chars=3649, est_tokens=912, strategy=single-pass)
2026-07-09 08:25:24,725 | INFO | enrich_content_tags | Dagshai 2001/06 JUNE - 2001/28 JUNE - 7 PM/06 SAMBODHAN.json: tagged in 3.1s (event_type=discourse, lang=hindi, topics=['meditation', 'devotion', 'self-inquiry', 'spiritual-life', 'inner-longing'])
2026-07-09 08:25:24,726 | INFO | enrich_content_tags | tagging Dagshai 2001/06 JUNE - 2001/29 JUNE - 7 PM/01 OM GURUVE NAMAH.json (chars=840, est_tokens=210, strategy=single-pass)
2026-07-09 08:25:26,733 | INFO | enrich_content_tags | Dagshai 2001/06 JUNE - 2001/29 JUNE - 7 PM/01 OM GURUVE NAMAH.json: tagged in 2.0s (event_type=bhajan, lang=hindi, topics=['guru-bhakti', 'om-chanting', 'spiritual-devotion'])
2026-07-09 08:25:26,734 | INFO | enrich_content_tags | tagging Dagshai 2001/06 JUNE - 2001/29 JUNE - 7 PM/02 FAKIRON KI DUNIYA.json (chars=1826, est_tokens=456, strategy=single-pass)
2026-07-09 08:25:29,304 | INFO | enrich_content_tags | Dagshai 2001/06 JUNE - 2001/29 JUNE - 7 PM/02 FAKIRON KI DUNIYA.json: tagged in 2.6s (event_type=bhajan, lang=hindi, topics=['bhakti', 'sufism', 'devotion', 'spiritual-life'])
2026-07-09 08:25:29,305 | INFO | enrich_content_tags | tagging Dagshai 2001/06 JUNE - 2001/29 JUNE - 7 PM/03 SAMBODHAN.json (chars=2350, est_tokens=587, strategy=single-pass)
2026-07-09 08:25:34,564 | INFO | enrich_content_tags | Dagshai 2001/06 JUNE - 2001/29 JUNE - 7 PM/03 SAMBODHAN.json: tagged in 5.3s (event_type=discourse, lang=hindi, topics=['daily-routine', 'tea-arrangement', 'health-wellness', 'discipline', 'meditation'])
2026-07-09 08:25:34,565 | INFO | enrich_content_tags | tagging Dagshai 2001/06 JUNE - 2001/30 JUNE - 7 PM/01 MEDITATION.json (chars=2591, est_tokens=647, strategy=single-pass)
2026-07-09 08:25:37,405 | INFO | enrich_content_tags | Dagshai 2001/06 JUNE - 2001/30 JUNE - 7 PM/01 MEDITATION.json: tagged in 2.8s (event_type=meditation, lang=hindi, topics=['meditation', 'self-inquiry', 'mind-control', 'inner-peace', 'self-reflection'])
2026-07-09 08:25:37,406 | INFO | enrich_content_tags | tagging Dagshai 2001/06 JUNE - 2001/30 JUNE - 7 PM/02 JAGAT KE RANG KYA DEKHU.json (chars=1926, est_tokens=481, strategy=single-pass)
2026-07-09 08:25:40,066 | INFO | enrich_content_tags | Dagshai 2001/06 JUNE - 2001/30 JUNE - 7 PM/02 JAGAT KE RANG KYA DEKHU.json: tagged in 2.6s (event_type=bhajan, lang=hindi, topics=['bhakti', 'divine-love', 'detachment', 'devotion'])
2026-07-09 08:25:40,067 | INFO | enrich_content_tags | tagging Dagshai 2001/06 JUNE - 2001/30 JUNE - 7 PM/03 OM GURUVE NAMAH.json (chars=1065, est_tokens=266, strategy=single-pass)
2026-07-09 08:25:42,290 | INFO | enrich_content_tags | Dagshai 2001/06 JUNE - 2001/30 JUNE - 7 PM/03 OM GURUVE NAMAH.json: tagged in 2.2s (event_type=bhajan, lang=sanskrit, topics=['devotion', 'chanting', 'guru-bhakti', 'nama-smarana'])
2026-07-09 08:25:42,291 | INFO | enrich_content_tags | tagging Dagshai 2001/06 JUNE - 2001/30 JUNE - 7 PM/04 SAMBODHAN.json (chars=2348, est_tokens=587, strategy=single-pass)
2026-07-09 08:25:45,220 | INFO | enrich_content_tags | Dagshai 2001/06 JUNE - 2001/30 JUNE - 7 PM/04 SAMBODHAN.json: tagged in 3.0s (event_type=meditation, lang=hindi, topics=['self-inquiry', 'meditation', 'inner-peace', 'service', 'purity'])
2026-07-09 08:25:45,221 | INFO | enrich_content_tags | tagging Dagshai 2001/06 JUNE - 2001/4 JUNE - 3 PM/01 MEDITATION.json (chars=5005, est_tokens=1251, strategy=single-pass)
2026-07-09 08:25:48,852 | INFO | enrich_content_tags | Dagshai 2001/06 JUNE - 2001/4 JUNE - 3 PM/01 MEDITATION.json: tagged in 3.6s (event_type=meditation, lang=hindi, topics=['meditation', 'self-inquiry', 'mind-witness', 'inner-peace', 'awareness'])
2026-07-09 08:25:48,853 | INFO | enrich_content_tags | tagging Dagshai 2001/06 JUNE - 2001/4 JUNE - 3 PM/02 ZINDIGI KA SAFAR.json (chars=13818, est_tokens=3454, strategy=single-pass)
2026-07-09 08:25:53,626 | INFO | enrich_content_tags | Dagshai 2001/06 JUNE - 2001/4 JUNE - 3 PM/02 ZINDIGI KA SAFAR.json: tagged in 4.8s (event_type=bhajan, lang=hindi, topics=['self-inquiry', 'inner-peace', 'life-struggle', 'meditation', 'surrender'])
2026-07-09 08:25:53,627 | INFO | enrich_content_tags | tagging Dagshai 2001/06 JUNE - 2001/4 JUNE - 3 PM/03 OM GURUVE NAMAH.json (chars=1522, est_tokens=380, strategy=single-pass)
2026-07-09 08:25:56,126 | INFO | enrich_content_tags | Dagshai 2001/06 JUNE - 2001/4 JUNE - 3 PM/03 OM GURUVE NAMAH.json: tagged in 2.5s (event_type=bhajan, lang=hindi, topics=['guru-bhakti', 'om-chanting', 'spiritual-surrender', 'divine-name'])
2026-07-09 08:25:56,128 | INFO | enrich_content_tags | tagging Dagshai 2001/06 JUNE - 2001/4 JUNE - 3 PM/04 SAMBODHAN.json (chars=1716, est_tokens=429, strategy=single-pass)
2026-07-09 08:26:01,032 | INFO | enrich_content_tags | Dagshai 2001/06 JUNE - 2001/4 JUNE - 3 PM/04 SAMBODHAN.json: tagged in 4.9s (event_type=discourse, lang=mixed, topics=['meditation', 'spiritual-life', 'self-inquiry', 'materialism', 'satsang'])
2026-07-09 08:26:01,033 | INFO | enrich_content_tags | tagging Dagshai 2001/06 JUNE - 2001/4 JUNE - 7 PM/01 MEDITATION.json (chars=562, est_tokens=140, strategy=single-pass)
2026-07-09 08:26:03,316 | INFO | enrich_content_tags | Dagshai 2001/06 JUNE - 2001/4 JUNE - 7 PM/01 MEDITATION.json: tagged in 2.3s (event_type=meditation, lang=mixed, topics=['meditation', 'discipline', 'chanting', 'om-guru-vaishnavam'])
2026-07-09 08:26:03,317 | INFO | enrich_content_tags | tagging Dagshai 2001/06 JUNE - 2001/4 JUNE - 7 PM/02 OM GURUVE NAMAH.json (chars=783, est_tokens=195, strategy=single-pass)
2026-07-09 08:26:05,490 | INFO | enrich_content_tags | Dagshai 2001/06 JUNE - 2001/4 JUNE - 7 PM/02 OM GURUVE NAMAH.json: tagged in 2.2s (event_type=bhajan, lang=hindi, topics=['guru-bhakti', ' Invocation', 'chanting', 'spiritual-devotion'])
2026-07-09 08:26:05,492 | INFO | enrich_content_tags | tagging Dagshai 2001/06 JUNE - 2001/5 JUNE - 7 PM/01 SANT SHARAN MAN LAG RE.json (chars=26082, est_tokens=6520, strategy=single-pass)
2026-07-09 08:26:23,767 | ERROR | enrich_content_tags | Dagshai 2001/06 JUNE - 2001/5 JUNE - 7 PM/01 SANT SHARAN MAN LAG RE.json: tagging failed (json decode failed: Unterminated string starting at: line 5 column 4368 (char 4502)) — dead-letter dead_letter/tag_failures/Dagshai_2001_06_JUNE_-_2001_5_JUNE_-_7_PM_01_SANT_SHARAN_MAN_LAG_RE.json.dbc9a99406d5.txt
2026-07-09 08:26:23,767 | ERROR | enrich_content_tags | [491/9168] Dagshai 2001/06 JUNE - 2001/5 JUNE - 7 PM/01 SANT SHARAN MAN LAG RE.json: json decode failed: Unterminated string starting at: line 5 column 4368 (char 4502)
2026-07-09 08:26:23,768 | INFO | enrich_content_tags | tagging Dagshai 2001/06 JUNE - 2001/5 JUNE - 7 PM/02 OM GURUVE NAMAH.json (chars=1424, est_tokens=356, strategy=single-pass)
2026-07-09 08:26:26,364 | INFO | enrich_content_tags | Dagshai 2001/06 JUNE - 2001/5 JUNE - 7 PM/02 OM GURUVE NAMAH.json: tagged in 2.6s (event_type=bhajan, lang=hindi, topics=['bhajan', 'guru-bhakti', 'om-chanting', 'devotion', 'spiritual-practice'])
2026-07-09 08:26:26,365 | INFO | enrich_content_tags | tagging Dagshai 2001/06 JUNE - 2001/5 JUNE - 7 PM/03 SAMBODHAN.json (chars=3161, est_tokens=790, strategy=single-pass)
2026-07-09 08:26:29,450 | INFO | enrich_content_tags | Dagshai 2001/06 JUNE - 2001/5 JUNE - 7 PM/03 SAMBODHAN.json: tagged in 3.1s (event_type=discourse, lang=hindi, topics=['self-surrender', 'selfless-service', 'love-devotion', 'spiritual-transformation', 'humanity'])
2026-07-09 08:26:29,451 | INFO | enrich_content_tags | tagging Dagshai 2001/06 JUNE - 2001/DAGSHAI 1 - 3 JUNE 2001/1 JUNE - 1$ - 7 PM/01 MEDITATION.json (chars=13252, est_tokens=3313, strategy=single-pass)
2026-07-09 08:26:34,912 | INFO | enrich_content_tags | Dagshai 2001/06 JUNE - 2001/DAGSHAI 1 - 3 JUNE 2001/1 JUNE - 1$ - 7 PM/01 MEDITATION.json: tagged in 5.5s (event_type=meditation, lang=hindi, topics=['self-inquiry', 'witness-consciousness', 'inner-peace', 'meditation-technique', 'divine-presence'])
2026-07-09 08:26:34,913 | INFO | enrich_content_tags | tagging Dagshai 2001/06 JUNE - 2001/DAGSHAI 1 - 3 JUNE 2001/1 JUNE - 1$ - 7 PM/02 PRAVACHAN.json (chars=4847, est_tokens=1211, strategy=single-pass)
2026-07-09 08:26:38,841 | INFO | enrich_content_tags | Dagshai 2001/06 JUNE - 2001/DAGSHAI 1 - 3 JUNE 2001/1 JUNE - 1$ - 7 PM/02 PRAVACHAN.json: tagged in 3.9s (event_type=discourse, lang=hindi, topics=['self-realization', 'divine-presence', 'surrender', 'inner-peace', 'spiritual-awakening'])
2026-07-09 08:26:38,843 | INFO | enrich_content_tags | tagging Dagshai 2001/06 JUNE - 2001/DAGSHAI 1 - 3 JUNE 2001/1 JUNE - 1$ - 7 PM/03 TU NISHANE BE NISHA HAIN.json (chars=18683, est_tokens=4670, strategy=single-pass)
2026-07-09 08:26:45,100 | INFO | enrich_content_tags | Dagshai 2001/06 JUNE - 2001/DAGSHAI 1 - 3 JUNE 2001/1 JUNE - 1$ - 7 PM/03 TU NISHANE BE NISHA HAIN.json: tagged in 6.3s (event_type=bhajan, lang=hindi, topics=['bhakti', 'self-inquiry', 'ego', 'divine-love', 'surrender'])
2026-07-09 08:26:45,101 | INFO | enrich_content_tags | tagging Dagshai 2001/06 JUNE - 2001/DAGSHAI 1 - 3 JUNE 2001/1 JUNE - 1$ - 7 PM/04 SAMBODHAN.json (chars=2417, est_tokens=604, strategy=single-pass)
2026-07-09 08:27:40,200 | INFO | enrich_content_tags | Dagshai 2001/06 JUNE - 2001/DAGSHAI 1 - 3 JUNE 2001/1 JUNE - 1$ - 7 PM/04 SAMBODHAN.json: tagged in 3.4s (event_type=discourse, lang=hindi, topics=['inner-peace', 'spiritual-struggle', 'divine-love', 'meditation', 'transformation'])
2026-07-09 08:27:40,202 | INFO | enrich_content_tags | tagging Dagshai 2001/06 JUNE - 2001/DAGSHAI 1 - 3 JUNE 2001/1 JUNE - 1$ - 7 PM/05 SAMBODHAN - RISHI JI.json (chars=418, est_tokens=104, strategy=single-pass)
2026-07-09 08:26:50,819 | INFO | enrich_content_tags | Dagshai 2001/06 JUNE - 2001/DAGSHAI 1 - 3 JUNE 2001/1 JUNE - 1$ - 7 PM/05 SAMBODHAN - RISHI JI.json: tagged in 2.4s (event_type=bhajan, lang=hindi, topics=['meditation', 'bhajan', 'spiritual-practice', 'devotion', 'schedule'])
2026-07-09 08:26:50,820 | INFO | enrich_content_tags | tagging Dagshai 2001/06 JUNE - 2001/DAGSHAI 1 - 3 JUNE 2001/2 JUNE - 2$ - 6 AM/01 MEDITATION.json (chars=8074, est_tokens=2018, strategy=single-pass)
2026-07-09 08:26:55,235 | INFO | enrich_content_tags | Dagshai 2001/06 JUNE - 2001/DAGSHAI 1 - 3 JUNE 2001/2 JUNE - 2$ - 6 AM/01 MEDITATION.json: tagged in 4.4s (event_type=meditation, lang=hindi, topics=['meditation', 'self-awareness', 'mind-control', 'inner-peace', 'spiritual-practice'])
2026-07-09 08:26:55,236 | INFO | enrich_content_tags | tagging Dagshai 2001/06 JUNE - 2001/DAGSHAI 1 - 3 JUNE 2001/2 JUNE - 2$ - 6 AM/02 OM GURUVE  NAMAH.json (chars=452, est_tokens=113, strategy=single-pass)
2026-07-09 08:26:57,656 | INFO | enrich_content_tags | Dagshai 2001/06 JUNE - 2001/DAGSHAI 1 - 3 JUNE 2001/2 JUNE - 2$ - 6 AM/02 OM GURUVE  NAMAH.json: tagged in 2.4s (event_type=bhajan, lang=hindi, topics=['invocation', 'chanting', 'devotion'])
2026-07-09 08:26:57,658 | INFO | enrich_content_tags | tagging Dagshai 2001/06 JUNE - 2001/DAGSHAI 1 - 3 JUNE 2001/2 JUNE - 2$ - 6 AM/03 BHULE HUAE MUSAFIR.json (chars=25834, est_tokens=6458, strategy=single-pass)
2026-07-09 08:27:06,874 | INFO | enrich_content_tags | Dagshai 2001/06 JUNE - 2001/DAGSHAI 1 - 3 JUNE 2001/2 JUNE - 2$ - 6 AM/03 BHULE HUAE MUSAFIR.json: tagged in 9.2s (event_type=bhajan, lang=hindi, topics=['bhakti', 'self-realization', 'karma-yoga', 'inner-peace', 'spiritual-awakening'])
2026-07-09 08:27:06,875 | INFO | enrich_content_tags | tagging Dagshai 2001/06 JUNE - 2001/DAGSHAI 1 - 3 JUNE 2001/2 JUNE - 2$ - 6 AM/04 OM GURUVE NAMAH.json (chars=1925, est_tokens=481, strategy=single-pass)
2026-07-09 08:27:09,610 | INFO | enrich_content_tags | Dagshai 2001/06 JUNE - 2001/DAGSHAI 1 - 3 JUNE 2001/2 JUNE - 2$ - 6 AM/04 OM GURUVE NAMAH.json: tagged in 2.7s (event_type=bhajan, lang=hindi, topics=['guru-bhakti', 'nam-smaran', 'anahata-nad', 'akshar-brahma', 'prem-darshan'])
2026-07-09 08:27:09,611 | INFO | enrich_content_tags | tagging Dagshai 2001/06 JUNE - 2001/DAGSHAI 1 - 3 JUNE 2001/2 JUNE - 2$ - 6 AM/05 SAMBODHAN.json (chars=1581, est_tokens=395, strategy=single-pass)
2026-07-09 08:27:12,984 | INFO | enrich_content_tags | Dagshai 2001/06 JUNE - 2001/DAGSHAI 1 - 3 JUNE 2001/2 JUNE - 2$ - 6 AM/05 SAMBODHAN.json: tagged in 3.4s (event_type=meditation, lang=hindi, topics=['meditation', 'heart-awakening', 'mind-control', 'spiritual-vibration', 'self-realization'])
2026-07-09 08:27:12,985 | INFO | enrich_content_tags | tagging Dagshai 2001/06 JUNE - 2001/DAGSHAI 1 - 3 JUNE 2001/2 JUNE - 2$ - 6 AM/06 SAMBODHAN - SWAMI JI - RISHI JI.json (chars=2280, est_tokens=570, strategy=single-pass)
2026-07-09 08:27:16,528 | INFO | enrich_content_tags | Dagshai 2001/06 JUNE - 2001/DAGSHAI 1 - 3 JUNE 2001/2 JUNE - 2$ - 6 AM/06 SAMBODHAN - SWAMI JI - RISHI JI.json: tagged in 3.5s (event_type=meditation, lang=hindi, topics=['meditation', 'nature-walk', 'dietary-guidance', 'silence', 'home-feeling'])
2026-07-09 08:27:16,529 | INFO | enrich_content_tags | tagging Dagshai 2001/06 JUNE - 2001/DAGSHAI 1 - 3 JUNE 2001/2 JUNE - 3$ - 1130 AM/01 MEDTATION.json (chars=9507, est_tokens=2376, strategy=single-pass)
2026-07-09 08:27:21,130 | INFO | enrich_content_tags | Dagshai 2001/06 JUNE - 2001/DAGSHAI 1 - 3 JUNE 2001/2 JUNE - 3$ - 1130 AM/01 MEDTATION.json: tagged in 4.6s (event_type=meditation, lang=hindi, topics=['meditation', 'self-inquiry', 'non-duality', 'mind-control', 'devotion'])
2026-07-09 08:27:21,131 | INFO | enrich_content_tags | tagging Dagshai 2001/06 JUNE - 2001/DAGSHAI 1 - 3 JUNE 2001/2 JUNE - 3$ - 1130 AM/02 AISI KRIPA KARO.json (chars=14737, est_tokens=3684, strategy=single-pass)
2026-07-09 08:27:37,336 | ERROR | enrich_content_tags | Dagshai 2001/06 JUNE - 2001/DAGSHAI 1 - 3 JUNE 2001/2 JUNE - 3$ - 1130 AM/02 AISI KRIPA KARO.json: tagging failed (json decode failed: Unterminated string starting at: line 5 column 4653 (char 4798)) — dead-letter dead_letter/tag_failures/Dagshai_2001_06_JUNE_-_2001_DAGSHAI_1_-_3_JUNE_2001_2_JUNE_-_3__-_1130_AM_02_AISI_KRIPA_KARO.json.7a05f173154d.txt
2026-07-09 08:27:37,336 | ERROR | enrich_content_tags | [506/9168] Dagshai 2001/06 JUNE - 2001/DAGSHAI 1 - 3 JUNE 2001/2 JUNE - 3$ - 1130 AM/02 AISI KRIPA KARO.json: json decode failed: Unterminated string starting at: line 5 column 4653 (char 4798)
2026-07-09 08:27:37,338 | INFO | enrich_content_tags | tagging Dagshai 2001/06 JUNE - 2001/DAGSHAI 1 - 3 JUNE 2001/2 JUNE - 3$ - 1130 AM/03 KAMLI MAIN HOIYAN.json (chars=4098, est_tokens=1024, strategy=single-pass)
2026-07-09 08:27:41,081 | INFO | enrich_content_tags | Dagshai 2001/06 JUNE - 2001/DAGSHAI 1 - 3 JUNE 2001/2 JUNE - 3$ - 1130 AM/03 KAMLI MAIN HOIYAN.json: tagged in 3.8s (event_type=bhajan, lang=hindi, topics=['bhajan', 'surrender', 'critique-intellect', 'divine-love', 'spiritual-awakening'])
2026-07-09 08:27:41,082 | INFO | enrich_content_tags | tagging Dagshai 2001/06 JUNE - 2001/DAGSHAI 1 - 3 JUNE 2001/2 JUNE - 3$ - 1130 AM/04 PRAVACHAN.json (chars=596, est_tokens=149, strategy=single-pass)
2026-07-09 08:27:44,052 | INFO | enrich_content_tags | Dagshai 2001/06 JUNE - 2001/DAGSHAI 1 - 3 JUNE 2001/2 JUNE - 3$ - 1130 AM/04 PRAVACHAN.json: tagged in 2.9s (event_type=discourse, lang=hindi, topics=['divine-love', 'spiritual-intoxication', 'formal-religion', 'inner-longing', 'devotion'])
2026-07-09 08:27:44,053 | INFO | enrich_content_tags | tagging Dagshai 2001/06 JUNE - 2001/DAGSHAI 1 - 3 JUNE 2001/2 JUNE - 3$ - 1130 AM/05 TERE CHARNO MEIN SAR RAKH.json (chars=2039, est_tokens=509, strategy=single-pass)
2026-07-09 08:27:46,861 | INFO | enrich_content_tags | Dagshai 2001/06 JUNE - 2001/DAGSHAI 1 - 3 JUNE 2001/2 JUNE - 3$ - 1130 AM/05 TERE CHARNO MEIN SAR RAKH.json: tagged in 2.8s (event_type=bhajan, lang=hindi, topics=['devotion', 'surrender', 'bhakti', 'self-surrender', 'divine-love'])
2026-07-09 08:27:46,863 | INFO | enrich_content_tags | tagging Dagshai 2001/06 JUNE - 2001/DAGSHAI 1 - 3 JUNE 2001/2 JUNE - 3$ - 1130 AM/06 SAMBODHAN - SWAMI JI - RISHI JI.json (chars=2608, est_tokens=652, strategy=single-pass)
2026-07-09 08:27:50,903 | INFO | enrich_content_tags | Dagshai 2001/06 JUNE - 2001/DAGSHAI 1 - 3 JUNE 2001/2 JUNE - 3$ - 1130 AM/06 SAMBODHAN - SWAMI JI - RISHI JI.json: tagged in 4.0s (event_type=bhajan, lang=hindi, topics=['meditation', 'self-inquiry', 'divine-love', 'spiritual-longing', 'inner-peace'])
2026-07-09 08:27:50,904 | INFO | enrich_content_tags | tagging Dagshai 2001/06 JUNE - 2001/DAGSHAI 1 - 3 JUNE 2001/2 JUNE - 4$ - 6 PM/01 MEDITATION.json (chars=1323, est_tokens=330, strategy=single-pass)
2026-07-09 08:28:45,419 | INFO | enrich_content_tags | Dagshai 2001/06 JUNE - 2001/DAGSHAI 1 - 3 JUNE 2001/2 JUNE - 4$ - 6 PM/01 MEDITATION.json: tagged in 2.8s (event_type=meditation, lang=hindi, topics=['meditation', 'inner-light', 'nature', 'devotion', 'safety'])
2026-07-09 08:28:45,420 | INFO | enrich_content_tags | tagging Dagshai 2001/06 JUNE - 2001/DAGSHAI 1 - 3 JUNE 2001/2 JUNE - 4$ - 6 PM/02 JARA TO KHUL KE BARAS.json (chars=19259, est_tokens=4814, strategy=single-pass)
2026-07-09 08:28:10,565 | ERROR | enrich_content_tags | Dagshai 2001/06 JUNE - 2001/DAGSHAI 1 - 3 JUNE 2001/2 JUNE - 4$ - 6 PM/02 JARA TO KHUL KE BARAS.json: tagging failed (json decode failed: Unterminated string starting at: line 5 column 4022 (char 4162)) — dead-letter dead_letter/tag_failures/Dagshai_2001_06_JUNE_-_2001_DAGSHAI_1_-_3_JUNE_2001_2_JUNE_-_4__-_6_PM_02_JARA_TO_KHUL_KE_BARAS.json.7f0efc15e376.txt
2026-07-09 08:28:10,566 | ERROR | enrich_content_tags | [512/9168] Dagshai 2001/06 JUNE - 2001/DAGSHAI 1 - 3 JUNE 2001/2 JUNE - 4$ - 6 PM/02 JARA TO KHUL KE BARAS.json: json decode failed: Unterminated string starting at: line 5 column 4022 (char 4162)
2026-07-09 08:28:10,567 | INFO | enrich_content_tags | tagging Dagshai 2001/06 JUNE - 2001/DAGSHAI 1 - 3 JUNE 2001/2 JUNE - 4$ - 6 PM/03 MEHRAM DILA DE MAHI.json (chars=8303, est_tokens=2075, strategy=single-pass)
2026-07-09 08:28:14,211 | INFO | enrich_content_tags | Dagshai 2001/06 JUNE - 2001/DAGSHAI 1 - 3 JUNE 2001/2 JUNE - 4$ - 6 PM/03 MEHRAM DILA DE MAHI.json: tagged in 3.7s (event_type=bhajan, lang=hindi, topics=['bhakti', 'seva', 'viraha', 'selfless-love', 'spiritual-awakening'])
2026-07-09 08:28:14,212 | INFO | enrich_content_tags | tagging Dagshai 2001/06 JUNE - 2001/DAGSHAI 1 - 3 JUNE 2001/2 JUNE - 4$ - 6 PM/04 BALDI AAG HANERIAN WALI.json (chars=9618, est_tokens=2404, strategy=single-pass)
2026-07-09 08:29:10,166 | INFO | enrich_content_tags | Dagshai 2001/06 JUNE - 2001/DAGSHAI 1 - 3 JUNE 2001/2 JUNE - 4$ - 6 PM/04 BALDI AAG HANERIAN WALI.json: tagged in 4.2s (event_type=bhajan, lang=hindi, topics=['bhakti', 'seva', 'viraha', 'shabari', 'ram-ayan'])
2026-07-09 08:29:10,167 | INFO | enrich_content_tags | tagging Dagshai 2001/06 JUNE - 2001/DAGSHAI 1 - 3 JUNE 2001/2 JUNE - 4$ - 6 PM/05 NI MAIN YAAR MANAUN NI.json (chars=2013, est_tokens=503, strategy=single-pass)
2026-07-09 08:28:21,280 | INFO | enrich_content_tags | Dagshai 2001/06 JUNE - 2001/DAGSHAI 1 - 3 JUNE 2001/2 JUNE - 4$ - 6 PM/05 NI MAIN YAAR MANAUN NI.json: tagged in 2.9s (event_type=bhajan, lang=hindi, topics=['bhakti', 'divine-love', 'sufi-poetry', 'spiritual-surrender', 'guru-devotion'])
2026-07-09 08:28:21,282 | INFO | enrich_content_tags | tagging Dagshai 2001/06 JUNE - 2001/DAGSHAI 1 - 3 JUNE 2001/2 JUNE - 4$ - 6 PM/06 SAMBODHAN.json (chars=508, est_tokens=127, strategy=single-pass)
2026-07-09 08:28:24,137 | INFO | enrich_content_tags | Dagshai 2001/06 JUNE - 2001/DAGSHAI 1 - 3 JUNE 2001/2 JUNE - 4$ - 6 PM/06 SAMBODHAN.json: tagged in 2.8s (event_type=satsang, lang=hindi, topics=['awakening', 'compassion', 'social-values', 'spiritual-service'])
2026-07-09 08:28:24,138 | INFO | enrich_content_tags | tagging Dagshai 2001/06 JUNE - 2001/DAGSHAI 1 - 3 JUNE 2001/2 JUNE - 4$ - 6 PM/07 SAMBODHAN - SWAMI JI - RISHI JI.json (chars=2076, est_tokens=519, strategy=single-pass)
2026-07-09 08:28:28,336 | INFO | enrich_content_tags | Dagshai 2001/06 JUNE - 2001/DAGSHAI 1 - 3 JUNE 2001/2 JUNE - 4$ - 6 PM/07 SAMBODHAN - SWAMI JI - RISHI JI.json: tagged in 4.2s (event_type=bhajan, lang=hindi, topics=['bhajan', 'meditation', 'devotion', 'inner-peace', 'grace'])
2026-07-09 08:28:28,337 | INFO | enrich_content_tags | tagging Dagshai 2001/06 JUNE - 2001/DAGSHAI 1 - 3 JUNE 2001/2 JUNE - 4$ - 6 PM/08 SARA ALAM ZUM RAHAN.json (chars=1788, est_tokens=447, strategy=single-pass)
2026-07-09 08:28:31,341 | INFO | enrich_content_tags | Dagshai 2001/06 JUNE - 2001/DAGSHAI 1 - 3 JUNE 2001/2 JUNE - 4$ - 6 PM/08 SARA ALAM ZUM RAHAN.json: tagged in 3.0s (event_type=bhajan, lang=hindi, topics=['divine-love', 'universal-unity', 'spiritual-intoxication', 'grace-of-god', 'saints-and-sages'])
2026-07-09 08:28:31,342 | INFO | enrich_content_tags | tagging Dagshai 2001/06 JUNE - 2001/DAGSHAI 1 - 3 JUNE 2001/2 JUNE - 4$ - 6 PM/09 SAMBODHAN - SWAMI JI - RISHI JI.json (chars=702, est_tokens=175, strategy=single-pass)
2026-07-09 08:28:34,367 | INFO | enrich_content_tags | Dagshai 2001/06 JUNE - 2001/DAGSHAI 1 - 3 JUNE 2001/2 JUNE - 4$ - 6 PM/09 SAMBODHAN - SWAMI JI - RISHI JI.json: tagged in 3.0s (event_type=bhajan, lang=hindi, topics=['bhajan', 'meditation', 'spiritual-practice', 'devotion', 'inner-peace'])
2026-07-09 08:28:34,369 | INFO | enrich_content_tags | tagging Dagshai 2001/06 JUNE - 2001/DAGSHAI 1 - 3 JUNE 2001/3 JUNE - 5$ - 10 AM/02 MEDITATION.json (chars=3712, est_tokens=928, strategy=single-pass)
2026-07-09 08:28:37,885 | INFO | enrich_content_tags | Dagshai 2001/06 JUNE - 2001/DAGSHAI 1 - 3 JUNE 2001/3 JUNE - 5$ - 10 AM/02 MEDITATION.json: tagged in 3.5s (event_type=meditation, lang=hindi, topics=['inner-experience', 'meditation-practice', 'divine-love', 'self-realization', 'spiritual-awakening'])
2026-07-09 08:28:37,886 | INFO | enrich_content_tags | tagging Dagshai 2001/06 JUNE - 2001/DAGSHAI 1 - 3 JUNE 2001/3 JUNE - 5$ - 10 AM/03 SHLOK.json (chars=625, est_tokens=156, strategy=single-pass)
2026-07-09 08:28:40,842 | INFO | enrich_content_tags | Dagshai 2001/06 JUNE - 2001/DAGSHAI 1 - 3 JUNE 2001/3 JUNE - 5$ - 10 AM/03 SHLOK.json: tagged in 3.0s (event_type=bhajan, lang=hindi, topics=['bhakti', 'divine-glory', 'surrender', 'spiritual-wealth'])
2026-07-09 08:28:40,843 | INFO | enrich_content_tags | tagging Dagshai 2001/06 JUNE - 2001/DAGSHAI 1 - 3 JUNE 2001/3 JUNE - 5$ - 10 AM/04 JAG UTHNGI DHYAN KI.json (chars=4751, est_tokens=1187, strategy=single-pass)
2026-07-09 08:28:44,200 | INFO | enrich_content_tags | Dagshai 2001/06 JUNE - 2001/DAGSHAI 1 - 3 JUNE 2001/3 JUNE - 5$ - 10 AM/04 JAG UTHNGI DHYAN KI.json: tagged in 3.4s (event_type=bhajan, lang=hindi, topics=['bhajan', 'devotion', 'surrender', 'spiritual-life', 'love-of-god'])
2026-07-09 08:28:44,202 | INFO | enrich_content_tags | tagging Dagshai 2001/06 JUNE - 2001/DAGSHAI 1 - 3 JUNE 2001/3 JUNE - 5$ - 10 AM/05 KAUN HARE DUKH MERO.json (chars=8893, est_tokens=2223, strategy=single-pass)
2026-07-09 08:28:48,865 | INFO | enrich_content_tags | Dagshai 2001/06 JUNE - 2001/DAGSHAI 1 - 3 JUNE 2001/3 JUNE - 5$ - 10 AM/05 KAUN HARE DUKH MERO.json: tagged in 4.7s (event_type=bhajan, lang=hindi, topics=['bhakti', 'self-knowledge', 'divine-love', 'spiritual-practice', 'surrender'])
2026-07-09 08:28:48,866 | INFO | enrich_content_tags | tagging Dagshai 2001/06 JUNE - 2001/DAGSHAI 1 - 3 JUNE 2001/3 JUNE - 5$ - 10 AM/06 SANS LENA BHI SAZA.json (chars=2108, est_tokens=527, strategy=single-pass)
2026-07-09 08:28:51,637 | INFO | enrich_content_tags | Dagshai 2001/06 JUNE - 2001/DAGSHAI 1 - 3 JUNE 2001/3 JUNE - 5$ - 10 AM/06 SANS LENA BHI SAZA.json: tagged in 2.8s (event_type=bhajan, lang=hindi, topics=['virah', 'prem', 'bhakti', 'divine-love', 'suffering'])
2026-07-09 08:28:51,638 | INFO | enrich_content_tags | tagging Dagshai 2001/06 JUNE - 2001/DAGSHAI 1 - 3 JUNE 2001/3 JUNE - 5$ - 10 AM/07 BALDI AAG HANERIAN WALI.json (chars=4308, est_tokens=1077, strategy=single-pass)
2026-07-09 08:28:55,658 | INFO | enrich_content_tags | Dagshai 2001/06 JUNE - 2001/DAGSHAI 1 - 3 JUNE 2001/3 JUNE - 5$ - 10 AM/07 BALDI AAG HANERIAN WALI.json: tagged in 4.0s (event_type=bhajan, lang=hindi, topics=['bhajan', 'seva', 'prem', 'guru-shishya', 'self-realization'])
2026-07-09 08:28:55,659 | INFO | enrich_content_tags | tagging Dagshai 2001/06 JUNE - 2001/DAGSHAI 1 - 3 JUNE 2001/3 JUNE - 5$ - 10 AM/08 JAG UTHENGI DHYAN KI LAHERIAN.json (chars=12404, est_tokens=3101, strategy=single-pass)
2026-07-09 08:29:01,003 | INFO | enrich_content_tags | Dagshai 2001/06 JUNE - 2001/DAGSHAI 1 - 3 JUNE 2001/3 JUNE - 5$ - 10 AM/08 JAG UTHENGI DHYAN KI LAHERIAN.json: tagged in 5.4s (event_type=bhajan, lang=hindi, topics=['bhajan', 'self-inquiry', 'devotion', 'spiritual-life', 'ego'])
2026-07-09 08:29:01,004 | INFO | enrich_content_tags | tagging Dagshai 2001/06 JUNE - 2001/DAGSHAI 1 - 3 JUNE 2001/3 JUNE - 5$ - 10 AM/09 TERE DAR KA JO DEKHA NAZARA.json (chars=1430, est_tokens=357, strategy=single-pass)
2026-07-09 08:29:04,081 | INFO | enrich_content_tags | Dagshai 2001/06 JUNE - 2001/DAGSHAI 1 - 3 JUNE 2001/3 JUNE - 5$ - 10 AM/09 TERE DAR KA JO DEKHA NAZARA.json: tagged in 3.1s (event_type=bhajan, lang=hindi, topics=['bhakti', 'devotion', 'surrender', 'divine-love', 'service'])
2026-07-09 08:29:04,083 | INFO | enrich_content_tags | tagging Dagshai 2001/06 JUNE - 2001/DAGSHAI 1 - 3 JUNE 2001/3 JUNE - 5$ - 10 AM/10 NA GHAR CHAHIYEA NAZAR.json (chars=3146, est_tokens=786, strategy=single-pass)
2026-07-09 08:29:07,087 | INFO | enrich_content_tags | Dagshai 2001/06 JUNE - 2001/DAGSHAI 1 - 3 JUNE 2001/3 JUNE - 5$ - 10 AM/10 NA GHAR CHAHIYEA NAZAR.json: tagged in 3.0s (event_type=bhajan, lang=hindi, topics=['devotion', 'divine-love', 'self-surrender', 'meditation', 'grace'])
2026-07-09 08:29:07,088 | INFO | enrich_content_tags | tagging Dagshai 2001/06 JUNE - 2001/DAGSHAI 1 - 3 JUNE 2001/3 JUNE - 5$ - 10 AM/11 TERE DAR KA JO DEKHA NAZARA.json (chars=1538, est_tokens=384, strategy=single-pass)
2026-07-09 08:29:10,097 | INFO | enrich_content_tags | Dagshai 2001/06 JUNE - 2001/DAGSHAI 1 - 3 JUNE 2001/3 JUNE - 5$ - 10 AM/11 TERE DAR KA JO DEKHA NAZARA.json: tagged in 3.0s (event_type=bhajan, lang=hindi, topics=['bhakti', 'divine-love', 'surrender', 'spiritual-union'])
2026-07-09 08:29:10,100 | INFO | enrich_content_tags | tagging Dagshai 2001/06 JUNE - 2001/DAGSHAI 1 - 3 JUNE 2001/3 JUNE - 5$ - 10 AM/12 SAMBODHAN - SWAMI JI - RISHI JI.json (chars=2319, est_tokens=579, strategy=single-pass)
2026-07-09 08:29:14,423 | INFO | enrich_content_tags | Dagshai 2001/06 JUNE - 2001/DAGSHAI 1 - 3 JUNE 2001/3 JUNE - 5$ - 10 AM/12 SAMBODHAN - SWAMI JI - RISHI JI.json: tagged in 4.3s (event_type=bhajan, lang=hindi, topics=['meditation', 'pilgrimage', 'guru-dwara', 'invitation', 'spiritual-journey'])
2026-07-09 08:29:14,425 | INFO | enrich_content_tags | tagging Dagshai 2001/06 JUNE - 2001/DAGSHAI 1 - 3 JUNE 2001/unknown/07 MEDITATION (INCOMPLETE).json (chars=811, est_tokens=202, strategy=single-pass)
2026-07-09 08:29:17,198 | INFO | enrich_content_tags | Dagshai 2001/06 JUNE - 2001/DAGSHAI 1 - 3 JUNE 2001/unknown/07 MEDITATION (INCOMPLETE).json: tagged in 2.8s (event_type=meditation, lang=hindi, topics=['meditation', 'nature', 'divine-love', 'self-awareness', 'spiritual-practice'])
2026-07-09 08:29:17,200 | INFO | enrich_content_tags | tagging Dagshai 2001/06 JUNE - 2001/DAGSHAI 1 - 3 JUNE 2001/unknown/10 MEDITATION (INCOMPLETE).json (chars=257, est_tokens=64, strategy=single-pass)
2026-07-09 08:29:19,801 | INFO | enrich_content_tags | Dagshai 2001/06 JUNE - 2001/DAGSHAI 1 - 3 JUNE 2001/unknown/10 MEDITATION (INCOMPLETE).json: tagged in 2.6s (event_type=bhajan, lang=hindi, topics=['bhajan', 'meditation', 'spiritual-practice'])
2026-07-09 08:29:19,802 | INFO | enrich_content_tags | tagging Dagshai 2001/06 JUNE - 2001/DAGSHAI 21 - 23 JUNE 2001/21 JUNE - 1$ - 7 PM/01 MEDITATION.json (chars=9705, est_tokens=2426, strategy=single-pass)
2026-07-09 08:30:15,620 | INFO | enrich_content_tags | Dagshai 2001/06 JUNE - 2001/DAGSHAI 21 - 23 JUNE 2001/21 JUNE - 1$ - 7 PM/01 MEDITATION.json: tagged in 4.1s (event_type=meditation, lang=hindi, topics=['self-inquiry', 'third-eye', 'mind-control', 'inner-witness', 'meditation-practice'])
2026-07-09 08:30:15,621 | INFO | enrich_content_tags | tagging Dagshai 2001/06 JUNE - 2001/DAGSHAI 21 - 23 JUNE 2001/21 JUNE - 1$ - 7 PM/02 OM GURUVE NAMAH.json (chars=7341, est_tokens=1835, strategy=single-pass)
2026-07-09 08:29:28,434 | INFO | enrich_content_tags | Dagshai 2001/06 JUNE - 2001/DAGSHAI 21 - 23 JUNE 2001/21 JUNE - 1$ - 7 PM/02 OM GURUVE NAMAH.json: tagged in 4.6s (event_type=bhajan, lang=hindi, topics=['bhajan', 'devotion', 'surrender', 'life-purpose', 'self-inquiry'])
2026-07-09 08:29:28,436 | INFO | enrich_content_tags | tagging Dagshai 2001/06 JUNE - 2001/DAGSHAI 21 - 23 JUNE 2001/21 JUNE - 1$ - 7 PM/03 MARAHM DILA DE MAHI.json (chars=6609, est_tokens=1652, strategy=single-pass)
2026-07-09 08:29:43,461 | ERROR | enrich_content_tags | Dagshai 2001/06 JUNE - 2001/DAGSHAI 21 - 23 JUNE 2001/21 JUNE - 1$ - 7 PM/03 MARAHM DILA DE MAHI.json: tagging failed (json decode failed: Expecting value: line 257 column 18 (char 4641)) — dead-letter dead_letter/tag_failures/Dagshai_2001_06_JUNE_-_2001_DAGSHAI_21_-_23_JUNE_2001_21_JUNE_-_1__-_7_PM_03_MARAHM_DILA_DE_MAHI.jso.797fb6802ecc.txt
2026-07-09 08:29:43,462 | ERROR | enrich_content_tags | [535/9168] Dagshai 2001/06 JUNE - 2001/DAGSHAI 21 - 23 JUNE 2001/21 JUNE - 1$ - 7 PM/03 MARAHM DILA DE MAHI.json: json decode failed: Expecting value: line 257 column 18 (char 4641)
2026-07-09 08:29:43,463 | INFO | enrich_content_tags | tagging Dagshai 2001/06 JUNE - 2001/DAGSHAI 21 - 23 JUNE 2001/21 JUNE - 1$ - 7 PM/04 SAMBODHAN.json (chars=1273, est_tokens=318, strategy=single-pass)
2026-07-09 08:29:46,149 | INFO | enrich_content_tags | Dagshai 2001/06 JUNE - 2001/DAGSHAI 21 - 23 JUNE 2001/21 JUNE - 1$ - 7 PM/04 SAMBODHAN.json: tagged in 2.7s (event_type=discourse, lang=hindi, topics=['divine-love', 'spiritual-thirst', 'self-awareness', 'gratitude', 'meditation'])
2026-07-09 08:29:46,151 | INFO | enrich_content_tags | tagging Dagshai 2001/06 JUNE - 2001/DAGSHAI 21 - 23 JUNE 2001/21 JUNE - 1$ - 7 PM/05 SAMBODHAN - RISHI JI.json (chars=856, est_tokens=214, strategy=single-pass)
2026-07-09 08:29:49,065 | INFO | enrich_content_tags | Dagshai 2001/06 JUNE - 2001/DAGSHAI 21 - 23 JUNE 2001/21 JUNE - 1$ - 7 PM/05 SAMBODHAN - RISHI JI.json: tagged in 2.9s (event_type=bhajan, lang=hindi, topics=['meditation', 'bhajan', 'spiritual-practice', 'devotion', 'self-inquiry'])
2026-07-09 08:29:49,067 | INFO | enrich_content_tags | tagging Dagshai 2001/06 JUNE - 2001/DAGSHAI 21 - 23 JUNE 2001/22 JUNE - 2$ - 7 AM/01 MEDITATION.json (chars=5222, est_tokens=1305, strategy=single-pass)
2026-07-09 08:29:53,466 | INFO | enrich_content_tags | Dagshai 2001/06 JUNE - 2001/DAGSHAI 21 - 23 JUNE 2001/22 JUNE - 2$ - 7 AM/01 MEDITATION.json: tagged in 4.4s (event_type=meditation, lang=hindi, topics=['meditation-technique', 'self-inquiry', 'inner-witness', 'mind-control', 'spiritual-energy'])
2026-07-09 08:29:53,467 | INFO | enrich_content_tags | tagging Dagshai 2001/06 JUNE - 2001/DAGSHAI 21 - 23 JUNE 2001/22 JUNE - 2$ - 7 AM/02 OM GURUVE NAMAH.json (chars=1183, est_tokens=295, strategy=single-pass)
2026-07-09 08:29:56,451 | INFO | enrich_content_tags | Dagshai 2001/06 JUNE - 2001/DAGSHAI 21 - 23 JUNE 2001/22 JUNE - 2$ - 7 AM/02 OM GURUVE NAMAH.json: tagged in 3.0s (event_type=bhajan, lang=hindi, topics=['bhakti', 'mantra-japa', 'guru-devotion', 'harinama', 'spiritual-practice'])
2026-07-09 08:29:56,453 | INFO | enrich_content_tags | tagging Dagshai 2001/06 JUNE - 2001/DAGSHAI 21 - 23 JUNE 2001/22 JUNE - 2$ - 7 AM/03 SAMBODHAN.json (chars=440, est_tokens=110, strategy=single-pass)
2026-07-09 08:29:59,530 | INFO | enrich_content_tags | Dagshai 2001/06 JUNE - 2001/DAGSHAI 21 - 23 JUNE 2001/22 JUNE - 2$ - 7 AM/03 SAMBODHAN.json: tagged in 3.1s (event_type=satsang, lang=hindi, topics=['devotion', 'inner-peace', 'service', 'meditation', 'grace'])
2026-07-09 08:29:59,531 | INFO | enrich_content_tags | tagging Dagshai 2001/06 JUNE - 2001/DAGSHAI 21 - 23 JUNE 2001/22 JUNE - 3$ - 1215 PM/01 MEDITATION.json (chars=7954, est_tokens=1988, strategy=single-pass)
2026-07-09 08:30:04,288 | INFO | enrich_content_tags | Dagshai 2001/06 JUNE - 2001/DAGSHAI 21 - 23 JUNE 2001/22 JUNE - 3$ - 1215 PM/01 MEDITATION.json: tagged in 4.7s (event_type=meditation, lang=hindi, topics=['self-inquiry', 'meditation-practice', 'inner-awareness', 'simplicity', 'spiritual-search'])
2026-07-09 08:30:04,290 | INFO | enrich_content_tags | tagging Dagshai 2001/06 JUNE - 2001/DAGSHAI 21 - 23 JUNE 2001/22 JUNE - 3$ - 1215 PM/02 SAMBODHAN.json (chars=291, est_tokens=72, strategy=single-pass)
2026-07-09 08:30:06,751 | INFO | enrich_content_tags | Dagshai 2001/06 JUNE - 2001/DAGSHAI 21 - 23 JUNE 2001/22 JUNE - 3$ - 1215 PM/02 SAMBODHAN.json: tagged in 2.5s (event_type=discourse, lang=hindi, topics=['self-realization', 'acceptance', 'spiritual-progress'])
2026-07-09 08:30:06,753 | INFO | enrich_content_tags | tagging Dagshai 2001/06 JUNE - 2001/DAGSHAI 21 - 23 JUNE 2001/22 JUNE - 4$ - 630 PM/02 MEDITATION.json (chars=15014, est_tokens=3753, strategy=single-pass)
2026-07-09 08:30:12,415 | INFO | enrich_content_tags | Dagshai 2001/06 JUNE - 2001/DAGSHAI 21 - 23 JUNE 2001/22 JUNE - 4$ - 630 PM/02 MEDITATION.json: tagged in 5.7s (event_type=meditation, lang=hindi, topics=['meditation', 'self-inquiry', 'mind-control', 'inner-peace', 'awareness'])
2026-07-09 08:30:12,417 | INFO | enrich_content_tags | tagging Dagshai 2001/06 JUNE - 2001/DAGSHAI 21 - 23 JUNE 2001/22 JUNE - 4$ - 630 PM/03 OM GURUVE NAMAH.json (chars=4350, est_tokens=1087, strategy=single-pass)
2026-07-09 08:30:15,709 | INFO | enrich_content_tags | Dagshai 2001/06 JUNE - 2001/DAGSHAI 21 - 23 JUNE 2001/22 JUNE - 4$ - 630 PM/03 OM GURUVE NAMAH.json: tagged in 3.3s (event_type=bhajan, lang=hindi, topics=['guru-bhakti', 'self-realization', 'bhagavad-gita', 'sikh-philosophy', 'meditation'])
2026-07-09 08:30:15,710 | INFO | enrich_content_tags | tagging Dagshai 2001/06 JUNE - 2001/DAGSHAI 21 - 23 JUNE 2001/22 JUNE - 4$ - 630 PM/04 PRAVACHAN.json (chars=20582, est_tokens=5145, strategy=single-pass)
2026-07-09 08:30:33,443 | ERROR | enrich_content_tags | Dagshai 2001/06 JUNE - 2001/DAGSHAI 21 - 23 JUNE 2001/22 JUNE - 4$ - 630 PM/04 PRAVACHAN.json: tagging failed (json decode failed: Unterminated string starting at: line 5 column 5299 (char 5463)) — dead-letter dead_letter/tag_failures/Dagshai_2001_06_JUNE_-_2001_DAGSHAI_21_-_23_JUNE_2001_22_JUNE_-_4__-_630_PM_04_PRAVACHAN.json.821ce997acbb.txt
2026-07-09 08:30:33,444 | ERROR | enrich_content_tags | [545/9168] Dagshai 2001/06 JUNE - 2001/DAGSHAI 21 - 23 JUNE 2001/22 JUNE - 4$ - 630 PM/04 PRAVACHAN.json: json decode failed: Unterminated string starting at: line 5 column 5299 (char 5463)
2026-07-09 08:30:33,445 | INFO | enrich_content_tags | tagging Dagshai 2001/06 JUNE - 2001/DAGSHAI 21 - 23 JUNE 2001/22 JUNE - 4$ - 630 PM/05 BATO HI BATO MEIN.json (chars=4296, est_tokens=1074, strategy=single-pass)
2026-07-09 08:30:37,662 | INFO | enrich_content_tags | Dagshai 2001/06 JUNE - 2001/DAGSHAI 21 - 23 JUNE 2001/22 JUNE - 4$ - 630 PM/05 BATO HI BATO MEIN.json: tagged in 4.2s (event_type=bhajan, lang=hindi, topics=['bhajan', 'meditation', 'self-inquiry', 'silence', 'divine-love'])
2026-07-09 08:30:37,664 | INFO | enrich_content_tags | tagging Dagshai 2001/06 JUNE - 2001/DAGSHAI 21 - 23 JUNE 2001/23 JUNE - 5$ - 8 AM/01 MEDITATION.json (chars=3300, est_tokens=825, strategy=single-pass)
2026-07-09 08:30:41,339 | INFO | enrich_content_tags | Dagshai 2001/06 JUNE - 2001/DAGSHAI 21 - 23 JUNE 2001/23 JUNE - 5$ - 8 AM/01 MEDITATION.json: tagged in 3.7s (event_type=meditation, lang=hindi, topics=['meditation', 'self-observation', 'third-eye', 'mind-control', 'awareness'])
2026-07-09 08:30:41,341 | INFO | enrich_content_tags | tagging Dagshai 2001/06 JUNE - 2001/DAGSHAI 21 - 23 JUNE 2001/23 JUNE - 5$ - 8 AM/02 OM GURUVE NAMAH.json (chars=595, est_tokens=148, strategy=single-pass)
2026-07-09 08:30:43,809 | INFO | enrich_content_tags | Dagshai 2001/06 JUNE - 2001/DAGSHAI 21 - 23 JUNE 2001/23 JUNE - 5$ - 8 AM/02 OM GURUVE NAMAH.json: tagged in 2.5s (event_type=bhajan, lang=hindi, topics=['guru-bhakti', 'nam-smaran', 'spiritual-devotion'])
2026-07-09 08:30:43,810 | INFO | enrich_content_tags | tagging Dagshai 2001/06 JUNE - 2001/DAGSHAI 21 - 23 JUNE 2001/23 JUNE - 5$ - 8 AM/03 AISI KRIPA KARO.json (chars=8574, est_tokens=2143, strategy=single-pass)
2026-07-09 08:30:47,940 | INFO | enrich_content_tags | Dagshai 2001/06 JUNE - 2001/DAGSHAI 21 - 23 JUNE 2001/23 JUNE - 5$ - 8 AM/03 AISI KRIPA KARO.json: tagged in 4.1s (event_type=bhajan, lang=hindi, topics=['bhajan', 'self-inquiry', 'ego-transformation', 'meditation', 'devotion'])
2026-07-09 08:30:47,941 | INFO | enrich_content_tags | tagging Dagshai 2001/06 JUNE - 2001/DAGSHAI 21 - 23 JUNE 2001/23 JUNE - 5$ - 8 AM/04 SAMBODHAN.json (chars=756, est_tokens=189, strategy=single-pass)
2026-07-09 08:30:50,567 | INFO | enrich_content_tags | Dagshai 2001/06 JUNE - 2001/DAGSHAI 21 - 23 JUNE 2001/23 JUNE - 5$ - 8 AM/04 SAMBODHAN.json: tagged in 2.6s (event_type=satsang, lang=hindi, topics=['inner-peace', 'divine-presence', 'spiritual-longing', 'self-realization', 'devotion'])
2026-07-09 08:30:50,568 | INFO | enrich_content_tags | tagging Dagshai 2001/06 JUNE - 2001/DAGSHAI 21 - 23 JUNE 2001/unknown/04 MEDITATION (INCOMPLETE).json (chars=225, est_tokens=56, strategy=single-pass)
2026-07-09 08:30:52,873 | INFO | enrich_content_tags | Dagshai 2001/06 JUNE - 2001/DAGSHAI 21 - 23 JUNE 2001/unknown/04 MEDITATION (INCOMPLETE).json: tagged in 2.3s (event_type=bhajan, lang=hindi, topics=['bhajan', 'meditation', 'devotion'])
2026-07-09 08:30:52,875 | INFO | enrich_content_tags | tagging Dagshai 2001/06 JUNE - 2001/DAGSHAI 21 - 23 JUNE 2001/unknown/05 BATO HI BATO MEIN (INCOMPLETE).json (chars=516, est_tokens=129, strategy=single-pass)
2026-07-09 08:30:55,800 | INFO | enrich_content_tags | Dagshai 2001/06 JUNE - 2001/DAGSHAI 21 - 23 JUNE 2001/unknown/05 BATO HI BATO MEIN (INCOMPLETE).json: tagged in 2.9s (event_type=bhajan, lang=hindi, topics=['meditation', 'bhajan', 'satsang', 'vibration', 'silence'])
2026-07-09 08:30:55,802 | ERROR | enrich_content_tags | [553/9168] Dagshai 2001/06 JUNE - 2001/DAGSHAI 21 - 23 JUNE 2001/unknown/07 MEDITATION (INCOMPLETE).json: empty transcript in chunk_meta
2026-07-09 08:30:55,803 | INFO | enrich_content_tags | tagging Dagshai 2001/06 JUNE - 2001/DAGSHAI 25 - 27 JUNE 2001/25 JUNE - 1$ - 630 PM/02 MEDITATION.json (chars=9473, est_tokens=2368, strategy=single-pass)
2026-07-09 08:31:01,023 | INFO | enrich_content_tags | Dagshai 2001/06 JUNE - 2001/DAGSHAI 25 - 27 JUNE 2001/25 JUNE - 1$ - 630 PM/02 MEDITATION.json: tagged in 5.2s (event_type=meditation, lang=hindi, topics=['meditation', 'self-inquiry', 'awareness', 'bhava', 'thirst-for-divine'])
2026-07-09 08:31:01,024 | INFO | enrich_content_tags | tagging Dagshai 2001/06 JUNE - 2001/DAGSHAI 25 - 27 JUNE 2001/25 JUNE - 1$ - 630 PM/03 SHLOK.json (chars=624, est_tokens=156, strategy=single-pass)
2026-07-09 08:31:03,636 | INFO | enrich_content_tags | Dagshai 2001/06 JUNE - 2001/DAGSHAI 25 - 27 JUNE 2001/25 JUNE - 1$ - 630 PM/03 SHLOK.json: tagged in 2.6s (event_type=bhajan, lang=hindi, topics=['divine-nature', 'bhakti', 'spiritual-illumination', 'surrender', 'divine-presence'])
2026-07-09 08:31:03,638 | INFO | enrich_content_tags | tagging Dagshai 2001/06 JUNE - 2001/DAGSHAI 25 - 27 JUNE 2001/25 JUNE - 1$ - 630 PM/04 DEEDAR KE PYASE HAIN.json (chars=3080, est_tokens=770, strategy=single-pass)
2026-07-09 08:31:06,820 | INFO | enrich_content_tags | Dagshai 2001/06 JUNE - 2001/DAGSHAI 25 - 27 JUNE 2001/25 JUNE - 1$ - 630 PM/04 DEEDAR KE PYASE HAIN.json: tagged in 3.2s (event_type=bhajan, lang=hindi, topics=['bhajan', 'devotion', 'guru-grace', 'spiritual-longing', 'surrender'])
2026-07-09 08:31:06,821 | INFO | enrich_content_tags | tagging Dagshai 2001/06 JUNE - 2001/DAGSHAI 25 - 27 JUNE 2001/25 JUNE - 1$ - 630 PM/05 JARA TO KHUL KE BARAS (INCOMPLETE).json (chars=7254, est_tokens=1813, strategy=single-pass)
2026-07-09 08:31:11,155 | INFO | enrich_content_tags | Dagshai 2001/06 JUNE - 2001/DAGSHAI 25 - 27 JUNE 2001/25 JUNE - 1$ - 630 PM/05 JARA TO KHUL KE BARAS (INCOMPLETE).json: tagged in 4.3s (event_type=bhajan, lang=hindi, topics=['bhakti', 'divine-love', 'spiritual-longing', 'surrender', 'guru-grace'])
2026-07-09 08:31:11,156 | INFO | enrich_content_tags | tagging Dagshai 2001/06 JUNE - 2001/DAGSHAI 25 - 27 JUNE 2001/25 JUNE - 1$ - 630 PM/06 OM GURUVE NAMAH (INCOMPLETE).json (chars=948, est_tokens=237, strategy=single-pass)
2026-07-09 08:31:14,356 | INFO | enrich_content_tags | Dagshai 2001/06 JUNE - 2001/DAGSHAI 25 - 27 JUNE 2001/25 JUNE - 1$ - 630 PM/06 OM GURUVE NAMAH (INCOMPLETE).json: tagged in 3.2s (event_type=bhajan, lang=hindi, topics=['bhajan', 'guru-bhakti', 'japa', 'devotional-songs'])
2026-07-09 08:31:14,358 | INFO | enrich_content_tags | tagging Dagshai 2001/06 JUNE - 2001/DAGSHAI 25 - 27 JUNE 2001/25 JUNE - 1$ - 630 PM/07 SAMBODHAN.json (chars=1874, est_tokens=468, strategy=single-pass)
2026-07-09 08:31:17,496 | INFO | enrich_content_tags | Dagshai 2001/06 JUNE - 2001/DAGSHAI 25 - 27 JUNE 2001/25 JUNE - 1$ - 630 PM/07 SAMBODHAN.json: tagged in 3.1s (event_type=satsang, lang=hindi, topics=['bhakti', 'meditation', 'devotion', 'spiritual-life'])
2026-07-09 08:31:17,497 | INFO | enrich_content_tags | tagging Dagshai 2001/06 JUNE - 2001/DAGSHAI 25 - 27 JUNE 2001/25 JUNE - 1$ - 630 PM/08 SAMBODHAN - SWAMI JI - RISHI JI.json (chars=3554, est_tokens=888, strategy=single-pass)
2026-07-09 08:31:21,439 | INFO | enrich_content_tags | Dagshai 2001/06 JUNE - 2001/DAGSHAI 25 - 27 JUNE 2001/25 JUNE - 1$ - 630 PM/08 SAMBODHAN - SWAMI JI - RISHI JI.json: tagged in 3.9s (event_type=discourse, lang=hindi, topics=['meditation', 'self-inquiry', 'rebirth', 'devotion', 'discipline'])
2026-07-09 08:31:21,441 | INFO | enrich_content_tags | tagging Dagshai 2001/06 JUNE - 2001/DAGSHAI 25 - 27 JUNE 2001/26 JUNE - 2$ - 515 AM/01 MEDITATION.json (chars=2039, est_tokens=509, strategy=single-pass)
2026-07-09 08:31:24,279 | INFO | enrich_content_tags | Dagshai 2001/06 JUNE - 2001/DAGSHAI 25 - 27 JUNE 2001/26 JUNE - 2$ - 515 AM/01 MEDITATION.json: tagged in 2.8s (event_type=meditation, lang=hindi, topics=['meditation', 'self-inquiry', 'inner-witness', 'third-eye', 'awareness'])
2026-07-09 08:31:24,281 | INFO | enrich_content_tags | tagging Dagshai 2001/06 JUNE - 2001/DAGSHAI 25 - 27 JUNE 2001/26 JUNE - 2$ - 515 AM/02 MUJHE GURUVAR YAHI WAR DO.json (chars=8777, est_tokens=2194, strategy=single-pass)
2026-07-09 08:31:27,976 | INFO | enrich_content_tags | Dagshai 2001/06 JUNE - 2001/DAGSHAI 25 - 27 JUNE 2001/26 JUNE - 2$ - 515 AM/02 MUJHE GURUVAR YAHI WAR DO.json: tagged in 3.7s (event_type=bhajan, lang=hindi, topics=['bhajan', 'meditation', 'self-inquiry', 'vedic-wisdom', 'spiritual-awakening'])
2026-07-09 08:31:27,977 | INFO | enrich_content_tags | tagging Dagshai 2001/06 JUNE - 2001/DAGSHAI 25 - 27 JUNE 2001/26 JUNE - 2$ - 515 AM/03 SAMBODHAN - RISHI JI.json (chars=347, est_tokens=86, strategy=single-pass)
2026-07-09 08:31:29,684 | INFO | enrich_content_tags | Dagshai 2001/06 JUNE - 2001/DAGSHAI 25 - 27 JUNE 2001/26 JUNE - 2$ - 515 AM/03 SAMBODHAN - RISHI JI.json: tagged in 1.7s (event_type=bhajan, lang=hindi, topics=['meditation', 'spiritual-vibes', 'night-practice'])
2026-07-09 08:31:29,685 | INFO | enrich_content_tags | tagging Dagshai 2001/06 JUNE - 2001/DAGSHAI 25 - 27 JUNE 2001/26 JUNE - 3$ - 645 PM/01 MEDITATION.json (chars=14414, est_tokens=3603, strategy=single-pass)
2026-07-09 08:31:35,087 | INFO | enrich_content_tags | Dagshai 2001/06 JUNE - 2001/DAGSHAI 25 - 27 JUNE 2001/26 JUNE - 3$ - 645 PM/01 MEDITATION.json: tagged in 5.4s (event_type=meditation, lang=hindi, topics=['meditation', 'self-inquiry', 'mind-control', 'inner-peace', 'devotion'])
2026-07-09 08:31:35,088 | INFO | enrich_content_tags | tagging Dagshai 2001/06 JUNE - 2001/DAGSHAI 25 - 27 JUNE 2001/26 JUNE - 3$ - 645 PM/02 SHLOK.json (chars=593, est_tokens=148, strategy=single-pass)
2026-07-09 08:31:37,795 | INFO | enrich_content_tags | Dagshai 2001/06 JUNE - 2001/DAGSHAI 25 - 27 JUNE 2001/26 JUNE - 3$ - 645 PM/02 SHLOK.json: tagged in 2.7s (event_type=bhajan, lang=hindi, topics=['divine-nature', 'jnana-yoga', 'bhakti', 'suffering-relief', 'devotion'])
2026-07-09 08:31:37,796 | INFO | enrich_content_tags | tagging Dagshai 2001/06 JUNE - 2001/DAGSHAI 25 - 27 JUNE 2001/26 JUNE - 3$ - 645 PM/03 KAHAN JA RAHAN HAIN.json (chars=28098, est_tokens=7024, strategy=single-pass)
2026-07-09 08:31:56,516 | ERROR | enrich_content_tags | Dagshai 2001/06 JUNE - 2001/DAGSHAI 25 - 27 JUNE 2001/26 JUNE - 3$ - 645 PM/03 KAHAN JA RAHAN HAIN.json: tagging failed (json decode failed: Unterminated string starting at: line 294 column 5 (char 4418)) — dead-letter dead_letter/tag_failures/Dagshai_2001_06_JUNE_-_2001_DAGSHAI_25_-_27_JUNE_2001_26_JUNE_-_3__-_645_PM_03_KAHAN_JA_RAHAN_HAIN.j.28b32925857a.txt
2026-07-09 08:31:56,517 | ERROR | enrich_content_tags | [566/9168] Dagshai 2001/06 JUNE - 2001/DAGSHAI 25 - 27 JUNE 2001/26 JUNE - 3$ - 645 PM/03 KAHAN JA RAHAN HAIN.json: json decode failed: Unterminated string starting at: line 294 column 5 (char 4418)
2026-07-09 08:31:56,518 | INFO | enrich_content_tags | tagging Dagshai 2001/06 JUNE - 2001/DAGSHAI 25 - 27 JUNE 2001/26 JUNE - 3$ - 645 PM/04 TERI RAHMATO NE HUMKO.json (chars=4645, est_tokens=1161, strategy=single-pass)
2026-07-09 08:31:59,940 | INFO | enrich_content_tags | Dagshai 2001/06 JUNE - 2001/DAGSHAI 25 - 27 JUNE 2001/26 JUNE - 3$ - 645 PM/04 TERI RAHMATO NE HUMKO.json: tagged in 3.4s (event_type=bhajan, lang=hindi, topics=['bhajan', 'self-realization', 'inner-wisdom', 'meditation', 'divine-love'])
2026-07-09 08:31:59,941 | INFO | enrich_content_tags | tagging Dagshai 2001/06 JUNE - 2001/DAGSHAI 25 - 27 JUNE 2001/26 JUNE - 3$ - 645 PM/05 OM GURUVE NAMAH.json (chars=1557, est_tokens=389, strategy=single-pass)
2026-07-09 08:32:02,854 | INFO | enrich_content_tags | Dagshai 2001/06 JUNE - 2001/DAGSHAI 25 - 27 JUNE 2001/26 JUNE - 3$ - 645 PM/05 OM GURUVE NAMAH.json: tagged in 2.9s (event_type=bhajan, lang=mixed, topics=['devotion', 'chanting', 'meditation', 'gratitude', 'spiritual-practice'])
2026-07-09 08:32:02,856 | INFO | enrich_content_tags | tagging Dagshai 2001/06 JUNE - 2001/DAGSHAI 25 - 27 JUNE 2001/26 JUNE - 3$ - 645 PM/06 SAMBODHAN.json (chars=3785, est_tokens=946, strategy=single-pass)
2026-07-09 08:32:07,089 | INFO | enrich_content_tags | Dagshai 2001/06 JUNE - 2001/DAGSHAI 25 - 27 JUNE 2001/26 JUNE - 3$ - 645 PM/06 SAMBODHAN.json: tagged in 4.2s (event_type=discourse, lang=hindi, topics=['self-realization', 'vedic-wisdom', 'bhagavad-gita', 'inner-peace', 'spiritual-life'])
2026-07-09 08:32:07,090 | INFO | enrich_content_tags | tagging Dagshai 2001/06 JUNE - 2001/DAGSHAI 25 - 27 JUNE 2001/26 JUNE - 3$ - 645 PM/07 SAMBODHAN - RISHI JI.json (chars=557, est_tokens=139, strategy=single-pass)
2026-07-09 08:32:10,855 | INFO | enrich_content_tags | Dagshai 2001/06 JUNE - 2001/DAGSHAI 25 - 27 JUNE 2001/26 JUNE - 3$ - 645 PM/07 SAMBODHAN - RISHI JI.json: tagged in 3.8s (event_type=bhajan, lang=hindi, topics=['meditation', 'devotion', 'nature-worship', 'schedule-planning'])
2026-07-09 08:32:10,856 | INFO | enrich_content_tags | tagging Dagshai 2001/06 JUNE - 2001/DAGSHAI 25 - 27 JUNE 2001/27 JUNE - 4$ - 1130 AM/02 MEDITATION.json (chars=6192, est_tokens=1548, strategy=single-pass)
2026-07-09 08:32:15,346 | INFO | enrich_content_tags | Dagshai 2001/06 JUNE - 2001/DAGSHAI 25 - 27 JUNE 2001/27 JUNE - 4$ - 1130 AM/02 MEDITATION.json: tagged in 4.5s (event_type=meditation, lang=hindi, topics=['meditation', 'self-inquiry', 'mind-control', 'awareness', 'inner-peace'])
2026-07-09 08:32:15,347 | INFO | enrich_content_tags | tagging Dagshai 2001/06 JUNE - 2001/DAGSHAI 25 - 27 JUNE 2001/27 JUNE - 4$ - 1130 AM/03 OM GURUVE NAMAH (INCOMPLETE).json (chars=5104, est_tokens=1276, strategy=single-pass)
2026-07-09 08:32:19,194 | INFO | enrich_content_tags | Dagshai 2001/06 JUNE - 2001/DAGSHAI 25 - 27 JUNE 2001/27 JUNE - 4$ - 1130 AM/03 OM GURUVE NAMAH (INCOMPLETE).json: tagged in 3.8s (event_type=bhajan, lang=sanskrit, topics=['bhajan', 'guru-bhakti', 'chanting', 'devotion', 'spiritual-practice'])
2026-07-09 08:32:19,195 | INFO | enrich_content_tags | tagging Dagshai 2001/06 JUNE - 2001/DAGSHAI 25 - 27 JUNE 2001/27 JUNE - 4$ - 1130 AM/04 GURUDEV MERE GURUDEV MERE.json (chars=11220, est_tokens=2805, strategy=single-pass)
2026-07-09 08:32:23,565 | INFO | enrich_content_tags | Dagshai 2001/06 JUNE - 2001/DAGSHAI 25 - 27 JUNE 2001/27 JUNE - 4$ - 1130 AM/04 GURUDEV MERE GURUDEV MERE.json: tagged in 4.4s (event_type=bhajan, lang=hindi, topics=['guru-devotion', 'self-inquiry', 'family-dynamics', 'spiritual-path', 'renunciation'])
2026-07-09 08:32:23,566 | INFO | enrich_content_tags | tagging Dagshai 2001/06 JUNE - 2001/DAGSHAI 25 - 27 JUNE 2001/27 JUNE - 4$ - 1130 AM/05 SOONGTA KOI NAHI HAIN.json (chars=20163, est_tokens=5040, strategy=single-pass)
2026-07-09 08:32:31,172 | INFO | enrich_content_tags | Dagshai 2001/06 JUNE - 2001/DAGSHAI 25 - 27 JUNE 2001/27 JUNE - 4$ - 1130 AM/05 SOONGTA KOI NAHI HAIN.json: tagged in 7.6s (event_type=bhajan, lang=hindi, topics=['bhakti', 'self-inquiry', 'karma-yoga', 'social-critique', 'devotion'])
2026-07-09 08:32:31,173 | INFO | enrich_content_tags | tagging Dagshai 2001/06 JUNE - 2001/DAGSHAI 25 - 27 JUNE 2001/27 JUNE - 4$ - 1130 AM/06 VAHEGURU VAHEGURU.json (chars=588, est_tokens=147, strategy=single-pass)
2026-07-09 08:32:33,452 | INFO | enrich_content_tags | Dagshai 2001/06 JUNE - 2001/DAGSHAI 25 - 27 JUNE 2001/27 JUNE - 4$ - 1130 AM/06 VAHEGURU VAHEGURU.json: tagged in 2.3s (event_type=bhajan, lang=hindi, topics=['bhajan', 'devotion', 'om-chanting'])
2026-07-09 08:32:33,453 | INFO | enrich_content_tags | tagging Dagshai 2001/06 JUNE - 2001/DAGSHAI 25 - 27 JUNE 2001/27 JUNE - 4$ - 1130 AM/07 SAMBODHAN - RISHI JI.json (chars=1086, est_tokens=271, strategy=single-pass)
2026-07-09 08:32:37,555 | INFO | enrich_content_tags | Dagshai 2001/06 JUNE - 2001/DAGSHAI 25 - 27 JUNE 2001/27 JUNE - 4$ - 1130 AM/07 SAMBODHAN - RISHI JI.json: tagged in 4.1s (event_type=bhajan, lang=hindi, topics=['meditation', 'bhajan', 'devotion', 'well-being', 'daily-practice'])
2026-07-09 08:32:37,557 | INFO | enrich_content_tags | tagging Dagshai 2001/06 JUNE - 2001/DAGSHAI 25 - 27 JUNE 2001/27 JUNE - 4$ - 1130 AM/08 SAMBODHAN.json (chars=1394, est_tokens=348, strategy=single-pass)
2026-07-09 08:32:40,782 | INFO | enrich_content_tags | Dagshai 2001/06 JUNE - 2001/DAGSHAI 25 - 27 JUNE 2001/27 JUNE - 4$ - 1130 AM/08 SAMBODHAN.json: tagged in 3.2s (event_type=discourse, lang=hindi, topics=['guru-purnima', 'meditation', 'satsang', 'devotion', 'formalities'])
2026-07-09 08:32:40,784 | INFO | enrich_content_tags | tagging Dagshai 2001/06 JUNE - 2001/DAGSHAI 25 - 27 JUNE 2001/27 JUNE - 4$ - 1130 AM/09 SAMBODHAN - SWAMI JI - RISHI JI.json (chars=856, est_tokens=214, strategy=single-pass)
2026-07-09 08:32:43,997 | INFO | enrich_content_tags | Dagshai 2001/06 JUNE - 2001/DAGSHAI 25 - 27 JUNE 2001/27 JUNE - 4$ - 1130 AM/09 SAMBODHAN - SWAMI JI - RISHI JI.json: tagged in 3.2s (event_type=bhajan, lang=hindi, topics=['devotion', 'surrender', 'spiritual-discipline', 'fearlessness', 'service'])
2026-07-09 08:32:43,998 | INFO | enrich_content_tags | tagging Dagshai 2001/06 JUNE - 2001/DAGSHAI 25 - 27 JUNE 2001/unknown/08 MUJHE GURUVAR YAHI (INCOMPLETE).json (chars=516, est_tokens=129, strategy=single-pass)
2026-07-09 08:32:46,300 | INFO | enrich_content_tags | Dagshai 2001/06 JUNE - 2001/DAGSHAI 25 - 27 JUNE 2001/unknown/08 MUJHE GURUVAR YAHI (INCOMPLETE).json: tagged in 2.3s (event_type=bhajan, lang=hindi, topics=['bhajan', 'devotion', 'meditation', 'divine-remembrance'])
2026-07-09 08:32:46,301 | INFO | enrich_content_tags | tagging Dagshai 2001/06 JUNE - 2001/DAGSHAI 25 - 27 JUNE 2001/unknown/10 KAHAN JA RAHAN HAIN (INCOMPLETE).json (chars=737, est_tokens=184, strategy=single-pass)
2026-07-09 08:32:49,636 | INFO | enrich_content_tags | Dagshai 2001/06 JUNE - 2001/DAGSHAI 25 - 27 JUNE 2001/unknown/10 KAHAN JA RAHAN HAIN (INCOMPLETE).json: tagged in 3.3s (event_type=bhajan, lang=hindi, topics=['bhajan', 'spiritual-awakening', 'historical-saints', 'discipleship', 'divine-mercy'])
2026-07-09 08:32:49,637 | INFO | enrich_content_tags | tagging Dagshai 2001/06 JUNE - 2001/DAGSHAI 25 - 27 JUNE 2001/unknown/11 GURUDEV MERE GURUDEV MERE (INCOMPLETE).json (chars=415, est_tokens=103, strategy=single-pass)
2026-07-09 08:32:52,345 | INFO | enrich_content_tags | Dagshai 2001/06 JUNE - 2001/DAGSHAI 25 - 27 JUNE 2001/unknown/11 GURUDEV MERE GURUDEV MERE (INCOMPLETE).json: tagged in 2.7s (event_type=bhajan, lang=hindi, topics=['bhakti', 'guru-devotion', 'chanting'])
2026-07-09 08:32:52,346 | INFO | enrich_content_tags | tagging Dagshai 2001/07 JULY - 2001/13 JULY - 715 PM/01 MEDITATION.json (chars=2527, est_tokens=631, strategy=single-pass)
2026-07-09 08:32:55,502 | INFO | enrich_content_tags | Dagshai 2001/07 JULY - 2001/13 JULY - 715 PM/01 MEDITATION.json: tagged in 3.2s (event_type=meditation, lang=hindi, topics=['self-observation', 'mind-watching', 'third-eye', 'maya', 'awareness'])
2026-07-09 08:32:55,504 | INFO | enrich_content_tags | tagging Dagshai 2001/07 JULY - 2001/13 JULY - 715 PM/02 KUCH NA BIGEDEGA TERA.json (chars=7040, est_tokens=1760, strategy=single-pass)
2026-07-09 08:32:59,364 | INFO | enrich_content_tags | Dagshai 2001/07 JULY - 2001/13 JULY - 715 PM/02 KUCH NA BIGEDEGA TERA.json: tagged in 3.9s (event_type=bhajan, lang=hindi, topics=['bhakti-yoga', 'divine-protection', 'life-challenges', 'self-surrender', 'spiritual-strength'])
2026-07-09 08:32:59,365 | INFO | enrich_content_tags | tagging Dagshai 2001/07 JULY - 2001/13 JULY - 715 PM/03 OM GURUVE NAMAH.json (chars=1054, est_tokens=263, strategy=single-pass)
2026-07-09 08:33:01,808 | INFO | enrich_content_tags | Dagshai 2001/07 JULY - 2001/13 JULY - 715 PM/03 OM GURUVE NAMAH.json: tagged in 2.4s (event_type=bhajan, lang=hindi, topics=['guru-bhakti', 'om-chanting', 'dharm-rupa', 'jagat-sankalp'])
2026-07-09 08:33:01,809 | INFO | enrich_content_tags | tagging Dagshai 2001/07 JULY - 2001/13 JULY - 715 PM/04 SAMBODHAN.json (chars=984, est_tokens=246, strategy=single-pass)
2026-07-09 08:33:04,311 | INFO | enrich_content_tags | Dagshai 2001/07 JULY - 2001/13 JULY - 715 PM/04 SAMBODHAN.json: tagged in 2.5s (event_type=satsang, lang=hindi, topics=['life-purpose', 'self-surrender', 'yoga-fire', 'spiritual-wakefulness', 'karma-yoga'])
2026-07-09 08:33:04,312 | INFO | enrich_content_tags | tagging Dagshai 2001/07 JULY - 2001/21 JULY - 630 PM/01 MEDITATION.json (chars=5174, est_tokens=1293, strategy=single-pass)
2026-07-09 08:33:07,316 | INFO | enrich_content_tags | Dagshai 2001/07 JULY - 2001/21 JULY - 630 PM/01 MEDITATION.json: tagged in 3.0s (event_type=meditation, lang=hindi, topics=['meditation', 'mind-control', 'self-awareness', 'thoughts', 'maya'])
2026-07-09 08:33:07,317 | INFO | enrich_content_tags | tagging Dagshai 2001/07 JULY - 2001/21 JULY - 630 PM/02 DHYAN HARI KA.json (chars=19201, est_tokens=4800, strategy=single-pass)
2026-07-09 08:33:14,720 | INFO | enrich_content_tags | Dagshai 2001/07 JULY - 2001/21 JULY - 630 PM/02 DHYAN HARI KA.json: tagged in 7.4s (event_type=bhajan, lang=hindi, topics=['bhajan', 'self-inquiry', 'devotion', 'education', 'bhakti'])
2026-07-09 08:33:14,721 | INFO | enrich_content_tags | tagging Dagshai 2001/07 JULY - 2001/21 JULY - 630 PM/03 OM GURUVE NAMAH.json (chars=990, est_tokens=247, strategy=single-pass)
2026-07-09 08:33:17,066 | INFO | enrich_content_tags | Dagshai 2001/07 JULY - 2001/21 JULY - 630 PM/03 OM GURUVE NAMAH.json: tagged in 2.3s (event_type=bhajan, lang=hindi, topics=['guru-bhakti', 'nam-smaran', 'spiritual-sound'])
2026-07-09 08:33:17,067 | INFO | enrich_content_tags | tagging Dagshai 2001/07 JULY - 2001/22 JULY - 730 PM/01 MEDITATION.json (chars=248, est_tokens=62, strategy=single-pass)
2026-07-09 08:33:19,687 | INFO | enrich_content_tags | Dagshai 2001/07 JULY - 2001/22 JULY - 730 PM/01 MEDITATION.json: tagged in 2.6s (event_type=meditation, lang=hindi, topics=['meditation', 'chanting', 'devotion'])
2026-07-09 08:33:19,689 | INFO | enrich_content_tags | tagging Dagshai 2001/07 JULY - 2001/22 JULY - 730 PM/02 HUM TO HAMARI MASTI MEIN.json (chars=2312, est_tokens=578, strategy=single-pass)
2026-07-09 08:33:22,389 | INFO | enrich_content_tags | Dagshai 2001/07 JULY - 2001/22 JULY - 730 PM/02 HUM TO HAMARI MASTI MEIN.json: tagged in 2.7s (event_type=bhajan, lang=hindi, topics=['devotion', 'grace', 'self-realization', 'joy', 'destiny'])
2026-07-09 08:33:22,390 | INFO | enrich_content_tags | tagging Dagshai 2001/07 JULY - 2001/22 JULY - 730 PM/03 SAMBODHAN.json (chars=8350, est_tokens=2087, strategy=single-pass)
2026-07-09 08:33:28,725 | INFO | enrich_content_tags | Dagshai 2001/07 JULY - 2001/22 JULY - 730 PM/03 SAMBODHAN.json: tagged in 6.4s (event_type=discourse, lang=hindi, topics=['devotion', 'sacrifice', 'service', 'death', 'dedication'])
2026-07-09 08:33:28,726 | INFO | enrich_content_tags | tagging Dagshai 2001/07 JULY - 2001/22 JULY - 745 AM/01 MEDITATION.json (chars=214, est_tokens=53, strategy=single-pass)
2026-07-09 08:33:31,054 | INFO | enrich_content_tags | Dagshai 2001/07 JULY - 2001/22 JULY - 745 AM/01 MEDITATION.json: tagged in 2.3s (event_type=meditation, lang=sanskrit, topics=['meditation', 'chanting', 'spiritual-practice'])
2026-07-09 08:33:31,055 | INFO | enrich_content_tags | tagging Dagshai 2001/07 JULY - 2001/22 JULY - 745 AM/02 DATA TERE CHARNO KI.json (chars=25259, est_tokens=6314, strategy=single-pass)
2026-07-09 08:33:37,874 | INFO | enrich_content_tags | Dagshai 2001/07 JULY - 2001/22 JULY - 745 AM/02 DATA TERE CHARNO KI.json: tagged in 6.8s (event_type=bhajan, lang=hindi, topics=['bhakti', 'self-inquiry', 'mind-control', 'devotion', 'ahankar'])
2026-07-09 08:33:37,875 | INFO | enrich_content_tags | tagging Dagshai 2001/07 JULY - 2001/22 JULY - 745 AM/03 SAMBODHAN.json (chars=3733, est_tokens=933, strategy=single-pass)
2026-07-09 08:33:42,036 | INFO | enrich_content_tags | Dagshai 2001/07 JULY - 2001/22 JULY - 745 AM/03 SAMBODHAN.json: tagged in 4.1s (event_type=discourse, lang=hindi, topics=['vatsra-dharana', 'transformation', 'guru-seva', 'bhakti', 'self-realization'])
2026-07-09 08:33:42,037 | INFO | enrich_content_tags | tagging Dagshai 2001/07 JULY - 2001/22 JULY - 745 AM/04 OM GURUVE NAMAH.json (chars=5710, est_tokens=1427, strategy=single-pass)
2026-07-09 08:33:45,834 | INFO | enrich_content_tags | Dagshai 2001/07 JULY - 2001/22 JULY - 745 AM/04 OM GURUVE NAMAH.json: tagged in 3.8s (event_type=bhajan, lang=hindi, topics=['bhakti', 'guru-bhakti', 'nama-smaran', 'devotional-songs'])
2026-07-09 08:33:45,836 | INFO | enrich_content_tags | tagging Dagshai 2001/07 JULY - 2001/22 JULY - 745 AM/05 SAMBODHAN.json (chars=3986, est_tokens=996, strategy=single-pass)
2026-07-09 08:33:49,590 | INFO | enrich_content_tags | Dagshai 2001/07 JULY - 2001/22 JULY - 745 AM/05 SAMBODHAN.json: tagged in 3.8s (event_type=discourse, lang=hindi, topics=['spiritual-life', 'self-discovery', 'meditation', 'devotion', 'life-purpose'])
2026-07-09 08:33:49,591 | INFO | enrich_content_tags | tagging Dagshai 2001/07 JULY - 2001/22 JULY - 745 AM/06 MERA RANG DE BASANTI CHOLA.json (chars=411, est_tokens=102, strategy=single-pass)
2026-07-09 08:33:52,013 | INFO | enrich_content_tags | Dagshai 2001/07 JULY - 2001/22 JULY - 745 AM/06 MERA RANG DE BASANTI CHOLA.json: tagged in 2.4s (event_type=bhajan, lang=hindi, topics=['bhajan', 'devotion', 'spiritual-songs'])
2026-07-09 08:33:52,014 | INFO | enrich_content_tags | tagging Dagshai 2001/07 JULY - 2001/22 JULY - 745 AM/07 SAMBODHAN.json (chars=967, est_tokens=241, strategy=single-pass)
2026-07-09 08:33:55,464 | INFO | enrich_content_tags | Dagshai 2001/07 JULY - 2001/22 JULY - 745 AM/07 SAMBODHAN.json: tagged in 3.4s (event_type=discourse, lang=hindi, topics=['travel-plans', 'service-dedication', 'meditation-practice', 'upcoming-events', 'pilgrimage'])
2026-07-09 08:33:55,466 | INFO | enrich_content_tags | tagging Dagshai 2001/07 JULY - 2001/23 JULY - 630 PM/01 MEDITATION.json (chars=5345, est_tokens=1336, strategy=single-pass)
2026-07-09 08:34:00,020 | INFO | enrich_content_tags | Dagshai 2001/07 JULY - 2001/23 JULY - 630 PM/01 MEDITATION.json: tagged in 4.6s (event_type=meditation, lang=hindi, topics=['self-inquiry', 'mindfulness', 'meditation-practice', 'inner-observation', 'thoughtlessness'])
2026-07-09 08:34:00,022 | INFO | enrich_content_tags | tagging Dagshai 2001/07 JULY - 2001/23 JULY - 630 PM/02 HEY PRABHU KAR HI DO.json (chars=12263, est_tokens=3065, strategy=single-pass)
2026-07-09 08:34:04,804 | INFO | enrich_content_tags | Dagshai 2001/07 JULY - 2001/23 JULY - 630 PM/02 HEY PRABHU KAR HI DO.json: tagged in 4.9s (event_type=bhajan, lang=hindi, topics=['bhakti', 'devotion', 'suffering', 'divine-love', 'meditation'])
2026-07-09 08:34:04,806 | INFO | enrich_content_tags | tagging Dagshai 2001/07 JULY - 2001/23 JULY - 630 PM/03 KAISE SAKOON PAWOO.json (chars=4925, est_tokens=1231, strategy=single-pass)
2026-07-09 08:34:08,472 | INFO | enrich_content_tags | Dagshai 2001/07 JULY - 2001/23 JULY - 630 PM/03 KAISE SAKOON PAWOO.json: tagged in 3.7s (event_type=bhajan, lang=hindi, topics=['bhakti', 'seva', 'prem', 'vairagya', 'bhagavad-gita'])
2026-07-09 08:34:08,474 | INFO | enrich_content_tags | tagging Dagshai 2001/07 JULY - 2001/24 JULY - 730 AM/01 MEDITATION.json (chars=5136, est_tokens=1284, strategy=single-pass)
2026-07-09 08:34:12,721 | INFO | enrich_content_tags | Dagshai 2001/07 JULY - 2001/24 JULY - 730 AM/01 MEDITATION.json: tagged in 4.1s (event_type=meditation, lang=hindi, topics=['meditation', 'self-observation', 'mind-control', 'present-moment', 'inner-peace'])
2026-07-09 08:34:12,722 | INFO | enrich_content_tags | tagging Dagshai 2001/07 JULY - 2001/24 JULY - 730 AM/02 OM GURUVE NAMAH.json (chars=274, est_tokens=68, strategy=single-pass)
2026-07-09 08:34:14,762 | INFO | enrich_content_tags | Dagshai 2001/07 JULY - 2001/24 JULY - 730 AM/02 OM GURUVE NAMAH.json: tagged in 2.0s (event_type=bhajan, lang=sanskrit, topics=['guru-devotion', 'chanting', 'invocation'])
2026-07-09 08:34:14,764 | INFO | enrich_content_tags | tagging Dagshai 2001/07 JULY - 2001/24 JULY - 730 AM/03 TU MERI SARKAR HAI.json (chars=12319, est_tokens=3079, strategy=single-pass)
2026-07-09 08:34:18,808 | INFO | enrich_content_tags | Dagshai 2001/07 JULY - 2001/24 JULY - 730 AM/03 TU MERI SARKAR HAI.json: tagged in 4.0s (event_type=bhajan, lang=hindi, topics=['bhajan', 'meditation', 'self-inquiry', 'devotion', 'inner-peace'])
2026-07-09 08:34:18,810 | INFO | enrich_content_tags | tagging Dagshai 2001/07 JULY - 2001/24 JULY - 7 PM/01 MEDITATION.json (chars=3089, est_tokens=772, strategy=single-pass)
2026-07-09 08:34:22,119 | INFO | enrich_content_tags | Dagshai 2001/07 JULY - 2001/24 JULY - 7 PM/01 MEDITATION.json: tagged in 3.3s (event_type=meditation, lang=hindi, topics=['meditation', 'self-observation', 'mind-control', 'inner-light', 'habit-breaking'])
2026-07-09 08:34:22,121 | INFO | enrich_content_tags | tagging Dagshai 2001/07 JULY - 2001/24 JULY - 7 PM/02 OM GURUVE NAMAH.json (chars=609, est_tokens=152, strategy=single-pass)
2026-07-09 08:34:24,089 | INFO | enrich_content_tags | Dagshai 2001/07 JULY - 2001/24 JULY - 7 PM/02 OM GURUVE NAMAH.json: tagged in 2.0s (event_type=bhajan, lang=sanskrit, topics=['guru-devotion', 'chanting', 'spiritual-surrender'])
2026-07-09 08:34:24,091 | INFO | enrich_content_tags | tagging Dagshai 2001/07 JULY - 2001/24 JULY - 7 PM/03 MAIN PYASA TERE DARSHAN KA.json (chars=5560, est_tokens=1390, strategy=single-pass)
2026-07-09 08:34:27,129 | INFO | enrich_content_tags | Dagshai 2001/07 JULY - 2001/24 JULY - 7 PM/03 MAIN PYASA TERE DARSHAN KA.json: tagged in 3.0s (event_type=bhajan, lang=hindi, topics=['bhajan', 'devotion', 'self-surrender', 'divine-love', 'illusion'])
2026-07-09 08:34:27,131 | INFO | enrich_content_tags | tagging Dagshai 2001/07 JULY - 2001/24 JULY - 7 PM/04 JAGAT MEIN KOI NAHI APNA RE.json (chars=3337, est_tokens=834, strategy=single-pass)
2026-07-09 08:34:30,239 | INFO | enrich_content_tags | Dagshai 2001/07 JULY - 2001/24 JULY - 7 PM/04 JAGAT MEIN KOI NAHI APNA RE.json: tagged in 3.1s (event_type=bhajan, lang=hindi, topics=['non-attachment', 'family-illusion', 'divine-love', 'karma', 'meditation'])
2026-07-09 08:34:30,241 | INFO | enrich_content_tags | tagging Dagshai 2001/07 JULY - 2001/24 JULY - 7 PM/05 PRAVACHAN.json (chars=601, est_tokens=150, strategy=single-pass)
2026-07-09 08:34:33,192 | INFO | enrich_content_tags | Dagshai 2001/07 JULY - 2001/24 JULY - 7 PM/05 PRAVACHAN.json: tagged in 3.0s (event_type=discourse, lang=hindi, topics=['guru-grace', 'separation-pain', 'divine-intervention', 'bhakti-emotion', 'spiritual-remedy'])
2026-07-09 08:34:33,194 | INFO | enrich_content_tags | tagging Dagshai 2001/07 JULY - 2001/24 JULY - 7 PM/06 MAIN PYASA TERE DARSHAN KA.json (chars=3652, est_tokens=913, strategy=single-pass)
2026-07-09 08:34:37,368 | INFO | enrich_content_tags | Dagshai 2001/07 JULY - 2001/24 JULY - 7 PM/06 MAIN PYASA TERE DARSHAN KA.json: tagged in 4.2s (event_type=bhajan, lang=hindi, topics=['bhajan', 'devotion', 'self-surrender', 'life-struggles', 'gratitude'])
2026-07-09 08:34:37,369 | INFO | enrich_content_tags | tagging Dagshai 2001/07 JULY - 2001/24 JULY - 7 PM/07 SAMBODHAN.json (chars=7736, est_tokens=1934, strategy=single-pass)
2026-07-09 08:34:42,410 | INFO | enrich_content_tags | Dagshai 2001/07 JULY - 2001/24 JULY - 7 PM/07 SAMBODHAN.json: tagged in 5.0s (event_type=discourse, lang=hindi, topics=['sadhana', 'guru-tattva', 'bhakti', 'self-inquiry', 'spiritual-journey'])
2026-07-09 08:34:42,411 | INFO | enrich_content_tags | tagging Dagshai 2001/07 JULY - 2001/DAGSHAI 14 - 15 JULY 2001/14 JULY - 1$ - 530 PM/01 MEDITATION.json (chars=11967, est_tokens=2991, strategy=single-pass)
2026-07-09 08:34:47,504 | INFO | enrich_content_tags | Dagshai 2001/07 JULY - 2001/DAGSHAI 14 - 15 JULY 2001/14 JULY - 1$ - 530 PM/01 MEDITATION.json: tagged in 5.1s (event_type=meditation, lang=hindi, topics=['self-inquiry', 'mind-control', 'meditation-practice', 'inner-wealth', 'devotion'])
2026-07-09 08:34:47,505 | INFO | enrich_content_tags | tagging Dagshai 2001/07 JULY - 2001/DAGSHAI 14 - 15 JULY 2001/14 JULY - 1$ - 530 PM/02 SHLOK.json (chars=640, est_tokens=160, strategy=single-pass)
2026-07-09 08:34:50,316 | INFO | enrich_content_tags | Dagshai 2001/07 JULY - 2001/DAGSHAI 14 - 15 JULY 2001/14 JULY - 1$ - 530 PM/02 SHLOK.json: tagged in 2.8s (event_type=bhajan, lang=hindi, topics=['bhakti', 'divine-nature', 'surrender', 'spiritual-wealth'])
2026-07-09 08:34:50,317 | INFO | enrich_content_tags | tagging Dagshai 2001/07 JULY - 2001/DAGSHAI 14 - 15 JULY 2001/14 JULY - 1$ - 530 PM/03 MERE SATGURU MUJHKO.json (chars=22449, est_tokens=5612, strategy=single-pass)
2026-07-09 08:34:57,045 | INFO | enrich_content_tags | Dagshai 2001/07 JULY - 2001/DAGSHAI 14 - 15 JULY 2001/14 JULY - 1$ - 530 PM/03 MERE SATGURU MUJHKO.json: tagged in 6.8s (event_type=bhajan, lang=hindi, topics=['guru-shishya-bond', 'devotion', 'spiritual-enlightenment', 'suffering', 'divine-love'])
2026-07-09 08:34:57,046 | INFO | enrich_content_tags | tagging Dagshai 2001/07 JULY - 2001/DAGSHAI 14 - 15 JULY 2001/14 JULY - 1$ - 530 PM/04 TUJHE DIL MEIN BASANA.json (chars=2193, est_tokens=548, strategy=single-pass)
2026-07-09 08:35:00,092 | INFO | enrich_content_tags | Dagshai 2001/07 JULY - 2001/DAGSHAI 14 - 15 JULY 2001/14 JULY - 1$ - 530 PM/04 TUJHE DIL MEIN BASANA.json: tagged in 3.0s (event_type=bhajan, lang=hindi, topics=['bhajan', 'divine-love', 'inner-light', 'guru-purnima', 'self-surrender'])
2026-07-09 08:35:00,093 | INFO | enrich_content_tags | tagging Dagshai 2001/07 JULY - 2001/DAGSHAI 14 - 15 JULY 2001/14 JULY - 1$ - 530 PM/05 GURUPURNIMA NAMAH.json (chars=1502, est_tokens=375, strategy=single-pass)
2026-07-09 08:35:02,927 | INFO | enrich_content_tags | Dagshai 2001/07 JULY - 2001/DAGSHAI 14 - 15 JULY 2001/14 JULY - 1$ - 530 PM/05 GURUPURNIMA NAMAH.json: tagged in 2.8s (event_type=bhajan, lang=hindi, topics=['guru-purnima', 'bhakti', 'divine-love', 'chanting', 'spiritual-devotion'])
2026-07-09 08:35:02,928 | INFO | enrich_content_tags | tagging Dagshai 2001/07 JULY - 2001/DAGSHAI 14 - 15 JULY 2001/14 JULY - 1$ - 530 PM/06 PRAVACHAN.json (chars=3831, est_tokens=957, strategy=single-pass)
2026-07-09 08:35:05,999 | INFO | enrich_content_tags | Dagshai 2001/07 JULY - 2001/DAGSHAI 14 - 15 JULY 2001/14 JULY - 1$ - 530 PM/06 PRAVACHAN.json: tagged in 3.0s (event_type=discourse, lang=hindi, topics=['self-transformation', 'divine-love', 'renunciation', 'inner-change', 'spiritual-life'])
2026-07-09 08:35:06,000 | INFO | enrich_content_tags | tagging Dagshai 2001/07 JULY - 2001/DAGSHAI 14 - 15 JULY 2001/14 JULY - 1$ - 530 PM/07 SAMBODHAN - SWAMI JI - RISHI JI.json (chars=1798, est_tokens=449, strategy=single-pass)
2026-07-09 08:35:10,486 | INFO | enrich_content_tags | Dagshai 2001/07 JULY - 2001/DAGSHAI 14 - 15 JULY 2001/14 JULY - 1$ - 530 PM/07 SAMBODHAN - SWAMI JI - RISHI JI.json: tagged in 4.5s (event_type=meditation, lang=hindi, topics=['meditation', 'silence', 'self-inquiry', 'morning-practice', 'community-support'])
2026-07-09 08:35:10,487 | INFO | enrich_content_tags | tagging Dagshai 2001/07 JULY - 2001/DAGSHAI 14 - 15 JULY 2001/15 JULY - 2$ - 630 AM/01 MEDITATION.json (chars=13606, est_tokens=3401, strategy=single-pass)
2026-07-09 08:35:15,899 | INFO | enrich_content_tags | Dagshai 2001/07 JULY - 2001/DAGSHAI 14 - 15 JULY 2001/15 JULY - 2$ - 630 AM/01 MEDITATION.json: tagged in 5.4s (event_type=meditation, lang=hindi, topics=['meditation', 'self-inquiry', 'mind-control', 'devotion', 'inner-peace'])
2026-07-09 08:35:15,900 | INFO | enrich_content_tags | tagging Dagshai 2001/07 JULY - 2001/DAGSHAI 14 - 15 JULY 2001/15 JULY - 2$ - 630 AM/02  PRAVACHAN.json (chars=4732, est_tokens=1183, strategy=single-pass)
2026-07-09 08:35:19,507 | INFO | enrich_content_tags | Dagshai 2001/07 JULY - 2001/DAGSHAI 14 - 15 JULY 2001/15 JULY - 2$ - 630 AM/02  PRAVACHAN.json: tagged in 3.6s (event_type=discourse, lang=hindi, topics=['meditation', 'mental-health', 'stress-management', 'self-awareness', 'spiritual-strength'])
2026-07-09 08:35:19,509 | INFO | enrich_content_tags | tagging Dagshai 2001/07 JULY - 2001/DAGSHAI 14 - 15 JULY 2001/15 JULY - 2$ - 630 AM/03 AISI KIRPA KARO.json (chars=1958, est_tokens=489, strategy=single-pass)
2026-07-09 08:35:22,221 | INFO | enrich_content_tags | Dagshai 2001/07 JULY - 2001/DAGSHAI 14 - 15 JULY 2001/15 JULY - 2$ - 630 AM/03 AISI KIRPA KARO.json: tagged in 2.7s (event_type=bhajan, lang=hindi, topics=['bhajan', 'devotion', 'maya', 'guru-grace', 'spiritual-transformation'])
2026-07-09 08:35:22,222 | INFO | enrich_content_tags | tagging Dagshai 2001/07 JULY - 2001/DAGSHAI 14 - 15 JULY 2001/15 JULY - 2$ - 630 AM/04 JARA TO KHUL KE.json (chars=9042, est_tokens=2260, strategy=single-pass)
2026-07-09 08:35:37,527 | ERROR | enrich_content_tags | Dagshai 2001/07 JULY - 2001/DAGSHAI 14 - 15 JULY 2001/15 JULY - 2$ - 630 AM/04 JARA TO KHUL KE.json: tagging failed (json decode failed: Unterminated string starting at: line 5 column 4993 (char 5129)) — dead-letter dead_letter/tag_failures/Dagshai_2001_07_JULY_-_2001_DAGSHAI_14_-_15_JULY_2001_15_JULY_-_2__-_630_AM_04_JARA_TO_KHUL_KE.json.eaca902e9a6a.txt
2026-07-09 08:35:37,528 | ERROR | enrich_content_tags | [622/9168] Dagshai 2001/07 JULY - 2001/DAGSHAI 14 - 15 JULY 2001/15 JULY - 2$ - 630 AM/04 JARA TO KHUL KE.json: json decode failed: Unterminated string starting at: line 5 column 4993 (char 5129)
2026-07-09 08:35:37,529 | INFO | enrich_content_tags | tagging Dagshai 2001/07 JULY - 2001/DAGSHAI 14 - 15 JULY 2001/15 JULY - 2$ - 630 AM/05 VAHEGURU VAHEGURU.json (chars=1815, est_tokens=453, strategy=single-pass)
2026-07-09 08:35:40,448 | INFO | enrich_content_tags | Dagshai 2001/07 JULY - 2001/DAGSHAI 14 - 15 JULY 2001/15 JULY - 2$ - 630 AM/05 VAHEGURU VAHEGURU.json: tagged in 2.9s (event_type=bhajan, lang=hindi, topics=['bhajan', 'nam-simran', 'divine-mercy', 'sikhism', 'meditation'])
2026-07-09 08:35:40,449 | INFO | enrich_content_tags | tagging Dagshai 2001/07 JULY - 2001/DAGSHAI 14 - 15 JULY 2001/15 JULY - 2$ - 630 AM/06 OM GURUVE NAMAH.json (chars=2277, est_tokens=569, strategy=single-pass)
2026-07-09 08:35:44,220 | INFO | enrich_content_tags | Dagshai 2001/07 JULY - 2001/DAGSHAI 14 - 15 JULY 2001/15 JULY - 2$ - 630 AM/06 OM GURUVE NAMAH.json: tagged in 3.8s (event_type=bhajan, lang=hindi, topics=['guru-devotion', 'mahamantra', 'spiritual-music', 'grace-of-guru', 'meditation'])
2026-07-09 08:35:44,221 | INFO | enrich_content_tags | tagging Dagshai 2001/07 JULY - 2001/DAGSHAI 14 - 15 JULY 2001/15 JULY - 2$ - 630 AM/07 SAMBODHAN.json (chars=1430, est_tokens=357, strategy=single-pass)
2026-07-09 08:35:47,996 | INFO | enrich_content_tags | Dagshai 2001/07 JULY - 2001/DAGSHAI 14 - 15 JULY 2001/15 JULY - 2$ - 630 AM/07 SAMBODHAN.json: tagged in 3.8s (event_type=discourse, lang=mixed, topics=['meditation', 'global-mission', 'peace-of-mind', 'spiritual-blessings', 'travel-plans'])
2026-07-09 08:35:47,997 | INFO | enrich_content_tags | tagging Dagshai 2001/07 JULY - 2001/DAGSHAI 14 - 15 JULY 2001/15 JULY - 2$ - 630 AM/08 SAMBODHAN - SWAMI JI - RISHI JI.json (chars=1904, est_tokens=476, strategy=single-pass)
2026-07-09 08:35:52,382 | INFO | enrich_content_tags | Dagshai 2001/07 JULY - 2001/DAGSHAI 14 - 15 JULY 2001/15 JULY - 2$ - 630 AM/08 SAMBODHAN - SWAMI JI - RISHI JI.json: tagged in 4.4s (event_type=bhajan, lang=hindi, topics=['meditation', 'love', 'joy', 'healing', 'gratitude'])
2026-07-09 08:35:52,383 | INFO | enrich_content_tags | tagging Dagshai 2001/07 JULY - 2001/DAGSHAI 14 - 15 JULY 2001/15 JULY - 3$ - 1115 AM/02 JYOT JAG RAHI HAIN.json (chars=7608, est_tokens=1902, strategy=single-pass)
2026-07-09 08:35:56,325 | INFO | enrich_content_tags | Dagshai 2001/07 JULY - 2001/DAGSHAI 14 - 15 JULY 2001/15 JULY - 3$ - 1115 AM/02 JYOT JAG RAHI HAIN.json: tagged in 3.9s (event_type=bhajan, lang=hindi, topics=['inner-light', 'fearlessness', 'self-inquiry', 'divine-love', 'meditation'])
2026-07-09 08:35:56,326 | INFO | enrich_content_tags | tagging Dagshai 2001/07 JULY - 2001/DAGSHAI 14 - 15 JULY 2001/15 JULY - 3$ - 1115 AM/03 IS YOGYA HUM KAHAN.json (chars=6866, est_tokens=1716, strategy=single-pass)
2026-07-09 08:36:01,454 | INFO | enrich_content_tags | Dagshai 2001/07 JULY - 2001/DAGSHAI 14 - 15 JULY 2001/15 JULY - 3$ - 1115 AM/03 IS YOGYA HUM KAHAN.json: tagged in 5.1s (event_type=bhajan, lang=hindi, topics=['guru-bhakti', 'seva', 'viraha', 'surrender', 'bhakti-rasa'])
2026-07-09 08:36:01,456 | INFO | enrich_content_tags | tagging Dagshai 2001/07 JULY - 2001/DAGSHAI 14 - 15 JULY 2001/15 JULY - 3$ - 1115 AM/04 MEHRAM DILA DE MAHI.json (chars=9763, est_tokens=2440, strategy=single-pass)
2026-07-09 08:36:06,134 | INFO | enrich_content_tags | Dagshai 2001/07 JULY - 2001/DAGSHAI 14 - 15 JULY 2001/15 JULY - 3$ - 1115 AM/04 MEHRAM DILA DE MAHI.json: tagged in 4.7s (event_type=bhajan, lang=hindi, topics=['bhakti', 'self-inquiry', 'devotion', 'spiritual-awakening', 'critique-of-hypocrisy'])
2026-07-09 08:36:06,135 | INFO | enrich_content_tags | tagging Dagshai 2001/07 JULY - 2001/DAGSHAI 14 - 15 JULY 2001/15 JULY - 3$ - 1115 AM/05 TU AGAR BENAQUAB HOTA.json (chars=3305, est_tokens=826, strategy=single-pass)
2026-07-09 08:36:10,501 | INFO | enrich_content_tags | Dagshai 2001/07 JULY - 2001/DAGSHAI 14 - 15 JULY 2001/15 JULY - 3$ - 1115 AM/05 TU AGAR BENAQUAB HOTA.json: tagged in 4.3s (event_type=bhajan, lang=hindi, topics=['bhajan', 'devotion', 'self-realization', 'spiritual-longing', 'removing-veils'])
2026-07-09 08:36:10,502 | INFO | enrich_content_tags | tagging Dagshai 2001/07 JULY - 2001/DAGSHAI 14 - 15 JULY 2001/15 JULY - 3$ - 1115 AM/06 TERE DAR KA JO DEKHA.json (chars=3811, est_tokens=952, strategy=single-pass)
2026-07-09 08:36:13,527 | INFO | enrich_content_tags | Dagshai 2001/07 JULY - 2001/DAGSHAI 14 - 15 JULY 2001/15 JULY - 3$ - 1115 AM/06 TERE DAR KA JO DEKHA.json: tagged in 3.0s (event_type=bhajan, lang=hindi, topics=['bhajan', 'devotion', 'spiritual-freedom', 'self-inquiry', 'social-awareness'])
2026-07-09 08:36:13,529 | INFO | enrich_content_tags | tagging Dagshai 2001/07 JULY - 2001/DAGSHAI 14 - 15 JULY 2001/15 JULY - 3$ - 1115 AM/07 OM GURUVE NAMAH.json (chars=771, est_tokens=192, strategy=single-pass)
2026-07-09 08:36:16,034 | INFO | enrich_content_tags | Dagshai 2001/07 JULY - 2001/DAGSHAI 14 - 15 JULY 2001/15 JULY - 3$ - 1115 AM/07 OM GURUVE NAMAH.json: tagged in 2.5s (event_type=bhajan, lang=sanskrit, topics=['guru-bhakti', 'satsang', 'devotional-songs'])
2026-07-09 08:36:16,035 | INFO | enrich_content_tags | tagging Dagshai 2001/07 JULY - 2001/DAGSHAI 14 - 15 JULY 2001/15 JULY - 3$ - 1115 AM/08 SAMBODHAN - SWAMI JI - RISHI JI.json (chars=3984, est_tokens=996, strategy=single-pass)
2026-07-09 08:36:20,279 | INFO | enrich_content_tags | Dagshai 2001/07 JULY - 2001/DAGSHAI 14 - 15 JULY 2001/15 JULY - 3$ - 1115 AM/08 SAMBODHAN - SWAMI JI - RISHI JI.json: tagged in 4.2s (event_type=bhajan, lang=hindi, topics=['meditation', 'group-practice', 'inner-devotion', 'daily-discipline', 'spiritual-resources'])
2026-07-09 08:36:20,280 | INFO | enrich_content_tags | tagging Dagshai 2001/07 JULY - 2001/DAGSHAI 14 - 15 JULY 2001/unknown/08 MEDITATION (INCOMPLETE).json (chars=212, est_tokens=53, strategy=single-pass)
2026-07-09 08:36:23,011 | INFO | enrich_content_tags | Dagshai 2001/07 JULY - 2001/DAGSHAI 14 - 15 JULY 2001/unknown/08 MEDITATION (INCOMPLETE).json: tagged in 2.7s (event_type=bhajan, lang=hindi, topics=['bhajan', 'devotion', 'spiritual-practice'])
2026-07-09 08:36:23,013 | INFO | enrich_content_tags | tagging Dagshai 2001/07 JULY - 2001/DAGSHAI 14 - 15 JULY 2001/unknown/09 MEDITATION (INCOMPLETE).json (chars=502, est_tokens=125, strategy=single-pass)
2026-07-09 08:36:26,089 | INFO | enrich_content_tags | Dagshai 2001/07 JULY - 2001/DAGSHAI 14 - 15 JULY 2001/unknown/09 MEDITATION (INCOMPLETE).json: tagged in 3.1s (event_type=bhajan, lang=hindi, topics=['bhajan', 'meditation', 'spiritual-music', 'inner-peace', 'nature'])
2026-07-09 08:36:26,091 | INFO | enrich_content_tags | tagging Dagshai 2001/07 JULY - 2001/DAGSHAI 7 - 8 JULY 2001/7 JULY - 1$ - 6 PM/01 MEDITATION.json (chars=10073, est_tokens=2518, strategy=single-pass)
2026-07-09 08:36:30,401 | INFO | enrich_content_tags | Dagshai 2001/07 JULY - 2001/DAGSHAI 7 - 8 JULY 2001/7 JULY - 1$ - 6 PM/01 MEDITATION.json: tagged in 4.3s (event_type=meditation, lang=hindi, topics=['self-inquiry', 'mind-witnessing', 'meditation-technique', 'inner-nature', 'thought-observation'])
2026-07-09 08:36:30,402 | INFO | enrich_content_tags | tagging Dagshai 2001/07 JULY - 2001/DAGSHAI 7 - 8 JULY 2001/7 JULY - 1$ - 6 PM/02 OM GURUVE NAMAH.json (chars=1360, est_tokens=340, strategy=single-pass)
2026-07-09 08:36:33,407 | INFO | enrich_content_tags | Dagshai 2001/07 JULY - 2001/DAGSHAI 7 - 8 JULY 2001/7 JULY - 1$ - 6 PM/02 OM GURUVE NAMAH.json: tagged in 3.0s (event_type=bhajan, lang=sanskrit, topics=['guru-bhakti', 'om-chanting', 'vedic-mantras', 'spiritual-devotion'])
2026-07-09 08:36:33,408 | INFO | enrich_content_tags | tagging Dagshai 2001/07 JULY - 2001/DAGSHAI 7 - 8 JULY 2001/7 JULY - 1$ - 6 PM/03 JO JO PRABHU KE KAREEB.json (chars=3779, est_tokens=944, strategy=single-pass)
2026-07-09 08:36:37,292 | INFO | enrich_content_tags | Dagshai 2001/07 JULY - 2001/DAGSHAI 7 - 8 JULY 2001/7 JULY - 1$ - 6 PM/03 JO JO PRABHU KE KAREEB.json: tagged in 3.9s (event_type=bhajan, lang=hindi, topics=['self-inquiry', 'divine-proximity', 'meditation', 'gratitude', 'spiritual-realization'])
2026-07-09 08:36:37,293 | INFO | enrich_content_tags | tagging Dagshai 2001/07 JULY - 2001/DAGSHAI 7 - 8 JULY 2001/7 JULY - 1$ - 6 PM/04 PRAVACHAN.json (chars=6019, est_tokens=1504, strategy=single-pass)
2026-07-09 08:36:41,637 | INFO | enrich_content_tags | Dagshai 2001/07 JULY - 2001/DAGSHAI 7 - 8 JULY 2001/7 JULY - 1$ - 6 PM/04 PRAVACHAN.json: tagged in 4.3s (event_type=discourse, lang=hindi, topics=['meditation', 'self-inquiry', 'mind-control', 'spiritual-wealth', 'awareness'])
2026-07-09 08:36:41,638 | INFO | enrich_content_tags | tagging Dagshai 2001/07 JULY - 2001/DAGSHAI 7 - 8 JULY 2001/7 JULY - 1$ - 6 PM/MD RECORDING/01 MEDITATION.json (chars=10300, est_tokens=2575, strategy=single-pass)
2026-07-09 08:36:46,469 | INFO | enrich_content_tags | Dagshai 2001/07 JULY - 2001/DAGSHAI 7 - 8 JULY 2001/7 JULY - 1$ - 6 PM/MD RECORDING/01 MEDITATION.json: tagged in 4.8s (event_type=meditation, lang=hindi, topics=['self-inquiry', 'mind-witnessing', 'third-eye', 'meditation-practice', 'inner-nature'])
2026-07-09 08:36:46,470 | INFO | enrich_content_tags | tagging Dagshai 2001/07 JULY - 2001/DAGSHAI 7 - 8 JULY 2001/7 JULY - 1$ - 6 PM/MD RECORDING/02 OM GURUVE NAMAH.json (chars=1209, est_tokens=302, strategy=single-pass)
2026-07-09 08:36:49,221 | INFO | enrich_content_tags | Dagshai 2001/07 JULY - 2001/DAGSHAI 7 - 8 JULY 2001/7 JULY - 1$ - 6 PM/MD RECORDING/02 OM GURUVE NAMAH.json: tagged in 2.8s (event_type=bhajan, lang=hindi, topics=['guru-bhakti', 'sankat-mochan', 'bhajan-satsang', 'divine-light', 'spiritual-sound'])
2026-07-09 08:36:49,222 | INFO | enrich_content_tags | tagging Dagshai 2001/07 JULY - 2001/DAGSHAI 7 - 8 JULY 2001/7 JULY - 1$ - 6 PM/MD RECORDING/03 JO JO PRABHU KE.json (chars=3789, est_tokens=947, strategy=single-pass)
2026-07-09 08:36:53,850 | INFO | enrich_content_tags | Dagshai 2001/07 JULY - 2001/DAGSHAI 7 - 8 JULY 2001/7 JULY - 1$ - 6 PM/MD RECORDING/03 JO JO PRABHU KE.json: tagged in 4.6s (event_type=bhajan, lang=hindi, topics=['self-inquiry', 'consciousness', 'divine-union', 'gratitude', 'spiritual-realization'])
2026-07-09 08:36:53,851 | INFO | enrich_content_tags | tagging Dagshai 2001/07 JULY - 2001/DAGSHAI 7 - 8 JULY 2001/7 JULY - 1$ - 6 PM/MD RECORDING/04 PRAVACHAN ABOUT MEDITATION.json (chars=6166, est_tokens=1541, strategy=single-pass)
2026-07-09 08:36:58,052 | INFO | enrich_content_tags | Dagshai 2001/07 JULY - 2001/DAGSHAI 7 - 8 JULY 2001/7 JULY - 1$ - 6 PM/MD RECORDING/04 PRAVACHAN ABOUT MEDITATION.json: tagged in 4.2s (event_type=bhajan, lang=hindi, topics=['meditation', 'self-inquiry', 'no-mind', 'inner-wealth', 'spiritual-realization'])
2026-07-09 08:36:58,053 | INFO | enrich_content_tags | tagging Dagshai 2001/07 JULY - 2001/DAGSHAI 7 - 8 JULY 2001/7 JULY - 1$ - 6 PM/MD RECORDING/05 OM ONKAR.json (chars=221, est_tokens=55, strategy=single-pass)
2026-07-09 08:37:00,260 | INFO | enrich_content_tags | Dagshai 2001/07 JULY - 2001/DAGSHAI 7 - 8 JULY 2001/7 JULY - 1$ - 6 PM/MD RECORDING/05 OM ONKAR.json: tagged in 2.2s (event_type=bhajan, lang=hindi, topics=['bhajan', 'om-onkar', 'devotional-singing'])
2026-07-09 08:37:00,262 | INFO | enrich_content_tags | tagging Dagshai 2001/07 JULY - 2001/DAGSHAI 7 - 8 JULY 2001/8 JULY - 2$ - 12 PM/01 MEDITATION.json (chars=6959, est_tokens=1739, strategy=single-pass)
2026-07-09 08:37:56,334 | INFO | enrich_content_tags | Dagshai 2001/07 JULY - 2001/DAGSHAI 7 - 8 JULY 2001/8 JULY - 2$ - 12 PM/01 MEDITATION.json: tagged in 4.4s (event_type=meditation, lang=hindi, topics=['self-inquiry', 'meditation', 'vedic-wisdom', 'heart-centered-love', 'mind-control'])
2026-07-09 08:37:56,336 | INFO | enrich_content_tags | tagging Dagshai 2001/07 JULY - 2001/DAGSHAI 7 - 8 JULY 2001/8 JULY - 2$ - 12 PM/02 AISI NIGAH BANA DE.json (chars=17864, est_tokens=4466, strategy=single-pass)
2026-07-09 08:37:11,383 | INFO | enrich_content_tags | Dagshai 2001/07 JULY - 2001/DAGSHAI 7 - 8 JULY 2001/8 JULY - 2$ - 12 PM/02 AISI NIGAH BANA DE.json: tagged in 6.8s (event_type=bhajan, lang=hindi, topics=['self-inquiry', 'inner-eye', 'bhakti', 'ahankar', 'jnana'])
2026-07-09 08:37:11,384 | INFO | enrich_content_tags | tagging Dagshai 2001/07 JULY - 2001/DAGSHAI 7 - 8 JULY 2001/8 JULY - 2$ - 12 PM/03 OM GURUVE NAMAH.json (chars=1469, est_tokens=367, strategy=single-pass)
2026-07-09 08:37:14,261 | INFO | enrich_content_tags | Dagshai 2001/07 JULY - 2001/DAGSHAI 7 - 8 JULY 2001/8 JULY - 2$ - 12 PM/03 OM GURUVE NAMAH.json: tagged in 2.9s (event_type=bhajan, lang=hindi, topics=['guru-bhakti', ' Invocation', 'spiritual-sound', 'divine-light', 'moksha'])
2026-07-09 08:37:14,261 | INFO | enrich_content_tags | tagging Dagshai 2001/07 JULY - 2001/DAGSHAI 7 - 8 JULY 2001/8 JULY - 2$ - 12 PM/04 SAMBODHAN - RISHI JI.json (chars=671, est_tokens=167, strategy=single-pass)
2026-07-09 08:37:17,110 | INFO | enrich_content_tags | Dagshai 2001/07 JULY - 2001/DAGSHAI 7 - 8 JULY 2001/8 JULY - 2$ - 12 PM/04 SAMBODHAN - RISHI JI.json: tagged in 2.8s (event_type=bhajan, lang=hindi, topics=['meditation', 'bhajan', 'divine-love', 'inner-peace', 'spiritual-happiness'])
2026-07-09 08:37:17,112 | INFO | enrich_content_tags | tagging Dagshai 2001/07 JULY - 2001/DAGSHAI 7 - 8 JULY 2001/8 JULY - 3$ - 6 PM/01 MEDITATION.json (chars=329, est_tokens=82, strategy=single-pass)
2026-07-09 08:38:11,340 | INFO | enrich_content_tags | Dagshai 2001/07 JULY - 2001/DAGSHAI 7 - 8 JULY 2001/8 JULY - 3$ - 6 PM/01 MEDITATION.json: tagged in 2.5s (event_type=meditation, lang=hindi, topics=['meditation', 'devotion', 'darkness-light', 'action'])
2026-07-09 08:38:11,341 | INFO | enrich_content_tags | tagging Dagshai 2001/07 JULY - 2001/DAGSHAI 7 - 8 JULY 2001/8 JULY - 3$ - 6 PM/02 OM GURUVE NAMAH.json (chars=636, est_tokens=159, strategy=single-pass)
2026-07-09 08:37:22,095 | INFO | enrich_content_tags | Dagshai 2001/07 JULY - 2001/DAGSHAI 7 - 8 JULY 2001/8 JULY - 3$ - 6 PM/02 OM GURUVE NAMAH.json: tagged in 2.5s (event_type=bhajan, lang=sanskrit, topics=['devotion', 'prayer', ' Invocation'])
2026-07-09 08:37:22,097 | INFO | enrich_content_tags | tagging Dagshai 2001/07 JULY - 2001/DAGSHAI 7 - 8 JULY 2001/8 JULY - 3$ - 6 PM/03 TERI MEHARBANI KA HAIN.json (chars=1705, est_tokens=426, strategy=single-pass)
2026-07-09 08:37:24,966 | INFO | enrich_content_tags | Dagshai 2001/07 JULY - 2001/DAGSHAI 7 - 8 JULY 2001/8 JULY - 3$ - 6 PM/03 TERI MEHARBANI KA HAIN.json: tagged in 2.9s (event_type=bhajan, lang=hindi, topics=['devotion', 'grace', 'self-surrender', 'divine-love'])
2026-07-09 08:37:24,967 | INFO | enrich_content_tags | tagging Dagshai 2001/07 JULY - 2001/DAGSHAI 7 - 8 JULY 2001/8 JULY - 3$ - 6 PM/04 SAMBODHAN.json (chars=317, est_tokens=79, strategy=single-pass)
2026-07-09 08:37:27,528 | INFO | enrich_content_tags | Dagshai 2001/07 JULY - 2001/DAGSHAI 7 - 8 JULY 2001/8 JULY - 3$ - 6 PM/04 SAMBODHAN.json: tagged in 2.6s (event_type=satsang, lang=hindi, topics=['pranama', 'sadhana', 'devotion'])
2026-07-09 08:37:27,529 | INFO | enrich_content_tags | tagging Dagshai 2001/07 JULY - 2001/GURUPOOJA DAGSHAI 1 - 7 JULY 2001/1 JULY - 1$ - 7 PM/01 MEDITATION (1).json (chars=217, est_tokens=54, strategy=single-pass)
2026-07-09 08:37:29,854 | INFO | enrich_content_tags | Dagshai 2001/07 JULY - 2001/GURUPOOJA DAGSHAI 1 - 7 JULY 2001/1 JULY - 1$ - 7 PM/01 MEDITATION (1).json: tagged in 2.3s (event_type=bhajan, lang=hindi, topics=['meditation', 'devotion', 'spiritual-practice'])
2026-07-09 08:37:29,856 | INFO | enrich_content_tags | tagging Dagshai 2001/07 JULY - 2001/GURUPOOJA DAGSHAI 1 - 7 JULY 2001/1 JULY - 1$ - 7 PM/01 MEDITATION (2).json (chars=1019, est_tokens=254, strategy=single-pass)
2026-07-09 08:37:32,256 | INFO | enrich_content_tags | Dagshai 2001/07 JULY - 2001/GURUPOOJA DAGSHAI 1 - 7 JULY 2001/1 JULY - 1$ - 7 PM/01 MEDITATION (2).json: tagged in 2.4s (event_type=bhajan, lang=hindi, topics=['self-awareness', 'ego-dissolution', 'meditation', 'inner-light', 'spiritual-practice'])
2026-07-09 08:37:32,257 | INFO | enrich_content_tags | tagging Dagshai 2001/07 JULY - 2001/GURUPOOJA DAGSHAI 1 - 7 JULY 2001/1 JULY - 1$ - 7 PM/02 TERE DER PE MERE.json (chars=15587, est_tokens=3896, strategy=single-pass)
2026-07-09 08:37:37,941 | INFO | enrich_content_tags | Dagshai 2001/07 JULY - 2001/GURUPOOJA DAGSHAI 1 - 7 JULY 2001/1 JULY - 1$ - 7 PM/02 TERE DER PE MERE.json: tagged in 5.7s (event_type=bhajan, lang=hindi, topics=['bhajan', 'self-inquiry', 'devotion', 'surrender', 'meditation'])
2026-07-09 08:37:37,942 | INFO | enrich_content_tags | tagging Dagshai 2001/07 JULY - 2001/GURUPOOJA DAGSHAI 1 - 7 JULY 2001/1 JULY - 1$ - 7 PM/03 OM GURUVE NAMAH.json (chars=714, est_tokens=178, strategy=single-pass)
2026-07-09 08:37:40,433 | INFO | enrich_content_tags | Dagshai 2001/07 JULY - 2001/GURUPOOJA DAGSHAI 1 - 7 JULY 2001/1 JULY - 1$ - 7 PM/03 OM GURUVE NAMAH.json: tagged in 2.5s (event_type=bhajan, lang=hindi, topics=['invocation', 'chanting', 'devotion', 'guru-pooja'])
2026-07-09 08:37:40,434 | INFO | enrich_content_tags | tagging Dagshai 2001/07 JULY - 2001/GURUPOOJA DAGSHAI 1 - 7 JULY 2001/1 JULY - 1$ - 7 PM/04 SAMBODHAN.json (chars=6919, est_tokens=1729, strategy=single-pass)
2026-07-09 08:37:44,215 | INFO | enrich_content_tags | Dagshai 2001/07 JULY - 2001/GURUPOOJA DAGSHAI 1 - 7 JULY 2001/1 JULY - 1$ - 7 PM/04 SAMBODHAN.json: tagged in 3.8s (event_type=discourse, lang=hindi, topics=['meditation', 'service', 'fearlessness', 'self-inquiry', 'satsang'])
2026-07-09 08:37:44,217 | INFO | enrich_content_tags | tagging Dagshai 2001/07 JULY - 2001/GURUPOOJA DAGSHAI 1 - 7 JULY 2001/1 JULY - 1$ - 7 PM/05 OM ONKAR.json (chars=221, est_tokens=55, strategy=single-pass)
2026-07-09 08:37:46,687 | INFO | enrich_content_tags | Dagshai 2001/07 JULY - 2001/GURUPOOJA DAGSHAI 1 - 7 JULY 2001/1 JULY - 1$ - 7 PM/05 OM ONKAR.json: tagged in 2.5s (event_type=bhajan, lang=hindi, topics=['bhajan', 'om-chanting', 'spiritual-practice'])
2026-07-09 08:37:46,688 | INFO | enrich_content_tags | tagging Dagshai 2001/07 JULY - 2001/GURUPOOJA DAGSHAI 1 - 7 JULY 2001/2 JULY - 2$ - 7 PM/01 MEDITATION.json (chars=10839, est_tokens=2709, strategy=single-pass)
2026-07-09 08:37:51,220 | INFO | enrich_content_tags | Dagshai 2001/07 JULY - 2001/GURUPOOJA DAGSHAI 1 - 7 JULY 2001/2 JULY - 2$ - 7 PM/01 MEDITATION.json: tagged in 4.5s (event_type=meditation, lang=hindi, topics=['meditation', 'self-awareness', 'inner-witness', 'spiritual-transformation', 'kundalini'])
2026-07-09 08:37:51,221 | INFO | enrich_content_tags | tagging Dagshai 2001/07 JULY - 2001/GURUPOOJA DAGSHAI 1 - 7 JULY 2001/2 JULY - 2$ - 7 PM/02 PRAVACHAN.json (chars=7316, est_tokens=1829, strategy=single-pass)
2026-07-09 08:37:55,813 | INFO | enrich_content_tags | Dagshai 2001/07 JULY - 2001/GURUPOOJA DAGSHAI 1 - 7 JULY 2001/2 JULY - 2$ - 7 PM/02 PRAVACHAN.json: tagged in 4.6s (event_type=discourse, lang=hindi, topics=['meditation', 'self-inquiry', 'freedom', 'mind-control', 'devotion'])
2026-07-09 08:37:55,814 | INFO | enrich_content_tags | tagging Dagshai 2001/07 JULY - 2001/GURUPOOJA DAGSHAI 1 - 7 JULY 2001/2 JULY - 2$ - 7 PM/03 TU NISHANE BENISHAN (1).json (chars=2467, est_tokens=616, strategy=single-pass)
2026-07-09 08:37:59,818 | INFO | enrich_content_tags | Dagshai 2001/07 JULY - 2001/GURUPOOJA DAGSHAI 1 - 7 JULY 2001/2 JULY - 2$ - 7 PM/03 TU NISHANE BENISHAN (1).json: tagged in 4.0s (event_type=bhajan, lang=hindi, topics=['bhajan', 'meditation-camp', 'compassion', 'spiritual-service', 'human-connection'])
2026-07-09 08:37:59,819 | INFO | enrich_content_tags | tagging Dagshai 2001/07 JULY - 2001/GURUPOOJA DAGSHAI 1 - 7 JULY 2001/2 JULY - 2$ - 7 PM/03 TU NISHANE BENISHAN (2).json (chars=20866, est_tokens=5216, strategy=single-pass)
2026-07-09 08:38:17,175 | ERROR | enrich_content_tags | Dagshai 2001/07 JULY - 2001/GURUPOOJA DAGSHAI 1 - 7 JULY 2001/2 JULY - 2$ - 7 PM/03 TU NISHANE BENISHAN (2).json: tagging failed (json decode failed: Unterminated string starting at: line 6 column 4268 (char 4565)) — dead-letter dead_letter/tag_failures/Dagshai_2001_07_JULY_-_2001_GURUPOOJA_DAGSHAI_1_-_7_JULY_2001_2_JULY_-_2__-_7_PM_03_TU_NISHANE_BENIS.4ada7c5cb7d9.txt
2026-07-09 08:38:17,176 | ERROR | enrich_content_tags | [662/9168] Dagshai 2001/07 JULY - 2001/GURUPOOJA DAGSHAI 1 - 7 JULY 2001/2 JULY - 2$ - 7 PM/03 TU NISHANE BENISHAN (2).json: json decode failed: Unterminated string starting at: line 6 column 4268 (char 4565)
2026-07-09 08:38:17,177 | INFO | enrich_content_tags | tagging Dagshai 2001/07 JULY - 2001/GURUPOOJA DAGSHAI 1 - 7 JULY 2001/2 JULY - 2$ - 7 PM/04 OM ONKAR.json (chars=198, est_tokens=49, strategy=single-pass)
2026-07-09 08:38:19,416 | INFO | enrich_content_tags | Dagshai 2001/07 JULY - 2001/GURUPOOJA DAGSHAI 1 - 7 JULY 2001/2 JULY - 2$ - 7 PM/04 OM ONKAR.json: tagged in 2.2s (event_type=bhajan, lang=hindi, topics=['bhajan', 'om-chanting', 'spiritual-practice'])
2026-07-09 08:38:19,417 | INFO | enrich_content_tags | tagging Dagshai 2001/07 JULY - 2001/GURUPOOJA DAGSHAI 1 - 7 JULY 2001/3 JULY - 3$ - 7 PM/01 MEDITATION.json (chars=7778, est_tokens=1944, strategy=single-pass)
2026-07-09 08:38:23,674 | INFO | enrich_content_tags | Dagshai 2001/07 JULY - 2001/GURUPOOJA DAGSHAI 1 - 7 JULY 2001/3 JULY - 3$ - 7 PM/01 MEDITATION.json: tagged in 4.3s (event_type=meditation, lang=hindi, topics=['meditation', 'self-inquiry', 'inner-light', 'mind-control', 'spiritual-journey'])
2026-07-09 08:38:23,675 | INFO | enrich_content_tags | tagging Dagshai 2001/07 JULY - 2001/GURUPOOJA DAGSHAI 1 - 7 JULY 2001/3 JULY - 3$ - 7 PM/02 OM GURUVE NAMAH.json (chars=489, est_tokens=122, strategy=single-pass)
2026-07-09 08:38:26,046 | INFO | enrich_content_tags | Dagshai 2001/07 JULY - 2001/GURUPOOJA DAGSHAI 1 - 7 JULY 2001/3 JULY - 3$ - 7 PM/02 OM GURUVE NAMAH.json: tagged in 2.4s (event_type=bhajan, lang=hindi, topics=['guru-purnima', 'devotion', 'chanting', 'spiritual-salutation'])
2026-07-09 08:38:26,048 | INFO | enrich_content_tags | tagging Dagshai 2001/07 JULY - 2001/GURUPOOJA DAGSHAI 1 - 7 JULY 2001/3 JULY - 3$ - 7 PM/03 AISI KIRPA KARO.json (chars=23119, est_tokens=5779, strategy=single-pass)
2026-07-09 08:38:33,199 | INFO | enrich_content_tags | Dagshai 2001/07 JULY - 2001/GURUPOOJA DAGSHAI 1 - 7 JULY 2001/3 JULY - 3$ - 7 PM/03 AISI KIRPA KARO.json: tagged in 7.1s (event_type=bhajan, lang=hindi, topics=['guru-purnima', 'self-inquiry', 'inner-journey', 'ego-transformation', 'divine-light'])
2026-07-09 08:38:33,200 | INFO | enrich_content_tags | tagging Dagshai 2001/07 JULY - 2001/GURUPOOJA DAGSHAI 1 - 7 JULY 2001/3 JULY - 3$ - 7 PM/04 WAHEGURU WAHEGURU.json (chars=9297, est_tokens=2324, strategy=single-pass)
2026-07-09 08:38:37,739 | INFO | enrich_content_tags | Dagshai 2001/07 JULY - 2001/GURUPOOJA DAGSHAI 1 - 7 JULY 2001/3 JULY - 3$ - 7 PM/04 WAHEGURU WAHEGURU.json: tagged in 4.5s (event_type=bhajan, lang=hindi, topics=['bhajan', 'nam-simran', 'divine-love', 'meditation', 'sikhism'])
2026-07-09 08:38:37,741 | INFO | enrich_content_tags | tagging Dagshai 2001/07 JULY - 2001/GURUPOOJA DAGSHAI 1 - 7 JULY 2001/3 JULY - 3$ - 7 PM/05 PRAVACHAN.json (chars=9359, est_tokens=2339, strategy=single-pass)
2026-07-09 08:38:43,236 | INFO | enrich_content_tags | Dagshai 2001/07 JULY - 2001/GURUPOOJA DAGSHAI 1 - 7 JULY 2001/3 JULY - 3$ - 7 PM/05 PRAVACHAN.json: tagged in 5.5s (event_type=discourse, lang=hindi, topics=['guru-purnima', 'self-realization', 'inner-awakening', 'silence-moun', 'third-eye'])
2026-07-09 08:38:43,238 | INFO | enrich_content_tags | tagging Dagshai 2001/07 JULY - 2001/GURUPOOJA DAGSHAI 1 - 7 JULY 2001/3 JULY - 3$ - 7 PM/06 OM ONKAR.json (chars=221, est_tokens=55, strategy=single-pass)
2026-07-09 08:38:45,768 | INFO | enrich_content_tags | Dagshai 2001/07 JULY - 2001/GURUPOOJA DAGSHAI 1 - 7 JULY 2001/3 JULY - 3$ - 7 PM/06 OM ONKAR.json: tagged in 2.5s (event_type=bhajan, lang=hindi, topics=['bhajan', 'om-onkar', 'spiritual-sound'])
2026-07-09 08:38:45,769 | INFO | enrich_content_tags | tagging Dagshai 2001/07 JULY - 2001/GURUPOOJA DAGSHAI 1 - 7 JULY 2001/4 JULY - 5$ - 7 PM/02 MEDITATION.json (chars=8934, est_tokens=2233, strategy=single-pass)
2026-07-09 08:38:49,987 | INFO | enrich_content_tags | Dagshai 2001/07 JULY - 2001/GURUPOOJA DAGSHAI 1 - 7 JULY 2001/4 JULY - 5$ - 7 PM/02 MEDITATION.json: tagged in 4.2s (event_type=meditation, lang=hindi, topics=['meditation', 'self-inquiry', 'inner-witness', 'divine-love', 'mind-control'])
2026-07-09 08:38:49,989 | INFO | enrich_content_tags | tagging Dagshai 2001/07 JULY - 2001/GURUPOOJA DAGSHAI 1 - 7 JULY 2001/4 JULY - 5$ - 7 PM/03 GURUPURNIMA NAMAH.json (chars=364, est_tokens=91, strategy=single-pass)
2026-07-09 08:38:52,508 | INFO | enrich_content_tags | Dagshai 2001/07 JULY - 2001/GURUPOOJA DAGSHAI 1 - 7 JULY 2001/4 JULY - 5$ - 7 PM/03 GURUPURNIMA NAMAH.json: tagged in 2.5s (event_type=bhajan, lang=sanskrit, topics=['guru-purnima', 'guru-puja', 'devotion', 'chanting'])
2026-07-09 08:38:52,509 | INFO | enrich_content_tags | tagging Dagshai 2001/07 JULY - 2001/GURUPOOJA DAGSHAI 1 - 7 JULY 2001/4 JULY - 5$ - 7 PM/04 AA CHHOD KE SABHI (1).json (chars=23639, est_tokens=5909, strategy=single-pass)
2026-07-09 08:38:59,859 | INFO | enrich_content_tags | Dagshai 2001/07 JULY - 2001/GURUPOOJA DAGSHAI 1 - 7 JULY 2001/4 JULY - 5$ - 7 PM/04 AA CHHOD KE SABHI (1).json: tagged in 7.3s (event_type=bhajan, lang=hindi, topics=['guru-shishya', 'self-inquiry', 'bhakti', 'transformation', 'meditation'])
2026-07-09 08:38:59,860 | INFO | enrich_content_tags | tagging Dagshai 2001/07 JULY - 2001/GURUPOOJA DAGSHAI 1 - 7 JULY 2001/4 JULY - 5$ - 7 PM/04 AA CHHOD KE SABHI (2).json (chars=2319, est_tokens=579, strategy=single-pass)
2026-07-09 08:39:03,748 | INFO | enrich_content_tags | Dagshai 2001/07 JULY - 2001/GURUPOOJA DAGSHAI 1 - 7 JULY 2001/4 JULY - 5$ - 7 PM/04 AA CHHOD KE SABHI (2).json: tagged in 3.9s (event_type=bhajan, lang=hindi, topics=['bhajan', 'meditation', 'devotion', 'self-realization', 'spiritual-path'])
2026-07-09 08:39:03,749 | INFO | enrich_content_tags | tagging Dagshai 2001/07 JULY - 2001/GURUPOOJA DAGSHAI 1 - 7 JULY 2001/4 JULY - 5$ - 7 PM/05 MAHRUM DILAN DE MAHI.json (chars=8963, est_tokens=2240, strategy=single-pass)
2026-07-09 08:39:08,234 | INFO | enrich_content_tags | Dagshai 2001/07 JULY - 2001/GURUPOOJA DAGSHAI 1 - 7 JULY 2001/4 JULY - 5$ - 7 PM/05 MAHRUM DILAN DE MAHI.json: tagged in 4.5s (event_type=bhajan, lang=hindi, topics=['bhakti', 'self-realization', 'rebirth', 'divine-love', 'inner-transformation'])
2026-07-09 08:39:08,235 | INFO | enrich_content_tags | tagging Dagshai 2001/07 JULY - 2001/GURUPOOJA DAGSHAI 1 - 7 JULY 2001/4 JULY - 5$ - 7 PM/06 NI MAIN YAAR.json (chars=2446, est_tokens=611, strategy=single-pass)
2026-07-09 08:39:11,318 | INFO | enrich_content_tags | Dagshai 2001/07 JULY - 2001/GURUPOOJA DAGSHAI 1 - 7 JULY 2001/4 JULY - 5$ - 7 PM/06 NI MAIN YAAR.json: tagged in 3.1s (event_type=bhajan, lang=hindi, topics=['bhakti', 'guru-bhakti', 'devotion', 'spiritual-joy', 'inner-peace'])
2026-07-09 08:39:11,319 | INFO | enrich_content_tags | tagging Dagshai 2001/07 JULY - 2001/GURUPOOJA DAGSHAI 1 - 7 JULY 2001/4 JULY - 5$ - 7 PM/07 WAHEGURU WAHEGURU.json (chars=714, est_tokens=178, strategy=single-pass)
2026-07-09 08:39:14,112 | INFO | enrich_content_tags | Dagshai 2001/07 JULY - 2001/GURUPOOJA DAGSHAI 1 - 7 JULY 2001/4 JULY - 5$ - 7 PM/07 WAHEGURU WAHEGURU.json: tagged in 2.8s (event_type=bhajan, lang=hindi, topics=['bhajan', 'devotion', 'divine-visit', 'spiritual-sound'])
2026-07-09 08:39:14,113 | INFO | enrich_content_tags | tagging Dagshai 2001/07 JULY - 2001/GURUPOOJA DAGSHAI 1 - 7 JULY 2001/4 JULY - 5$ - 7 PM/08 SAMBODHAN.json (chars=450, est_tokens=112, strategy=single-pass)
2026-07-09 08:39:17,123 | INFO | enrich_content_tags | Dagshai 2001/07 JULY - 2001/GURUPOOJA DAGSHAI 1 - 7 JULY 2001/4 JULY - 5$ - 7 PM/08 SAMBODHAN.json: tagged in 3.0s (event_type=satsang, lang=hindi, topics=['guru-purnima', 'divine-presence', 'spiritual-transformation', 'bhakti', 'inner-light'])
2026-07-09 08:39:17,124 | INFO | enrich_content_tags | tagging Dagshai 2001/07 JULY - 2001/GURUPOOJA DAGSHAI 1 - 7 JULY 2001/4 JULY - 5$ - 7 PM/09 OM ONKAR.json (chars=221, est_tokens=55, strategy=single-pass)
2026-07-09 08:39:19,456 | INFO | enrich_content_tags | Dagshai 2001/07 JULY - 2001/GURUPOOJA DAGSHAI 1 - 7 JULY 2001/4 JULY - 5$ - 7 PM/09 OM ONKAR.json: tagged in 2.3s (event_type=bhajan, lang=hindi, topics=['bhajan', 'om-chanting', 'spiritual-practice'])
2026-07-09 08:39:19,457 | INFO | enrich_content_tags | tagging Dagshai 2001/07 JULY - 2001/GURUPOOJA DAGSHAI 1 - 7 JULY 2001/5 JULY - 6$ - 630 AM/01 SHLOK.json (chars=639, est_tokens=159, strategy=single-pass)
2026-07-09 08:39:22,328 | INFO | enrich_content_tags | Dagshai 2001/07 JULY - 2001/GURUPOOJA DAGSHAI 1 - 7 JULY 2001/5 JULY - 6$ - 630 AM/01 SHLOK.json: tagged in 2.9s (event_type=bhajan, lang=hindi, topics=['guru-purnima', 'brahma-gyan', 'bhakti', 'vedic-mantras'])
2026-07-09 08:39:22,329 | INFO | enrich_content_tags | tagging Dagshai 2001/07 JULY - 2001/GURUPOOJA DAGSHAI 1 - 7 JULY 2001/5 JULY - 6$ - 630 AM/02 MEDITATION.json (chars=18391, est_tokens=4597, strategy=single-pass)
2026-07-09 08:39:29,110 | INFO | enrich_content_tags | Dagshai 2001/07 JULY - 2001/GURUPOOJA DAGSHAI 1 - 7 JULY 2001/5 JULY - 6$ - 630 AM/02 MEDITATION.json: tagged in 6.8s (event_type=meditation, lang=hindi, topics=['guru-purnima', 'self-inquiry', 'meditation', 'bhakti', 'samsara'])
2026-07-09 08:39:29,112 | INFO | enrich_content_tags | tagging Dagshai 2001/07 JULY - 2001/GURUPOOJA DAGSHAI 1 - 7 JULY 2001/5 JULY - 6$ - 630 AM/03 GURUDEV MUJHE BHI.json (chars=8712, est_tokens=2178, strategy=single-pass)
2026-07-09 08:39:34,029 | INFO | enrich_content_tags | Dagshai 2001/07 JULY - 2001/GURUPOOJA DAGSHAI 1 - 7 JULY 2001/5 JULY - 6$ - 630 AM/03 GURUDEV MUJHE BHI.json: tagged in 4.9s (event_type=bhajan, lang=hindi, topics=['guru-shishya', 'guru-purnima', 'bhakti', 'divine-love', 'suffering'])
2026-07-09 08:39:34,030 | INFO | enrich_content_tags | tagging Dagshai 2001/07 JULY - 2001/GURUPOOJA DAGSHAI 1 - 7 JULY 2001/5 JULY - 6$ - 630 AM/04 JAAG UTHENGI DHYAN KI (1).json (chars=1067, est_tokens=266, strategy=single-pass)
2026-07-09 08:39:36,574 | INFO | enrich_content_tags | Dagshai 2001/07 JULY - 2001/GURUPOOJA DAGSHAI 1 - 7 JULY 2001/5 JULY - 6$ - 630 AM/04 JAAG UTHENGI DHYAN KI (1).json: tagged in 2.6s (event_type=bhajan, lang=hindi, topics=['bhajan', 'spiritual-awakening', 'divine-love', 'meditation-waves', 'worldly-forgetfulness'])
2026-07-09 08:39:36,576 | INFO | enrich_content_tags | tagging Dagshai 2001/07 JULY - 2001/GURUPOOJA DAGSHAI 1 - 7 JULY 2001/5 JULY - 6$ - 630 AM/04 JAAG UTHENGI DHYAN KI (2).json (chars=3946, est_tokens=986, strategy=single-pass)
2026-07-09 08:39:40,699 | INFO | enrich_content_tags | Dagshai 2001/07 JULY - 2001/GURUPOOJA DAGSHAI 1 - 7 JULY 2001/5 JULY - 6$ - 630 AM/04 JAAG UTHENGI DHYAN KI (2).json: tagged in 4.1s (event_type=bhajan, lang=hindi, topics=['self-knowledge', 'guru-disciple', 'spiritual-light', 'opportunity', 'meditation'])
2026-07-09 08:39:40,700 | INFO | enrich_content_tags | tagging Dagshai 2001/07 JULY - 2001/GURUPOOJA DAGSHAI 1 - 7 JULY 2001/5 JULY - 6$ - 630 AM/05 GURUPURNIMA NAMAH.json (chars=9369, est_tokens=2342, strategy=single-pass)
2026-07-09 08:39:56,256 | ERROR | enrich_content_tags | Dagshai 2001/07 JULY - 2001/GURUPOOJA DAGSHAI 1 - 7 JULY 2001/5 JULY - 6$ - 630 AM/05 GURUPURNIMA NAMAH.json: tagging failed (json decode failed: Unterminated string starting at: line 5 column 4404 (char 4546)) — dead-letter dead_letter/tag_failures/Dagshai_2001_07_JULY_-_2001_GURUPOOJA_DAGSHAI_1_-_7_JULY_2001_5_JULY_-_6__-_630_AM_05_GURUPURNIMA_NA.c0991abb5127.txt
2026-07-09 08:39:56,257 | ERROR | enrich_content_tags | [684/9168] Dagshai 2001/07 JULY - 2001/GURUPOOJA DAGSHAI 1 - 7 JULY 2001/5 JULY - 6$ - 630 AM/05 GURUPURNIMA NAMAH.json: json decode failed: Unterminated string starting at: line 5 column 4404 (char 4546)
2026-07-09 08:39:56,258 | INFO | enrich_content_tags | tagging Dagshai 2001/07 JULY - 2001/GURUPOOJA DAGSHAI 1 - 7 JULY 2001/5 JULY - 6$ - 630 AM/06 OM ONKAR.json (chars=205, est_tokens=51, strategy=single-pass)
2026-07-09 08:39:58,277 | INFO | enrich_content_tags | Dagshai 2001/07 JULY - 2001/GURUPOOJA DAGSHAI 1 - 7 JULY 2001/5 JULY - 6$ - 630 AM/06 OM ONKAR.json: tagged in 2.0s (event_type=bhajan, lang=hindi, topics=['bhajan', 'om-onkar', 'devotion', 'spiritual-sound'])
2026-07-09 08:39:58,279 | INFO | enrich_content_tags | tagging Dagshai 2001/07 JULY - 2001/GURUPOOJA DAGSHAI 1 - 7 JULY 2001/5 JULY - 6$ - 630 AM/07 SAMBODHAN.json (chars=1634, est_tokens=408, strategy=single-pass)
2026-07-09 08:40:02,618 | INFO | enrich_content_tags | Dagshai 2001/07 JULY - 2001/GURUPOOJA DAGSHAI 1 - 7 JULY 2001/5 JULY - 6$ - 630 AM/07 SAMBODHAN.json: tagged in 4.3s (event_type=discourse, lang=hindi, topics=['meditation-camps', 'global-mission', 'guru-purnima', 'service', 'spiritual-growth'])
2026-07-09 08:40:02,620 | INFO | enrich_content_tags | tagging Dagshai 2001/07 JULY - 2001/GURUPOOJA DAGSHAI 1 - 7 JULY 2001/5 JULY - 7$ - 7 PM/01 SHLOK.json (chars=654, est_tokens=163, strategy=single-pass)
2026-07-09 08:40:05,438 | INFO | enrich_content_tags | Dagshai 2001/07 JULY - 2001/GURUPOOJA DAGSHAI 1 - 7 JULY 2001/5 JULY - 7$ - 7 PM/01 SHLOK.json: tagged in 2.8s (event_type=bhajan, lang=sanskrit, topics=['divine-nature', 'bhakti', 'spiritual-wealth', 'non-duality'])
2026-07-09 08:40:05,440 | INFO | enrich_content_tags | tagging Dagshai 2001/07 JULY - 2001/GURUPOOJA DAGSHAI 1 - 7 JULY 2001/5 JULY - 7$ - 7 PM/02 TUSI SARE CHALO.json (chars=821, est_tokens=205, strategy=single-pass)
2026-07-09 08:40:08,265 | INFO | enrich_content_tags | Dagshai 2001/07 JULY - 2001/GURUPOOJA DAGSHAI 1 - 7 JULY 2001/5 JULY - 7$ - 7 PM/02 TUSI SARE CHALO.json: tagged in 2.8s (event_type=bhajan, lang=hindi, topics=['divine-city', 'inner-world', 'spiritual-community', 'divine-presence', 'joy'])
2026-07-09 08:40:08,267 | INFO | enrich_content_tags | tagging Dagshai 2001/07 JULY - 2001/GURUPOOJA DAGSHAI 1 - 7 JULY 2001/5 JULY - 7$ - 7 PM/03 MEDITATION.json (chars=11541, est_tokens=2885, strategy=single-pass)
2026-07-09 08:40:12,742 | INFO | enrich_content_tags | Dagshai 2001/07 JULY - 2001/GURUPOOJA DAGSHAI 1 - 7 JULY 2001/5 JULY - 7$ - 7 PM/03 MEDITATION.json: tagged in 4.5s (event_type=meditation, lang=hindi, topics=['self-inquiry', 'mind-control', 'inner-peace', 'meditation-practice', 'spiritual-awakening'])
2026-07-09 08:40:12,743 | INFO | enrich_content_tags | tagging Dagshai 2001/07 JULY - 2001/GURUPOOJA DAGSHAI 1 - 7 JULY 2001/5 JULY - 7$ - 7 PM/04 GURUPURNIMA NAMAH.json (chars=2751, est_tokens=687, strategy=single-pass)
2026-07-09 08:40:27,068 | ERROR | enrich_content_tags | Dagshai 2001/07 JULY - 2001/GURUPOOJA DAGSHAI 1 - 7 JULY 2001/5 JULY - 7$ - 7 PM/04 GURUPURNIMA NAMAH.json: tagging failed (json decode failed: Expecting value: line 293 column 14 (char 4126)) — dead-letter dead_letter/tag_failures/Dagshai_2001_07_JULY_-_2001_GURUPOOJA_DAGSHAI_1_-_7_JULY_2001_5_JULY_-_7__-_7_PM_04_GURUPURNIMA_NAMA.ab990480f243.txt
2026-07-09 08:40:27,068 | ERROR | enrich_content_tags | [690/9168] Dagshai 2001/07 JULY - 2001/GURUPOOJA DAGSHAI 1 - 7 JULY 2001/5 JULY - 7$ - 7 PM/04 GURUPURNIMA NAMAH.json: json decode failed: Expecting value: line 293 column 14 (char 4126)
2026-07-09 08:40:27,069 | INFO | enrich_content_tags | tagging Dagshai 2001/07 JULY - 2001/GURUPOOJA DAGSHAI 1 - 7 JULY 2001/5 JULY - 7$ - 7 PM/05 PRAVACHAN.json (chars=6466, est_tokens=1616, strategy=single-pass)
2026-07-09 08:40:31,256 | INFO | enrich_content_tags | Dagshai 2001/07 JULY - 2001/GURUPOOJA DAGSHAI 1 - 7 JULY 2001/5 JULY - 7$ - 7 PM/05 PRAVACHAN.json: tagged in 4.2s (event_type=discourse, lang=hindi, topics=['self-inquiry', 'ego', 'guru-purnima', 'inner-wealth', 'spiritual-awakening'])
2026-07-09 08:40:31,257 | INFO | enrich_content_tags | tagging Dagshai 2001/07 JULY - 2001/GURUPOOJA DAGSHAI 1 - 7 JULY 2001/5 JULY - 7$ - 7 PM/06 IS YOGYA HUM KAHAN (1).json (chars=9598, est_tokens=2399, strategy=single-pass)
2026-07-09 08:40:35,453 | INFO | enrich_content_tags | Dagshai 2001/07 JULY - 2001/GURUPOOJA DAGSHAI 1 - 7 JULY 2001/5 JULY - 7$ - 7 PM/06 IS YOGYA HUM KAHAN (1).json: tagged in 4.2s (event_type=bhajan, lang=hindi, topics=['bhajan', 'devotion', 'self-inquiry', 'gratitude', 'spiritual-wisdom'])
2026-07-09 08:40:35,455 | INFO | enrich_content_tags | tagging Dagshai 2001/07 JULY - 2001/GURUPOOJA DAGSHAI 1 - 7 JULY 2001/5 JULY - 7$ - 7 PM/06 IS YOGYA HUM KAHAN (2).json (chars=639, est_tokens=159, strategy=single-pass)
2026-07-09 08:40:38,246 | INFO | enrich_content_tags | Dagshai 2001/07 JULY - 2001/GURUPOOJA DAGSHAI 1 - 7 JULY 2001/5 JULY - 7$ - 7 PM/06 IS YOGYA HUM KAHAN (2).json: tagged in 2.8s (event_type=bhajan, lang=hindi, topics=['bhajan', 'karma-yoga', 'guru-grace', 'self-reflection'])
2026-07-09 08:40:38,247 | INFO | enrich_content_tags | tagging Dagshai 2001/07 JULY - 2001/GURUPOOJA DAGSHAI 1 - 7 JULY 2001/5 JULY - 7$ - 7 PM/07 DOHA.json (chars=590, est_tokens=147, strategy=single-pass)
2026-07-09 08:40:40,815 | INFO | enrich_content_tags | Dagshai 2001/07 JULY - 2001/GURUPOOJA DAGSHAI 1 - 7 JULY 2001/5 JULY - 7$ - 7 PM/07 DOHA.json: tagged in 2.6s (event_type=bhajan, lang=hindi, topics=['bhakti', 'divine-love', 'surrender', 'devotion'])
2026-07-09 08:40:40,816 | INFO | enrich_content_tags | tagging Dagshai 2001/07 JULY - 2001/GURUPOOJA DAGSHAI 1 - 7 JULY 2001/5 JULY - 7$ - 7 PM/08 PRAVACHAN.json (chars=11453, est_tokens=2863, strategy=single-pass)
2026-07-09 08:40:46,563 | INFO | enrich_content_tags | Dagshai 2001/07 JULY - 2001/GURUPOOJA DAGSHAI 1 - 7 JULY 2001/5 JULY - 7$ - 7 PM/08 PRAVACHAN.json: tagged in 5.8s (event_type=discourse, lang=hindi, topics=['ahankar-abhimana', 'self-mastery', 'inner-wealth', 'guru-purnima', 'life-purpose'])
2026-07-09 08:40:46,565 | INFO | enrich_content_tags | tagging Dagshai 2001/07 JULY - 2001/GURUPOOJA DAGSHAI 1 - 7 JULY 2001/5 JULY - 7$ - 7 PM/09 KISI DARVESH KE.json (chars=25303, est_tokens=6325, strategy=single-pass)
2026-07-09 08:40:54,303 | INFO | enrich_content_tags | Dagshai 2001/07 JULY - 2001/GURUPOOJA DAGSHAI 1 - 7 JULY 2001/5 JULY - 7$ - 7 PM/09 KISI DARVESH KE.json: tagged in 7.7s (event_type=bhajan, lang=hindi, topics=['karma-yoga', 'self-inquiry', 'guru-devotion', 'detachment', 'meditation'])
2026-07-09 08:40:54,304 | INFO | enrich_content_tags | tagging Dagshai 2001/07 JULY - 2001/GURUPOOJA DAGSHAI 1 - 7 JULY 2001/5 JULY - 7$ - 7 PM/10 GURUDEV MERE.json (chars=5184, est_tokens=1296, strategy=single-pass)
2026-07-09 08:40:58,049 | INFO | enrich_content_tags | Dagshai 2001/07 JULY - 2001/GURUPOOJA DAGSHAI 1 - 7 JULY 2001/5 JULY - 7$ - 7 PM/10 GURUDEV MERE.json: tagged in 3.7s (event_type=bhajan, lang=hindi, topics=['guru-bhakti', 'self-inquiry', 'faith-in-god', 'meditation', 'spiritual-love'])
2026-07-09 08:40:58,050 | INFO | enrich_content_tags | tagging Dagshai 2001/07 JULY - 2001/GURUPOOJA DAGSHAI 1 - 7 JULY 2001/5 JULY - 7$ - 7 PM/11 AA TUJHE MAIN DIL.json (chars=4683, est_tokens=1170, strategy=single-pass)
2026-07-09 08:41:01,719 | INFO | enrich_content_tags | Dagshai 2001/07 JULY - 2001/GURUPOOJA DAGSHAI 1 - 7 JULY 2001/5 JULY - 7$ - 7 PM/11 AA TUJHE MAIN DIL.json: tagged in 3.7s (event_type=bhajan, lang=hindi, topics=['guru-purnima', 'bhakti', 'self-surrender', 'inner-purity', 'divine-love'])
2026-07-09 08:41:01,721 | INFO | enrich_content_tags | tagging Dagshai 2001/07 JULY - 2001/GURUPOOJA DAGSHAI 1 - 7 JULY 2001/5 JULY - 7$ - 7 PM/12 PRAVACHAN.json (chars=3176, est_tokens=794, strategy=single-pass)
2026-07-09 08:41:05,158 | INFO | enrich_content_tags | Dagshai 2001/07 JULY - 2001/GURUPOOJA DAGSHAI 1 - 7 JULY 2001/5 JULY - 7$ - 7 PM/12 PRAVACHAN.json: tagged in 3.6s (event_type=discourse, lang=hindi, topics=['devotion', 'spiritual-craving', 'self-surrender', 'community-life', 'spiritual-energy'])
2026-07-09 08:41:05,159 | INFO | enrich_content_tags | tagging Dagshai 2001/07 JULY - 2001/GURUPOOJA DAGSHAI 1 - 7 JULY 2001/5 JULY - 7$ - 7 PM/13 OM ONKAR.json (chars=217, est_tokens=54, strategy=single-pass)
2026-07-09 08:41:07,790 | INFO | enrich_content_tags | Dagshai 2001/07 JULY - 2001/GURUPOOJA DAGSHAI 1 - 7 JULY 2001/5 JULY - 7$ - 7 PM/13 OM ONKAR.json: tagged in 2.6s (event_type=bhajan, lang=hindi, topics=['bhajan', 'om-onkar', 'devotional-singing'])
2026-07-09 08:41:07,791 | INFO | enrich_content_tags | tagging Dagshai 2001/07 JULY - 2001/GURUPOOJA DAGSHAI 1 - 7 JULY 2001/5 JULY - 7$ - 7 PM/14 SAMBODHAN.json (chars=507, est_tokens=126, strategy=single-pass)
2026-07-09 08:41:10,826 | INFO | enrich_content_tags | Dagshai 2001/07 JULY - 2001/GURUPOOJA DAGSHAI 1 - 7 JULY 2001/5 JULY - 7$ - 7 PM/14 SAMBODHAN.json: tagged in 3.0s (event_type=satsang, lang=hindi, topics=['guru-purnima', 'meditation', 'faith', 'spiritual-vibration'])
2026-07-09 08:41:10,827 | INFO | enrich_content_tags | tagging Dagshai 2001/07 JULY - 2001/GURUPOOJA DAGSHAI 1 - 7 JULY 2001/5 JULY - 7$ - 7 PM/15 NI MAIN YAAR.json (chars=3879, est_tokens=969, strategy=single-pass)
2026-07-09 08:41:14,942 | INFO | enrich_content_tags | Dagshai 2001/07 JULY - 2001/GURUPOOJA DAGSHAI 1 - 7 JULY 2001/5 JULY - 7$ - 7 PM/15 NI MAIN YAAR.json: tagged in 4.1s (event_type=bhajan, lang=hindi, topics=['bhajan', 'guru-bhakti', 'inner-light', 'devotion', 'guru-purnima'])
2026-07-09 08:41:14,943 | INFO | enrich_content_tags | tagging Dagshai 2001/07 JULY - 2001/GURUPOOJA DAGSHAI 1 - 7 JULY 2001/5 JULY - 7$ - 7 PM/16 SAMBODHAN.json (chars=9996, est_tokens=2499, strategy=single-pass)
2026-07-09 08:41:21,580 | INFO | enrich_content_tags | Dagshai 2001/07 JULY - 2001/GURUPOOJA DAGSHAI 1 - 7 JULY 2001/5 JULY - 7$ - 7 PM/16 SAMBODHAN.json: tagged in 6.6s (event_type=discourse, lang=hindi, topics=['guru-purnima', 'meditation', 'silence', 'selfless-service', 'devotion'])
2026-07-09 08:41:21,581 | INFO | enrich_content_tags | tagging Dagshai 2001/07 JULY - 2001/GURUPOOJA DAGSHAI 1 - 7 JULY 2001/6 JULY - 8$ - 7 PM/01 MEDITATION.json (chars=11647, est_tokens=2911, strategy=single-pass)
2026-07-09 08:41:25,846 | INFO | enrich_content_tags | Dagshai 2001/07 JULY - 2001/GURUPOOJA DAGSHAI 1 - 7 JULY 2001/6 JULY - 8$ - 7 PM/01 MEDITATION.json: tagged in 4.3s (event_type=meditation, lang=hindi, topics=['meditation', 'self-awareness', 'bhakti', 'inner-peace', 'devotion'])
2026-07-09 08:41:25,848 | INFO | enrich_content_tags | tagging Dagshai 2001/07 JULY - 2001/GURUPOOJA DAGSHAI 1 - 7 JULY 2001/6 JULY - 8$ - 7 PM/02 GURUPURNIMA NAMAH.json (chars=1254, est_tokens=313, strategy=single-pass)
2026-07-09 08:41:28,683 | INFO | enrich_content_tags | Dagshai 2001/07 JULY - 2001/GURUPOOJA DAGSHAI 1 - 7 JULY 2001/6 JULY - 8$ - 7 PM/02 GURUPURNIMA NAMAH.json: tagged in 2.8s (event_type=bhajan, lang=hindi, topics=['guru-purnima', 'bhajan', 'devotion', 'spiritual-sound'])
2026-07-09 08:41:28,684 | INFO | enrich_content_tags | tagging Dagshai 2001/07 JULY - 2001/GURUPOOJA DAGSHAI 1 - 7 JULY 2001/6 JULY - 8$ - 7 PM/03 DHOOL TERE CHARNO.json (chars=10736, est_tokens=2684, strategy=single-pass)
2026-07-09 08:41:32,868 | INFO | enrich_content_tags | Dagshai 2001/07 JULY - 2001/GURUPOOJA DAGSHAI 1 - 7 JULY 2001/6 JULY - 8$ - 7 PM/03 DHOOL TERE CHARNO.json: tagged in 4.2s (event_type=bhajan, lang=hindi, topics=['guru-devotion', 'bhakti', 'self-surrender', 'present-moment', 'divine-love'])
2026-07-09 08:41:32,869 | INFO | enrich_content_tags | tagging Dagshai 2001/07 JULY - 2001/GURUPOOJA DAGSHAI 1 - 7 JULY 2001/6 JULY - 8$ - 7 PM/04 MAIN PYASA TERE.json (chars=18542, est_tokens=4635, strategy=single-pass)
2026-07-09 08:41:40,370 | INFO | enrich_content_tags | Dagshai 2001/07 JULY - 2001/GURUPOOJA DAGSHAI 1 - 7 JULY 2001/6 JULY - 8$ - 7 PM/04 MAIN PYASA TERE.json: tagged in 7.5s (event_type=bhajan, lang=hindi, topics=['bhakti', 'devotion', 'trust-in-god', 'present-moment', 'discipleship'])
2026-07-09 08:41:40,373 | INFO | enrich_content_tags | tagging Dagshai 2001/07 JULY - 2001/GURUPOOJA DAGSHAI 1 - 7 JULY 2001/6 JULY - 8$ - 7 PM/05 TERA DARSH PANE (1).json (chars=2747, est_tokens=686, strategy=single-pass)
2026-07-09 08:41:44,181 | INFO | enrich_content_tags | Dagshai 2001/07 JULY - 2001/GURUPOOJA DAGSHAI 1 - 7 JULY 2001/6 JULY - 8$ - 7 PM/05 TERA DARSH PANE (1).json: tagged in 3.8s (event_type=bhajan, lang=hindi, topics=['guru-purnima', 'self-surrender', 'world-illusion', 'divine-love', 'spiritual-realization'])
2026-07-09 08:41:44,183 | INFO | enrich_content_tags | tagging Dagshai 2001/07 JULY - 2001/GURUPOOJA DAGSHAI 1 - 7 JULY 2001/6 JULY - 8$ - 7 PM/05 TERA DARSH PANE (2).json (chars=2253, est_tokens=563, strategy=single-pass)
2026-07-09 08:41:47,256 | INFO | enrich_content_tags | Dagshai 2001/07 JULY - 2001/GURUPOOJA DAGSHAI 1 - 7 JULY 2001/6 JULY - 8$ - 7 PM/05 TERA DARSH PANE (2).json: tagged in 3.1s (event_type=bhajan, lang=hindi, topics=['surrender', 'devotion', 'self-inquiry', 'present-moment', 'identity'])
2026-07-09 08:41:47,257 | INFO | enrich_content_tags | tagging Dagshai 2001/07 JULY - 2001/GURUPOOJA DAGSHAI 1 - 7 JULY 2001/6 JULY - 8$ - 7 PM/06 GURUPURNIMA NAMAH.json (chars=1419, est_tokens=354, strategy=single-pass)
2026-07-09 08:41:50,293 | INFO | enrich_content_tags | Dagshai 2001/07 JULY - 2001/GURUPOOJA DAGSHAI 1 - 7 JULY 2001/6 JULY - 8$ - 7 PM/06 GURUPURNIMA NAMAH.json: tagged in 3.0s (event_type=bhajan, lang=hindi, topics=['guru-purnima', 'guru-bhakti', 'nam-sankirtan', 'spiritual-devotion'])
2026-07-09 08:41:50,294 | INFO | enrich_content_tags | tagging Dagshai 2001/07 JULY - 2001/GURUPOOJA DAGSHAI 1 - 7 JULY 2001/6 JULY - 8$ - 7 PM/07 PRAVACHAN.json (chars=399, est_tokens=99, strategy=single-pass)
2026-07-09 08:41:53,450 | INFO | enrich_content_tags | Dagshai 2001/07 JULY - 2001/GURUPOOJA DAGSHAI 1 - 7 JULY 2001/6 JULY - 8$ - 7 PM/07 PRAVACHAN.json: tagged in 3.2s (event_type=discourse, lang=hindi, topics=['guru-purnima', 'spiritual-vibrations', 'meditation', 'community-gathering'])
2026-07-09 08:41:53,451 | INFO | enrich_content_tags | tagging Dagshai 2001/07 JULY - 2001/GURUPOOJA DAGSHAI 1 - 7 JULY 2001/6 JULY - 8$ - 7 PM/08 TU AGAR BENAKAAB.json (chars=1510, est_tokens=377, strategy=single-pass)
2026-07-09 08:41:56,823 | INFO | enrich_content_tags | Dagshai 2001/07 JULY - 2001/GURUPOOJA DAGSHAI 1 - 7 JULY 2001/6 JULY - 8$ - 7 PM/08 TU AGAR BENAKAAB.json: tagged in 3.4s (event_type=bhajan, lang=hindi, topics=['bhakti', 'devotion', 'spiritual-intoxication', 'surrender', 'divine-love'])
2026-07-09 08:41:56,824 | INFO | enrich_content_tags | tagging Dagshai 2001/07 JULY - 2001/GURUPOOJA DAGSHAI 1 - 7 JULY 2001/6 JULY - 8$ - 7 PM/09 OM ONKAR.json (chars=225, est_tokens=56, strategy=single-pass)
2026-07-09 08:41:59,174 | INFO | enrich_content_tags | Dagshai 2001/07 JULY - 2001/GURUPOOJA DAGSHAI 1 - 7 JULY 2001/6 JULY - 8$ - 7 PM/09 OM ONKAR.json: tagged in 2.3s (event_type=bhajan, lang=hindi, topics=['bhajan', 'om-chanting', 'spiritual-practice'])
2026-07-09 08:41:59,175 | INFO | enrich_content_tags | tagging Dagshai 2001/07 JULY - 2001/GURUPOOJA DAGSHAI 1 - 7 JULY 2001/7 JULY - 9$ - 5 AM/01 MEDITATION.json (chars=7629, est_tokens=1907, strategy=single-pass)
2026-07-09 08:42:03,298 | INFO | enrich_content_tags | Dagshai 2001/07 JULY - 2001/GURUPOOJA DAGSHAI 1 - 7 JULY 2001/7 JULY - 9$ - 5 AM/01 MEDITATION.json: tagged in 4.1s (event_type=meditation, lang=hindi, topics=['meditation-practice', 'self-inquiry', 'inner-awakening', 'sound-vibration', 'detachment'])
2026-07-09 08:42:03,300 | INFO | enrich_content_tags | tagging Dagshai 2001/07 JULY - 2001/GURUPOOJA DAGSHAI 1 - 7 JULY 2001/7 JULY - 9$ - 5 AM/02 PRAVACHAN ABOUT MEDITATION.json (chars=9021, est_tokens=2255, strategy=single-pass)
2026-07-09 08:42:08,864 | INFO | enrich_content_tags | Dagshai 2001/07 JULY - 2001/GURUPOOJA DAGSHAI 1 - 7 JULY 2001/7 JULY - 9$ - 5 AM/02 PRAVACHAN ABOUT MEDITATION.json: tagged in 5.6s (event_type=bhajan, lang=hindi, topics=['meditation', 'self-inquiry', 'guru-disciple', 'bhagavad-gita', 'inner-awakening'])
2026-07-09 08:42:08,865 | INFO | enrich_content_tags | tagging Dagshai 2001/07 JULY - 2001/GURUPOOJA DAGSHAI 1 - 7 JULY 2001/7 JULY - 9$ - 5 AM/03 MUJHE HAI TALASH.json (chars=12520, est_tokens=3130, strategy=single-pass)
2026-07-09 08:42:13,864 | INFO | enrich_content_tags | Dagshai 2001/07 JULY - 2001/GURUPOOJA DAGSHAI 1 - 7 JULY 2001/7 JULY - 9$ - 5 AM/03 MUJHE HAI TALASH.json: tagged in 5.0s (event_type=bhajan, lang=hindi, topics=['bhakti', 'self-surrender', 'divine-love', 'ego-dissolution', 'spiritual-longing'])
2026-07-09 08:42:13,866 | INFO | enrich_content_tags | tagging Dagshai 2001/07 JULY - 2001/GURUPOOJA DAGSHAI 1 - 7 JULY 2001/7 JULY - 9$ - 5 AM/04 MAHRUM DILAN DE (1).json (chars=17416, est_tokens=4354, strategy=single-pass)
2026-07-09 08:42:30,955 | ERROR | enrich_content_tags | Dagshai 2001/07 JULY - 2001/GURUPOOJA DAGSHAI 1 - 7 JULY 2001/7 JULY - 9$ - 5 AM/04 MAHRUM DILAN DE (1).json: tagging failed (json decode failed: Expecting value: line 5 column 4010 (char 4162)) — dead-letter dead_letter/tag_failures/Dagshai_2001_07_JULY_-_2001_GURUPOOJA_DAGSHAI_1_-_7_JULY_2001_7_JULY_-_9__-_5_AM_04_MAHRUM_DILAN_DE_.becaa595fac1.txt
2026-07-09 08:42:30,955 | ERROR | enrich_content_tags | [717/9168] Dagshai 2001/07 JULY - 2001/GURUPOOJA DAGSHAI 1 - 7 JULY 2001/7 JULY - 9$ - 5 AM/04 MAHRUM DILAN DE (1).json: json decode failed: Expecting value: line 5 column 4010 (char 4162)
2026-07-09 08:42:30,956 | INFO | enrich_content_tags | tagging Dagshai 2001/07 JULY - 2001/GURUPOOJA DAGSHAI 1 - 7 JULY 2001/7 JULY - 9$ - 5 AM/04 MAHRUM DILAN DE (2).json (chars=5996, est_tokens=1499, strategy=single-pass)
2026-07-09 08:42:35,281 | INFO | enrich_content_tags | Dagshai 2001/07 JULY - 2001/GURUPOOJA DAGSHAI 1 - 7 JULY 2001/7 JULY - 9$ - 5 AM/04 MAHRUM DILAN DE (2).json: tagged in 4.3s (event_type=bhajan, lang=hindi, topics=['guru-shishya-bond', 'divine-love', 'separation-pain', 'spiritual-identity', 'bhakti'])
2026-07-09 08:42:35,282 | INFO | enrich_content_tags | tagging Dagshai 2001/07 JULY - 2001/GURUPOOJA DAGSHAI 1 - 7 JULY 2001/7 JULY - 9$ - 5 AM/05 NA GHAR CHAHIYE.json (chars=3208, est_tokens=802, strategy=single-pass)
2026-07-09 08:42:38,404 | INFO | enrich_content_tags | Dagshai 2001/07 JULY - 2001/GURUPOOJA DAGSHAI 1 - 7 JULY 2001/7 JULY - 9$ - 5 AM/05 NA GHAR CHAHIYE.json: tagged in 3.1s (event_type=bhajan, lang=hindi, topics=['bhakti', 'divine-love', 'surrender', 'grace', 'meditation'])
2026-07-09 08:42:38,406 | INFO | enrich_content_tags | tagging Dagshai 2001/07 JULY - 2001/GURUPOOJA DAGSHAI 1 - 7 JULY 2001/7 JULY - 9$ - 5 AM/06 SAMBODHAN.json (chars=7456, est_tokens=1864, strategy=single-pass)
2026-07-09 08:42:42,560 | INFO | enrich_content_tags | Dagshai 2001/07 JULY - 2001/GURUPOOJA DAGSHAI 1 - 7 JULY 2001/7 JULY - 9$ - 5 AM/06 SAMBODHAN.json: tagged in 4.1s (event_type=satsang, lang=hindi, topics=['guru-devotion', 'spiritual-thirst', 'self-inquiry', 'discipleship', 'inner-realization'])
2026-07-09 08:42:42,561 | INFO | enrich_content_tags | tagging Dagshai 2001/07 JULY - 2001/GURUPOOJA DAGSHAI 1 - 7 JULY 2001/7 JULY - 9$ - 5 AM/07 OM ONKAR.json (chars=203, est_tokens=50, strategy=single-pass)
2026-07-09 08:42:44,566 | INFO | enrich_content_tags | Dagshai 2001/07 JULY - 2001/GURUPOOJA DAGSHAI 1 - 7 JULY 2001/7 JULY - 9$ - 5 AM/07 OM ONKAR.json: tagged in 2.0s (event_type=bhajan, lang=hindi, topics=['bhajan', 'om', 'onkar', 'devotion'])
2026-07-09 08:42:44,567 | INFO | enrich_content_tags | tagging Dagshai 2001/09 SEP - 2001/10 SEP - 530 AM/01 MEDITATION.json (chars=2105, est_tokens=526, strategy=single-pass)
2026-07-09 08:42:47,446 | INFO | enrich_content_tags | Dagshai 2001/09 SEP - 2001/10 SEP - 530 AM/01 MEDITATION.json: tagged in 2.9s (event_type=meditation, lang=hindi, topics=['meditation-practice', 'inner-observation', 'mind-control', 'divine-longing', 'self-realization'])
2026-07-09 08:42:47,447 | INFO | enrich_content_tags | tagging Dagshai 2001/09 SEP - 2001/10 SEP - 530 AM/02 OM GURUVE NAMAH.json (chars=236, est_tokens=59, strategy=single-pass)
2026-07-09 08:42:49,917 | INFO | enrich_content_tags | Dagshai 2001/09 SEP - 2001/10 SEP - 530 AM/02 OM GURUVE NAMAH.json: tagged in 2.5s (event_type=bhajan, lang=sanskrit, topics=['invocation', 'guru-devotion', 'chanting'])
2026-07-09 08:42:49,919 | INFO | enrich_content_tags | tagging Dagshai 2001/09 SEP - 2001/10 SEP - 530 AM/03 DHYAN HARI KA HRIDAY SE.json (chars=6522, est_tokens=1630, strategy=single-pass)
2026-07-09 08:42:54,104 | INFO | enrich_content_tags | Dagshai 2001/09 SEP - 2001/10 SEP - 530 AM/03 DHYAN HARI KA HRIDAY SE.json: tagged in 4.2s (event_type=bhajan, lang=hindi, topics=['self-inquiry', 'inner-sight', 'soul-awareness', 'life-purpose', 'meditation'])
2026-07-09 08:42:54,105 | INFO | enrich_content_tags | tagging Dagshai 2001/09 SEP - 2001/10 SEP - 530 AM/04 BHAJMANN NARAYAN.json (chars=5754, est_tokens=1438, strategy=single-pass)
2026-07-09 08:42:57,215 | INFO | enrich_content_tags | Dagshai 2001/09 SEP - 2001/10 SEP - 530 AM/04 BHAJMANN NARAYAN.json: tagged in 3.1s (event_type=bhajan, lang=hindi, topics=['bhakti', 'narayana-worship', 'devotion', 'chanting', 'spiritual-surrender'])
2026-07-09 08:42:57,216 | INFO | enrich_content_tags | tagging Dagshai 2001/09 SEP - 2001/10 SEP - 530 AM/05 SAMBODHAN.json (chars=373, est_tokens=93, strategy=single-pass)
2026-07-09 08:42:59,569 | INFO | enrich_content_tags | Dagshai 2001/09 SEP - 2001/10 SEP - 530 AM/05 SAMBODHAN.json: tagged in 2.4s (event_type=discourse, lang=hindi, topics=['meditation', 'nature', 'community', 'travel'])
2026-07-09 08:42:59,570 | INFO | enrich_content_tags | tagging Dagshai 2001/09 SEP - 2001/10 SEP - 7 PM/01 MEDITATION.json (chars=478, est_tokens=119, strategy=single-pass)
2026-07-09 08:43:02,147 | INFO | enrich_content_tags | Dagshai 2001/09 SEP - 2001/10 SEP - 7 PM/01 MEDITATION.json: tagged in 2.5s (event_type=meditation, lang=hindi, topics=['meditation', 'awakening', 'devotion', 'spiritual-journey'])
2026-07-09 08:43:02,148 | INFO | enrich_content_tags | tagging Dagshai 2001/09 SEP - 2001/10 SEP - 7 PM/02 MUJHE HAIN TALASH TERI.json (chars=4745, est_tokens=1186, strategy=single-pass)
2026-07-09 08:43:05,079 | INFO | enrich_content_tags | Dagshai 2001/09 SEP - 2001/10 SEP - 7 PM/02 MUJHE HAIN TALASH TERI.json: tagged in 2.9s (event_type=bhajan, lang=hindi, topics=['bhakti', 'divine-love', 'spiritual-longing', 'devotion', 'surrender'])
2026-07-09 08:43:05,080 | INFO | enrich_content_tags | tagging Dagshai 2001/09 SEP - 2001/11 SEP - 7 PM/01 OM GURUVE NAMAH.json (chars=510, est_tokens=127, strategy=single-pass)
2026-07-09 08:43:07,088 | INFO | enrich_content_tags | Dagshai 2001/09 SEP - 2001/11 SEP - 7 PM/01 OM GURUVE NAMAH.json: tagged in 2.0s (event_type=bhajan, lang=sanskrit, topics=['guru-devotion', 'chanting', 'spiritual-practice'])
2026-07-09 08:43:07,089 | INFO | enrich_content_tags | tagging Dagshai 2001/09 SEP - 2001/11 SEP - 7 PM/02 KUCH NA BIGEDEGA TERA.json (chars=8180, est_tokens=2045, strategy=single-pass)
2026-07-09 08:43:10,662 | INFO | enrich_content_tags | Dagshai 2001/09 SEP - 2001/11 SEP - 7 PM/02 KUCH NA BIGEDEGA TERA.json: tagged in 3.6s (event_type=bhajan, lang=hindi, topics=['bhakti', 'tyaga', 'prem', 'self-inquiry', 'satsang'])
2026-07-09 08:43:10,663 | INFO | enrich_content_tags | tagging Dagshai 2001/09 SEP - 2001/11 SEP - 7 PM/03 SAMBODHAN.json (chars=1273, est_tokens=318, strategy=single-pass)
2026-07-09 08:43:13,366 | INFO | enrich_content_tags | Dagshai 2001/09 SEP - 2001/11 SEP - 7 PM/03 SAMBODHAN.json: tagged in 2.7s (event_type=meditation, lang=hindi, topics=['meditation', 'ego-dissolution', 'self-realization', 'inner-peace', 'divine-light'])
2026-07-09 08:43:13,367 | INFO | enrich_content_tags | tagging Dagshai 2001/09 SEP - 2001/12 SEP - 7 PM/01 MEDITATION.json (chars=223, est_tokens=55, strategy=single-pass)
2026-07-09 08:43:15,636 | INFO | enrich_content_tags | Dagshai 2001/09 SEP - 2001/12 SEP - 7 PM/01 MEDITATION.json: tagged in 2.3s (event_type=meditation, lang=hindi, topics=['meditation', 'chanting', 'spiritual-practice'])
2026-07-09 08:43:15,637 | INFO | enrich_content_tags | tagging Dagshai 2001/09 SEP - 2001/12 SEP - 7 PM/02 OM GURUVE NAMAH.json (chars=991, est_tokens=247, strategy=single-pass)
2026-07-09 08:43:17,955 | INFO | enrich_content_tags | Dagshai 2001/09 SEP - 2001/12 SEP - 7 PM/02 OM GURUVE NAMAH.json: tagged in 2.3s (event_type=bhajan, lang=hindi, topics=['devotional-songs', 'guru-devotion', 'chanting'])
2026-07-09 08:43:17,956 | INFO | enrich_content_tags | tagging Dagshai 2001/09 SEP - 2001/12 SEP - 7 PM/03 SAMBODHAN.json (chars=1057, est_tokens=264, strategy=single-pass)
2026-07-09 08:43:20,865 | INFO | enrich_content_tags | Dagshai 2001/09 SEP - 2001/12 SEP - 7 PM/03 SAMBODHAN.json: tagged in 2.9s (event_type=meditation, lang=hindi, topics=['meditation', 'mind-control', 'inner-peace', 'spiritual-practice', 'devotion'])
2026-07-09 08:43:20,866 | INFO | enrich_content_tags | tagging Dagshai 2001/09 SEP - 2001/13 SEP - 630 PM/01 MEDITATION.json (chars=1269, est_tokens=317, strategy=single-pass)
2026-07-09 08:43:23,740 | INFO | enrich_content_tags | Dagshai 2001/09 SEP - 2001/13 SEP - 630 PM/01 MEDITATION.json: tagged in 2.9s (event_type=meditation, lang=hindi, topics=['meditation', 'mind-control', 'self-awareness', 'inner-peace', 'spiritual-practice'])
2026-07-09 08:43:23,741 | INFO | enrich_content_tags | tagging Dagshai 2001/09 SEP - 2001/13 SEP - 630 PM/02 OM GURUVE NAMAH.json (chars=899, est_tokens=224, strategy=single-pass)
2026-07-09 08:43:26,126 | INFO | enrich_content_tags | Dagshai 2001/09 SEP - 2001/13 SEP - 630 PM/02 OM GURUVE NAMAH.json: tagged in 2.4s (event_type=bhajan, lang=hindi, topics=['bhajan', 'guru-bhakti', 'chanting', 'devotion'])
2026-07-09 08:43:26,127 | INFO | enrich_content_tags | tagging Dagshai 2001/09 SEP - 2001/13 SEP - 630 PM/03 MAIN NAHI MERA NAHI.json (chars=19006, est_tokens=4751, strategy=single-pass)
2026-07-09 08:43:31,365 | INFO | enrich_content_tags | Dagshai 2001/09 SEP - 2001/13 SEP - 630 PM/03 MAIN NAHI MERA NAHI.json: tagged in 5.3s (event_type=bhajan, lang=hindi, topics=['self-inquiry', 'mind-control', 'meditation', 'childhood-education', 'spiritual-awareness'])
2026-07-09 08:43:31,367 | INFO | enrich_content_tags | tagging Dagshai 2001/09 SEP - 2001/13 SEP - 6 AM/01 OM GURUVE NAMAH.json (chars=1868, est_tokens=467, strategy=single-pass)
2026-07-09 08:43:33,680 | INFO | enrich_content_tags | Dagshai 2001/09 SEP - 2001/13 SEP - 6 AM/01 OM GURUVE NAMAH.json: tagged in 2.3s (event_type=bhajan, lang=hindi, topics=['bhakti', 'devotion', 'guru-bhakti', 'self-surrender', 'chanting'])
2026-07-09 08:43:33,682 | INFO | enrich_content_tags | tagging Dagshai 2001/09 SEP - 2001/14 SEP - 630 PM/01 MEDITATION.json (chars=1562, est_tokens=390, strategy=single-pass)
2026-07-09 08:43:36,806 | INFO | enrich_content_tags | Dagshai 2001/09 SEP - 2001/14 SEP - 630 PM/01 MEDITATION.json: tagged in 3.1s (event_type=meditation, lang=hindi, topics=['divine-grace', 'self-inquiry', 'devotion', 'inner-longing', 'meditative-practice'])
2026-07-09 08:43:36,807 | INFO | enrich_content_tags | tagging Dagshai 2001/09 SEP - 2001/14 SEP - 630 PM/02 OM GURUVE NAMAH.json (chars=729, est_tokens=182, strategy=single-pass)
2026-07-09 08:43:39,175 | INFO | enrich_content_tags | Dagshai 2001/09 SEP - 2001/14 SEP - 630 PM/02 OM GURUVE NAMAH.json: tagged in 2.4s (event_type=bhajan, lang=hindi, topics=['guru-bhakti', 'nam-sankirtan', 'devotional-singing'])
2026-07-09 08:43:39,177 | INFO | enrich_content_tags | tagging Dagshai 2001/09 SEP - 2001/14 SEP - 630 PM/03 MERI ZINDIGI MEIN KYA THA.json (chars=10104, est_tokens=2526, strategy=single-pass)
2026-07-09 08:43:42,984 | INFO | enrich_content_tags | Dagshai 2001/09 SEP - 2001/14 SEP - 630 PM/03 MERI ZINDIGI MEIN KYA THA.json: tagged in 3.8s (event_type=bhajan, lang=hindi, topics=['bhajan', 'self-realization', 'renunciation', 'divine-love', 'ego-dissolution'])
2026-07-09 08:43:42,985 | INFO | enrich_content_tags | tagging Dagshai 2001/09 SEP - 2001/14 SEP - 630 PM/04 SAMBODHAN.json (chars=3313, est_tokens=828, strategy=single-pass)
2026-07-09 08:43:46,865 | INFO | enrich_content_tags | Dagshai 2001/09 SEP - 2001/14 SEP - 630 PM/04 SAMBODHAN.json: tagged in 3.9s (event_type=discourse, lang=hindi, topics=['mour-dhyana', 'humanity', 'terrorism', 'death-anniversary', 'compassion'])
2026-07-09 08:43:46,867 | INFO | enrich_content_tags | tagging Dagshai 2001/09 SEP - 2001/15 SEP - 630 PM/02 BHEETAR KA RAAG JAGAO.json (chars=1017, est_tokens=254, strategy=single-pass)
2026-07-09 08:43:49,682 | INFO | enrich_content_tags | Dagshai 2001/09 SEP - 2001/15 SEP - 630 PM/02 BHEETAR KA RAAG JAGAO.json: tagged in 2.8s (event_type=bhajan, lang=hindi, topics=['meditation', 'inner-awakening', 'spiritual-fire', 'self-cultivation'])
2026-07-09 08:43:49,683 | INFO | enrich_content_tags | tagging Dagshai 2001/09 SEP - 2001/15 SEP - 630 PM/03 MEDITATION.json (chars=14524, est_tokens=3631, strategy=single-pass)
2026-07-09 08:43:55,404 | INFO | enrich_content_tags | Dagshai 2001/09 SEP - 2001/15 SEP - 630 PM/03 MEDITATION.json: tagged in 5.7s (event_type=meditation, lang=hindi, topics=['self-inquiry', 'witness-consciousness', 'ego-death', 'meditation-practice', 'inner-peace'])
2026-07-09 08:43:55,405 | INFO | enrich_content_tags | tagging Dagshai 2001/09 SEP - 2001/15 SEP - 630 PM/04 BATO HI BATO MEIN.json (chars=14313, est_tokens=3578, strategy=single-pass)
2026-07-09 08:44:52,046 | INFO | enrich_content_tags | Dagshai 2001/09 SEP - 2001/15 SEP - 630 PM/04 BATO HI BATO MEIN.json: tagged in 5.0s (event_type=bhajan, lang=hindi, topics=['loph', 'self-inquiry', 'bhajan', 'knowledge', 'liberation'])
2026-07-09 08:44:52,047 | INFO | enrich_content_tags | tagging Dagshai 2001/09 SEP - 2001/15 SEP - 630 PM/05 PRAVACHAN.json (chars=11267, est_tokens=2816, strategy=single-pass)
2026-07-09 08:44:16,363 | ERROR | enrich_content_tags | Dagshai 2001/09 SEP - 2001/15 SEP - 630 PM/05 PRAVACHAN.json: tagging failed (json decode failed: Expecting value: line 301 column 17 (char 4501)) — dead-letter dead_letter/tag_failures/Dagshai_2001_09_SEP_-_2001_15_SEP_-_630_PM_05_PRAVACHAN.json.12124502eece.txt
2026-07-09 08:44:16,364 | ERROR | enrich_content_tags | [746/9168] Dagshai 2001/09 SEP - 2001/15 SEP - 630 PM/05 PRAVACHAN.json: json decode failed: Expecting value: line 301 column 17 (char 4501)
2026-07-09 08:44:16,365 | INFO | enrich_content_tags | tagging Dagshai 2001/09 SEP - 2001/15 SEP - 630 PM/06 OM GURUVE NAMAH.json (chars=3647, est_tokens=911, strategy=single-pass)
2026-07-09 08:44:19,961 | INFO | enrich_content_tags | Dagshai 2001/09 SEP - 2001/15 SEP - 630 PM/06 OM GURUVE NAMAH.json: tagged in 3.6s (event_type=bhajan, lang=hindi, topics=['guru-bhakti', 'ram-katha', 'divine-love', 'spiritual-journey', 'devotion'])
2026-07-09 08:44:19,962 | INFO | enrich_content_tags | tagging Dagshai 2001/09 SEP - 2001/15 SEP - 6 AM/01 MEDITATION.json (chars=7203, est_tokens=1800, strategy=single-pass)
2026-07-09 08:44:23,486 | INFO | enrich_content_tags | Dagshai 2001/09 SEP - 2001/15 SEP - 6 AM/01 MEDITATION.json: tagged in 3.5s (event_type=meditation, lang=hindi, topics=['meditation', 'self-inquiry', 'mindfulness', 'devotion', 'death-awareness'])
2026-07-09 08:44:23,487 | INFO | enrich_content_tags | tagging Dagshai 2001/09 SEP - 2001/15 SEP - 6 AM/02 OM GURUVE NAMAH.json (chars=1302, est_tokens=325, strategy=single-pass)
2026-07-09 08:44:25,858 | INFO | enrich_content_tags | Dagshai 2001/09 SEP - 2001/15 SEP - 6 AM/02 OM GURUVE NAMAH.json: tagged in 2.4s (event_type=bhajan, lang=hindi, topics=['guru-bhakti', 'devotional-songs', 'spiritual-longing'])
2026-07-09 08:44:25,859 | INFO | enrich_content_tags | tagging Dagshai 2001/09 SEP - 2001/15 SEP - 6 AM/03 SAMBODHAN.json (chars=304, est_tokens=76, strategy=single-pass)
2026-07-09 08:44:28,111 | INFO | enrich_content_tags | Dagshai 2001/09 SEP - 2001/15 SEP - 6 AM/03 SAMBODHAN.json: tagged in 2.3s (event_type=meditation, lang=hindi, topics=['individual-meditation', 'physical-activity', 'spiritual-practice'])
2026-07-09 08:44:28,112 | INFO | enrich_content_tags | tagging Dagshai 2001/09 SEP - 2001/16 SEP - 8 AM/01 MEDITATION.json (chars=7326, est_tokens=1831, strategy=single-pass)
2026-07-09 08:44:32,706 | INFO | enrich_content_tags | Dagshai 2001/09 SEP - 2001/16 SEP - 8 AM/01 MEDITATION.json: tagged in 4.6s (event_type=meditation, lang=hindi, topics=['self-inquiry', 'inner-seeing', 'third-eye', 'mind-watching', 'inner-peace'])
2026-07-09 08:44:32,708 | INFO | enrich_content_tags | tagging Dagshai 2001/09 SEP - 2001/16 SEP - 8 AM/02 KAHAN JA RAHA HAI (INCOMPLETE).json (chars=11124, est_tokens=2781, strategy=single-pass)
2026-07-09 08:44:38,959 | INFO | enrich_content_tags | Dagshai 2001/09 SEP - 2001/16 SEP - 8 AM/02 KAHAN JA RAHA HAI (INCOMPLETE).json: tagged in 6.3s (event_type=bhajan, lang=hindi, topics=['inner-temple', 'living-guru', 'ego-dissolution', 'meditation-benefits', 'spiritual-deception'])
2026-07-09 08:44:38,960 | INFO | enrich_content_tags | tagging Dagshai 2001/09 SEP - 2001/17 SEP - 630 PM/01 MEDITATION.json (chars=3386, est_tokens=846, strategy=single-pass)
2026-07-09 08:44:41,742 | INFO | enrich_content_tags | Dagshai 2001/09 SEP - 2001/17 SEP - 630 PM/01 MEDITATION.json: tagged in 2.7s (event_type=meditation, lang=hindi, topics=['meditation', 'self-awareness', 'inner-peace', 'devotion', 'mind-control'])
2026-07-09 08:44:41,743 | INFO | enrich_content_tags | tagging Dagshai 2001/09 SEP - 2001/17 SEP - 630 PM/02 OM GURUVE NAMAH.json (chars=740, est_tokens=185, strategy=single-pass)
2026-07-09 08:44:43,462 | INFO | enrich_content_tags | Dagshai 2001/09 SEP - 2001/17 SEP - 630 PM/02 OM GURUVE NAMAH.json: tagged in 1.7s (event_type=bhajan, lang=sanskrit, topics=['guru-bhakti', 'chanting', 'om-chanting', 'devotion'])
2026-07-09 08:44:43,463 | INFO | enrich_content_tags | tagging Dagshai 2001/09 SEP - 2001/17 SEP - 630 PM/03 DEKH LIYA DUNYA KA (INCOMPLETE).json (chars=1059, est_tokens=264, strategy=single-pass)
2026-07-09 08:44:45,888 | INFO | enrich_content_tags | Dagshai 2001/09 SEP - 2001/17 SEP - 630 PM/03 DEKH LIYA DUNYA KA (INCOMPLETE).json: tagged in 2.4s (event_type=bhajan, lang=hindi, topics=['bhajan', 'detachment', 'worldly-illusion', 'divine-love'])
2026-07-09 08:44:45,890 | INFO | enrich_content_tags | tagging Dagshai 2001/09 SEP - 2001/19 SEP - 6 AM/01 MEDITATION.json (chars=8290, est_tokens=2072, strategy=single-pass)
2026-07-09 08:44:50,922 | INFO | enrich_content_tags | Dagshai 2001/09 SEP - 2001/19 SEP - 6 AM/01 MEDITATION.json: tagged in 5.1s (event_type=meditation, lang=hindi, topics=['self-inquiry', 'ego-dissolution', 'meditation-practice', 'devotion', 'inner-peace'])
2026-07-09 08:44:50,923 | INFO | enrich_content_tags | tagging Dagshai 2001/09 SEP - 2001/19 SEP - 6 AM/02 MEIN PYASA TERE DARSHAN KA.json (chars=18361, est_tokens=4590, strategy=single-pass)
2026-07-09 08:44:56,763 | INFO | enrich_content_tags | Dagshai 2001/09 SEP - 2001/19 SEP - 6 AM/02 MEIN PYASA TERE DARSHAN KA.json: tagged in 5.8s (event_type=bhajan, lang=hindi, topics=['bhakti', 'self-surrender', 'divine-love', 'ego-death', 'devotion'])
2026-07-09 08:44:56,764 | INFO | enrich_content_tags | tagging Dagshai 2001/09 SEP - 2001/19 SEP - 6 AM/03 OM GURUVE NAMAH.json (chars=1457, est_tokens=364, strategy=single-pass)
2026-07-09 08:44:59,173 | INFO | enrich_content_tags | Dagshai 2001/09 SEP - 2001/19 SEP - 6 AM/03 OM GURUVE NAMAH.json: tagged in 2.4s (event_type=bhajan, lang=hindi, topics=['bhakti', 'guru-bhakti', 'prem', 'sadhana', 'nam-sankirtan'])
2026-07-09 08:44:59,174 | INFO | enrich_content_tags | tagging Dagshai 2001/09 SEP - 2001/1 SEP - 7 PM/01 MEDITATION.json (chars=3060, est_tokens=765, strategy=single-pass)
2026-07-09 08:45:02,194 | INFO | enrich_content_tags | Dagshai 2001/09 SEP - 2001/1 SEP - 7 PM/01 MEDITATION.json: tagged in 3.0s (event_type=meditation, lang=hindi, topics=['meditation', 'bhava-dasha', 'self-inquiry', 'devotion', 'mind-control'])
2026-07-09 08:45:02,195 | INFO | enrich_content_tags | tagging Dagshai 2001/09 SEP - 2001/1 SEP - 7 PM/02 DHOOL TERE CHARNO KI.json (chars=36048, est_tokens=9012, strategy=single-pass)
2026-07-09 08:45:11,389 | INFO | enrich_content_tags | Dagshai 2001/09 SEP - 2001/1 SEP - 7 PM/02 DHOOL TERE CHARNO KI.json: tagged in 9.2s (event_type=bhajan, lang=hindi, topics=['bhakti', 'self-surrender', 'service', 'compassion', 'spiritual-discipline'])
2026-07-09 08:45:11,391 | INFO | enrich_content_tags | tagging Dagshai 2001/09 SEP - 2001/1 SEP - 7 PM/03 OM GURUVE NAMAH.json (chars=814, est_tokens=203, strategy=single-pass)
2026-07-09 08:45:13,781 | INFO | enrich_content_tags | Dagshai 2001/09 SEP - 2001/1 SEP - 7 PM/03 OM GURUVE NAMAH.json: tagged in 2.4s (event_type=bhajan, lang=hindi, topics=['bhajan', 'guru-devotion', 'life-reflection', 'regret', 'spiritual-wandering'])
2026-07-09 08:45:13,782 | INFO | enrich_content_tags | tagging Dagshai 2001/09 SEP - 2001/20 SEP - 630 PM/01 MEDITATION.json (chars=1760, est_tokens=440, strategy=single-pass)
2026-07-09 08:45:16,326 | INFO | enrich_content_tags | Dagshai 2001/09 SEP - 2001/20 SEP - 630 PM/01 MEDITATION.json: tagged in 2.5s (event_type=meditation, lang=hindi, topics=['mindfulness', 'self-awareness', 'inner-peace', 'meditation-practice', 'spiritual-awakening'])
2026-07-09 08:45:16,327 | INFO | enrich_content_tags | tagging Dagshai 2001/09 SEP - 2001/20 SEP - 630 PM/02 OM GURUVE NAMAH.json (chars=1969, est_tokens=492, strategy=single-pass)
2026-07-09 08:45:19,216 | INFO | enrich_content_tags | Dagshai 2001/09 SEP - 2001/20 SEP - 630 PM/02 OM GURUVE NAMAH.json: tagged in 2.9s (event_type=bhajan, lang=hindi, topics=['guru-bhakti', 'self-realization', 'devotional-singing', 'spiritual-guidance'])
2026-07-09 08:45:19,217 | INFO | enrich_content_tags | tagging Dagshai 2001/09 SEP - 2001/20 SEP - 630 PM/03 JANM SE HI JEENE KI (INCOMPLETE).json (chars=10753, est_tokens=2688, strategy=single-pass)
2026-07-09 08:45:24,268 | INFO | enrich_content_tags | Dagshai 2001/09 SEP - 2001/20 SEP - 630 PM/03 JANM SE HI JEENE KI (INCOMPLETE).json: tagged in 5.1s (event_type=bhajan, lang=hindi, topics=['bhakti', 'divine-love', 'spiritual-craving', 'self-inquiry', 'critique-of-worldly-life'])
2026-07-09 08:45:24,270 | INFO | enrich_content_tags | tagging Dagshai 2001/09 SEP - 2001/21 SEP - 630 PM/01 MEDITATION.json (chars=7818, est_tokens=1954, strategy=single-pass)
2026-07-09 08:45:28,436 | INFO | enrich_content_tags | Dagshai 2001/09 SEP - 2001/21 SEP - 630 PM/01 MEDITATION.json: tagged in 4.2s (event_type=meditation, lang=hindi, topics=['self-observation', 'mind-detachment', 'present-moment-awareness', 'inner-light', 'spiritual-transformation'])
2026-07-09 08:45:28,437 | INFO | enrich_content_tags | tagging Dagshai 2001/09 SEP - 2001/21 SEP - 630 PM/02 PRAVACHAN.json (chars=3067, est_tokens=766, strategy=single-pass)
2026-07-09 08:45:32,229 | INFO | enrich_content_tags | Dagshai 2001/09 SEP - 2001/21 SEP - 630 PM/02 PRAVACHAN.json: tagged in 3.8s (event_type=discourse, lang=hindi, topics=['meditation', 'self-mastery', 'inner-peace', 'will-power', 'spiritual-liberation'])
2026-07-09 08:45:32,231 | INFO | enrich_content_tags | tagging Dagshai 2001/09 SEP - 2001/21 SEP - 630 PM/03 HUM TO TERE MASTANE HAIN.json (chars=10380, est_tokens=2595, strategy=single-pass)
2026-07-09 08:45:36,797 | INFO | enrich_content_tags | Dagshai 2001/09 SEP - 2001/21 SEP - 630 PM/03 HUM TO TERE MASTANE HAIN.json: tagged in 4.6s (event_type=bhajan, lang=hindi, topics=['bhakti', 'self-realization', 'guru-grace', 'inner-divinity', 'surrender'])
2026-07-09 08:45:36,799 | INFO | enrich_content_tags | tagging Dagshai 2001/09 SEP - 2001/21 SEP - 630 PM/04 OM GURUVE NAMAH.json (chars=2564, est_tokens=641, strategy=single-pass)
2026-07-09 08:45:39,397 | INFO | enrich_content_tags | Dagshai 2001/09 SEP - 2001/21 SEP - 630 PM/04 OM GURUVE NAMAH.json: tagged in 2.6s (event_type=bhajan, lang=hindi, topics=['guru-bhakti', 'om-chanting', 'divine-praise', 'spiritual-devotion'])
2026-07-09 08:45:39,399 | INFO | enrich_content_tags | tagging Dagshai 2001/09 SEP - 2001/22 SEP - 630 PM/01 MEDITATION.json (chars=3483, est_tokens=870, strategy=single-pass)
2026-07-09 08:45:42,477 | INFO | enrich_content_tags | Dagshai 2001/09 SEP - 2001/22 SEP - 630 PM/01 MEDITATION.json: tagged in 3.1s (event_type=meditation, lang=hindi, topics=['meditation', 'self-awareness', 'inner-peace', 'devotion', 'mind-control'])
2026-07-09 08:45:42,479 | INFO | enrich_content_tags | tagging Dagshai 2001/09 SEP - 2001/22 SEP - 630 PM/02 OM GURUVE NAMAH.json (chars=739, est_tokens=184, strategy=single-pass)
2026-07-09 08:45:44,435 | INFO | enrich_content_tags | Dagshai 2001/09 SEP - 2001/22 SEP - 630 PM/02 OM GURUVE NAMAH.json: tagged in 2.0s (event_type=bhajan, lang=sanskrit, topics=['guru-bhakti', 'chanting', 'devotion'])
2026-07-09 08:45:44,436 | INFO | enrich_content_tags | tagging Dagshai 2001/09 SEP - 2001/22 SEP - 630 PM/03 BAAZI LAGAI AISI.json (chars=21974, est_tokens=5493, strategy=single-pass)
2026-07-09 08:45:51,185 | INFO | enrich_content_tags | Dagshai 2001/09 SEP - 2001/22 SEP - 630 PM/03 BAAZI LAGAI AISI.json: tagged in 6.8s (event_type=bhajan, lang=hindi, topics=['bhakti', 'prem', 'ahankar', 'vairagya', 'guru-kripa'])
2026-07-09 08:45:51,186 | INFO | enrich_content_tags | tagging Dagshai 2001/09 SEP - 2001/23 SEP - 430 PM/01 MEDITATION.json (chars=357, est_tokens=89, strategy=single-pass)
2026-07-09 08:45:53,422 | INFO | enrich_content_tags | Dagshai 2001/09 SEP - 2001/23 SEP - 430 PM/01 MEDITATION.json: tagged in 2.2s (event_type=meditation, lang=hindi, topics=['meditation', 'chanting', 'spiritual-practice'])
2026-07-09 08:45:53,424 | INFO | enrich_content_tags | tagging Dagshai 2001/09 SEP - 2001/23 SEP - 430 PM/02 OM GURUVE NAMAH.json (chars=753, est_tokens=188, strategy=single-pass)
2026-07-09 08:45:55,625 | INFO | enrich_content_tags | Dagshai 2001/09 SEP - 2001/23 SEP - 430 PM/02 OM GURUVE NAMAH.json: tagged in 2.2s (event_type=bhajan, lang=hindi, topics=['guru-bhakti', 'nam-sankirtan', 'devotional-singing'])
2026-07-09 08:45:55,627 | INFO | enrich_content_tags | tagging Dagshai 2001/09 SEP - 2001/23 SEP - 430 PM/03 GAFLAT KI NEEND MEIN.json (chars=27212, est_tokens=6803, strategy=single-pass)
2026-07-09 08:46:04,574 | INFO | enrich_content_tags | Dagshai 2001/09 SEP - 2001/23 SEP - 430 PM/03 GAFLAT KI NEEND MEIN.json: tagged in 8.9s (event_type=bhajan, lang=hindi, topics=['self-inquiry', 'reality', 'ignorance', 'devotion', 'awakening'])
2026-07-09 08:46:04,575 | INFO | enrich_content_tags | tagging Dagshai 2001/09 SEP - 2001/23 SEP - 430 PM/04 BATO HI BATO MEIN.json (chars=5313, est_tokens=1328, strategy=single-pass)
2026-07-09 08:46:08,182 | INFO | enrich_content_tags | Dagshai 2001/09 SEP - 2001/23 SEP - 430 PM/04 BATO HI BATO MEIN.json: tagged in 3.6s (event_type=bhajan, lang=hindi, topics=['life-uncertainty', 'self-inquiry', 'mind-control', 'spiritual-opportunity', 'present-moment'])
2026-07-09 08:46:08,183 | INFO | enrich_content_tags | tagging Dagshai 2001/09 SEP - 2001/23 SEP - 430 PM/05 SAMBODHAN.json (chars=568, est_tokens=142, strategy=single-pass)
2026-07-09 08:46:10,752 | INFO | enrich_content_tags | Dagshai 2001/09 SEP - 2001/23 SEP - 430 PM/05 SAMBODHAN.json: tagged in 2.6s (event_type=discourse, lang=hindi, topics=['life-purpose', 'spiritual-practice', 'aging', 'self-realization', 'dharma'])
2026-07-09 08:46:10,754 | INFO | enrich_content_tags | tagging Dagshai 2001/09 SEP - 2001/23 SEP - 530 AM/01 MEDITATION.json (chars=2938, est_tokens=734, strategy=single-pass)
2026-07-09 08:46:13,468 | INFO | enrich_content_tags | Dagshai 2001/09 SEP - 2001/23 SEP - 530 AM/01 MEDITATION.json: tagged in 2.7s (event_type=meditation, lang=hindi, topics=['meditation', 'self-awareness', 'inner-light', 'mind-control', 'divine-love'])
2026-07-09 08:46:13,470 | INFO | enrich_content_tags | tagging Dagshai 2001/09 SEP - 2001/23 SEP - 530 AM/02 HEY MERE GURUDEV KARUNA.json (chars=6919, est_tokens=1729, strategy=single-pass)
2026-07-09 08:46:16,951 | INFO | enrich_content_tags | Dagshai 2001/09 SEP - 2001/23 SEP - 530 AM/02 HEY MERE GURUDEV KARUNA.json: tagged in 3.5s (event_type=bhajan, lang=hindi, topics=['bhakti', 'surrender', 'devotion', 'bhagavad-gita', 'self-surrender'])
2026-07-09 08:46:16,952 | INFO | enrich_content_tags | tagging Dagshai 2001/09 SEP - 2001/23 SEP - 530 AM/03 SAMBODHAN.json (chars=3581, est_tokens=895, strategy=single-pass)
2026-07-09 08:46:20,262 | INFO | enrich_content_tags | Dagshai 2001/09 SEP - 2001/23 SEP - 530 AM/03 SAMBODHAN.json: tagged in 3.3s (event_type=discourse, lang=hindi, topics=['surrender', 'divine-love', 'spiritual-longing', 'guru-devotion', 'self-inquiry'])
2026-07-09 08:46:20,263 | INFO | enrich_content_tags | tagging Dagshai 2001/09 SEP - 2001/24 SEP - 530 AM/01 MEDITATION.json (chars=1122, est_tokens=280, strategy=single-pass)
2026-07-09 08:46:23,040 | INFO | enrich_content_tags | Dagshai 2001/09 SEP - 2001/24 SEP - 530 AM/01 MEDITATION.json: tagged in 2.8s (event_type=meditation, lang=hindi, topics=['inner-witness', 'self-observation', 'darkness-awareness', 'neutral-energy', 'divine-presence'])
2026-07-09 08:46:23,042 | INFO | enrich_content_tags | tagging Dagshai 2001/09 SEP - 2001/24 SEP - 530 AM/02 KUCH NA BIGEDEGA TERA (INCOMPLETE).json (chars=15693, est_tokens=3923, strategy=single-pass)
2026-07-09 08:46:28,552 | INFO | enrich_content_tags | Dagshai 2001/09 SEP - 2001/24 SEP - 530 AM/02 KUCH NA BIGEDEGA TERA (INCOMPLETE).json: tagged in 5.5s (event_type=bhajan, lang=hindi, topics=['bhakti', 'self-inquiry', 'guru-grace', 'meditation', 'devotion'])
2026-07-09 08:46:28,553 | INFO | enrich_content_tags | tagging Dagshai 2001/09 SEP - 2001/2 SEP - 630 PM/01 MEDITATION.json (chars=6249, est_tokens=1562, strategy=single-pass)
2026-07-09 08:46:32,137 | INFO | enrich_content_tags | Dagshai 2001/09 SEP - 2001/2 SEP - 630 PM/01 MEDITATION.json: tagged in 3.6s (event_type=meditation, lang=hindi, topics=['self-inquiry', 'devotion', 'detachment', 'inner-peace', 'spiritual-discipline'])
2026-07-09 08:46:32,138 | INFO | enrich_content_tags | tagging Dagshai 2001/09 SEP - 2001/2 SEP - 630 PM/02 PRAVACHAN.json (chars=21446, est_tokens=5361, strategy=single-pass)
2026-07-09 08:46:49,530 | ERROR | enrich_content_tags | Dagshai 2001/09 SEP - 2001/2 SEP - 630 PM/02 PRAVACHAN.json: tagging failed (json decode failed: Expecting value: line 224 column 22 (char 4991)) — dead-letter dead_letter/tag_failures/Dagshai_2001_09_SEP_-_2001_2_SEP_-_630_PM_02_PRAVACHAN.json.38af501e9383.txt
2026-07-09 08:46:49,531 | ERROR | enrich_content_tags | [783/9168] Dagshai 2001/09 SEP - 2001/2 SEP - 630 PM/02 PRAVACHAN.json: json decode failed: Expecting value: line 224 column 22 (char 4991)
2026-07-09 08:46:49,532 | INFO | enrich_content_tags | tagging Dagshai 2001/09 SEP - 2001/2 SEP - 630 PM/03 KAISE SAKOON PAWOO.json (chars=8673, est_tokens=2168, strategy=single-pass)
2026-07-09 08:46:54,975 | INFO | enrich_content_tags | Dagshai 2001/09 SEP - 2001/2 SEP - 630 PM/03 KAISE SAKOON PAWOO.json: tagged in 5.4s (event_type=bhajan, lang=hindi, topics=['bhajan', 'guru-seva', 'self-surrender', 'devotion', 'suffering'])
2026-07-09 08:46:54,976 | INFO | enrich_content_tags | tagging Dagshai 2001/09 SEP - 2001/3 SEP - 630 PM/01 MEDITATION.json (chars=3995, est_tokens=998, strategy=single-pass)
2026-07-09 08:46:58,035 | INFO | enrich_content_tags | Dagshai 2001/09 SEP - 2001/3 SEP - 630 PM/01 MEDITATION.json: tagged in 3.1s (event_type=meditation, lang=hindi, topics=['meditation', 'chakras', 'mind-control', 'self-observation', 'spiritual-journey'])
2026-07-09 08:46:58,037 | INFO | enrich_content_tags | tagging Dagshai 2001/09 SEP - 2001/3 SEP - 630 PM/02 OM GURUVE NAMAH.json (chars=456, est_tokens=114, strategy=single-pass)
2026-07-09 08:47:00,310 | INFO | enrich_content_tags | Dagshai 2001/09 SEP - 2001/3 SEP - 630 PM/02 OM GURUVE NAMAH.json: tagged in 2.3s (event_type=bhajan, lang=sanskrit, topics=['guru-bhakti', 'namaskara', 'devotional-song'])
2026-07-09 08:47:00,311 | INFO | enrich_content_tags | tagging Dagshai 2001/09 SEP - 2001/3 SEP - 630 PM/03 MERE SATGURU MUJHKO DENA.json (chars=19705, est_tokens=4926, strategy=single-pass)
2026-07-09 08:47:06,190 | INFO | enrich_content_tags | Dagshai 2001/09 SEP - 2001/3 SEP - 630 PM/03 MERE SATGURU MUJHKO DENA.json: tagged in 5.9s (event_type=bhajan, lang=hindi, topics=['self-inquiry', 'ego-control', 'meditation', 'guru-disciple', 'maya'])
2026-07-09 08:47:06,192 | INFO | enrich_content_tags | tagging Dagshai 2001/09 SEP - 2001/3 SEP - 630 PM/04 SAMBODHAN.json (chars=538, est_tokens=134, strategy=single-pass)
2026-07-09 08:47:08,748 | INFO | enrich_content_tags | Dagshai 2001/09 SEP - 2001/3 SEP - 630 PM/04 SAMBODHAN.json: tagged in 2.6s (event_type=satsang, lang=hindi, topics=['mind-control', 'spiritual-life', 'karma-yoga', 'self-purification'])
2026-07-09 08:47:08,749 | INFO | enrich_content_tags | tagging Dagshai 2001/09 SEP - 2001/4 SEP - 7 PM/01 MEDITATION.json (chars=11260, est_tokens=2815, strategy=single-pass)
2026-07-09 08:47:13,104 | INFO | enrich_content_tags | Dagshai 2001/09 SEP - 2001/4 SEP - 7 PM/01 MEDITATION.json: tagged in 4.3s (event_type=meditation, lang=hindi, topics=['meditation', 'self-inquiry', 'mind-control', 'inner-peace', 'bhakti'])
2026-07-09 08:47:13,105 | INFO | enrich_content_tags | tagging Dagshai 2001/09 SEP - 2001/4 SEP - 7 PM/02 OM GURUVE NAMAH.json (chars=2318, est_tokens=579, strategy=single-pass)
2026-07-09 08:47:16,445 | INFO | enrich_content_tags | Dagshai 2001/09 SEP - 2001/4 SEP - 7 PM/02 OM GURUVE NAMAH.json: tagged in 3.3s (event_type=bhajan, lang=hindi, topics=['guru-bhakti', 'nam-simaran', 'maya-sankalp', 'gurbani-kaav', 'self-inquiry'])
2026-07-09 08:47:16,446 | INFO | enrich_content_tags | tagging Dagshai 2001/09 SEP - 2001/4 SEP - 7 PM/03 PRAVACHAN.json (chars=8721, est_tokens=2180, strategy=single-pass)
2026-07-09 08:47:21,778 | INFO | enrich_content_tags | Dagshai 2001/09 SEP - 2001/4 SEP - 7 PM/03 PRAVACHAN.json: tagged in 5.4s (event_type=discourse, lang=hindi, topics=['inner-search', 'self-realization', 'pilgrimage', 'happiness', 'mind-awareness'])
2026-07-09 08:47:21,779 | INFO | enrich_content_tags | tagging Dagshai 2001/09 SEP - 2001/4 SEP - 7 PM/04 BATO HI BATO MEIN.json (chars=3672, est_tokens=918, strategy=single-pass)
2026-07-09 08:47:24,927 | INFO | enrich_content_tags | Dagshai 2001/09 SEP - 2001/4 SEP - 7 PM/04 BATO HI BATO MEIN.json: tagged in 3.1s (event_type=bhajan, lang=hindi, topics=['time-wasting', 'life-purpose', 'spiritual-opportunity', 'self-reflection', 'devotion'])
2026-07-09 08:47:24,928 | INFO | enrich_content_tags | tagging Dagshai 2001/09 SEP - 2001/4 SEP - 7 PM/05 SAMBODHAN.json (chars=1053, est_tokens=263, strategy=single-pass)
2026-07-09 08:47:27,879 | INFO | enrich_content_tags | Dagshai 2001/09 SEP - 2001/4 SEP - 7 PM/05 SAMBODHAN.json: tagged in 3.0s (event_type=discourse, lang=hindi, topics=['death-awareness', 'waking-up', 'spiritual-opportunity', 'life-purpose', 'self-realization'])
2026-07-09 08:47:27,880 | INFO | enrich_content_tags | tagging Dagshai 2001/09 SEP - 2001/5 SEP - 7 PM/01 MEDITATION.json (chars=1613, est_tokens=403, strategy=single-pass)
2026-07-09 08:47:31,084 | INFO | enrich_content_tags | Dagshai 2001/09 SEP - 2001/5 SEP - 7 PM/01 MEDITATION.json: tagged in 3.2s (event_type=meditation, lang=hindi, topics=['mind-control', 'self-awareness', 'ego-dissolution', 'bhakti-path', 'spiritual-liberation'])
2026-07-09 08:47:31,085 | INFO | enrich_content_tags | tagging Dagshai 2001/09 SEP - 2001/5 SEP - 7 PM/02 OM GURUVE NAMAH.json (chars=628, est_tokens=157, strategy=single-pass)
2026-07-09 08:47:33,376 | INFO | enrich_content_tags | Dagshai 2001/09 SEP - 2001/5 SEP - 7 PM/02 OM GURUVE NAMAH.json: tagged in 2.3s (event_type=bhajan, lang=sanskrit, topics=['devotion', 'chanting', 'guru-devotion', 'mantra-recitation'])
2026-07-09 08:47:33,378 | INFO | enrich_content_tags | tagging Dagshai 2001/09 SEP - 2001/5 SEP - 7 PM/03 HARI BINA KAUN HARE DUKH MERO.json (chars=22562, est_tokens=5640, strategy=single-pass)
2026-07-09 08:47:50,949 | ERROR | enrich_content_tags | Dagshai 2001/09 SEP - 2001/5 SEP - 7 PM/03 HARI BINA KAUN HARE DUKH MERO.json: tagging failed (json decode failed: Unterminated string starting at: line 5 column 5467 (char 5614)) — dead-letter dead_letter/tag_failures/Dagshai_2001_09_SEP_-_2001_5_SEP_-_7_PM_03_HARI_BINA_KAUN_HARE_DUKH_MERO.json.de16feca16cb.txt
2026-07-09 08:47:50,950 | ERROR | enrich_content_tags | [796/9168] Dagshai 2001/09 SEP - 2001/5 SEP - 7 PM/03 HARI BINA KAUN HARE DUKH MERO.json: json decode failed: Unterminated string starting at: line 5 column 5467 (char 5614)
2026-07-09 08:47:50,951 | INFO | enrich_content_tags | tagging Dagshai 2001/09 SEP - 2001/6 SEP - 7 PM/01 MEDITATION.json (chars=6861, est_tokens=1715, strategy=single-pass)
2026-07-09 08:47:54,701 | INFO | enrich_content_tags | Dagshai 2001/09 SEP - 2001/6 SEP - 7 PM/01 MEDITATION.json: tagged in 3.8s (event_type=meditation, lang=hindi, topics=['meditation', 'self-inquiry', 'mind-control', 'devotion', 'consciousness'])
2026-07-09 08:47:54,703 | INFO | enrich_content_tags | tagging Dagshai 2001/09 SEP - 2001/6 SEP - 7 PM/02 HUM TO HAMARI MASTI MEIN.json (chars=13004, est_tokens=3251, strategy=single-pass)
2026-07-09 08:47:59,504 | INFO | enrich_content_tags | Dagshai 2001/09 SEP - 2001/6 SEP - 7 PM/02 HUM TO HAMARI MASTI MEIN.json: tagged in 4.8s (event_type=bhajan, lang=hindi, topics=['self-inquiry', 'ego-dissolution', 'living-master', 'bhakti', 'meditation'])
2026-07-09 08:47:59,505 | INFO | enrich_content_tags | tagging Dagshai 2001/09 SEP - 2001/6 SEP - 7 PM/03 OM GURUVE NAMAH.json (chars=1241, est_tokens=310, strategy=single-pass)
2026-07-09 08:48:02,038 | INFO | enrich_content_tags | Dagshai 2001/09 SEP - 2001/6 SEP - 7 PM/03 OM GURUVE NAMAH.json: tagged in 2.5s (event_type=bhajan, lang=mixed, topics=['guru-bhakti', 'devotional-songs', 'spiritual-mastery', 'inner-realization'])
2026-07-09 08:48:02,039 | INFO | enrich_content_tags | tagging Dagshai 2001/09 SEP - 2001/7 SEP - 1130 AM/01 MEDITATION.json (chars=2445, est_tokens=611, strategy=single-pass)
2026-07-09 08:48:04,980 | INFO | enrich_content_tags | Dagshai 2001/09 SEP - 2001/7 SEP - 1130 AM/01 MEDITATION.json: tagged in 2.9s (event_type=meditation, lang=hindi, topics=['meditation', 'self-awareness', 'inner-observation', 'mind-control', 'spiritual-practice'])
2026-07-09 08:48:04,982 | INFO | enrich_content_tags | tagging Dagshai 2001/09 SEP - 2001/7 SEP - 1130 AM/02 OM GURUVE NAMAH.json (chars=1888, est_tokens=472, strategy=single-pass)
2026-07-09 08:48:07,390 | INFO | enrich_content_tags | Dagshai 2001/09 SEP - 2001/7 SEP - 1130 AM/02 OM GURUVE NAMAH.json: tagged in 2.4s (event_type=bhajan, lang=hindi, topics=['om-chanting', 'guru-devotion', 'namo-nama-hari', 'spiritual-sound'])
2026-07-09 08:48:07,392 | INFO | enrich_content_tags | tagging Dagshai 2001/09 SEP - 2001/7 SEP - 1130 AM/03 SAMBODHAN.json (chars=5306, est_tokens=1326, strategy=single-pass)
2026-07-09 08:48:11,266 | INFO | enrich_content_tags | Dagshai 2001/09 SEP - 2001/7 SEP - 1130 AM/03 SAMBODHAN.json: tagged in 3.9s (event_type=discourse, lang=hindi, topics=['meditation-practice', 'dietary-discipline', 'service-ethics', 'silence-cultivation', 'inner-development'])
2026-07-09 08:48:11,268 | INFO | enrich_content_tags | tagging Dagshai 2001/09 SEP - 2001/7 SEP - 1130 AM/04 MERO MANN VAIRAGI KAISO BANE.json (chars=1831, est_tokens=457, strategy=single-pass)
2026-07-09 08:48:13,847 | INFO | enrich_content_tags | Dagshai 2001/09 SEP - 2001/7 SEP - 1130 AM/04 MERO MANN VAIRAGI KAISO BANE.json: tagged in 2.6s (event_type=bhajan, lang=hindi, topics=['mind-control', 'detachment', 'karma-yoga', 'spiritual-practice', 'guru-devotion'])
2026-07-09 08:48:13,849 | INFO | enrich_content_tags | tagging Dagshai 2001/09 SEP - 2001/7 SEP - 1130 AM/05 VAH VAH RE MAUJ FAKIRAN.json (chars=3476, est_tokens=869, strategy=single-pass)
2026-07-09 08:48:16,735 | INFO | enrich_content_tags | Dagshai 2001/09 SEP - 2001/7 SEP - 1130 AM/05 VAH VAH RE MAUJ FAKIRAN.json: tagged in 2.9s (event_type=bhajan, lang=hindi, topics=['bhajan', 'poverty', 'devotion', 'contrast', 'spiritual-life'])
2026-07-09 08:48:16,736 | INFO | enrich_content_tags | tagging Dagshai 2001/09 SEP - 2001/7 SEP - 1130 AM/06 SAMBODHAN.json (chars=440, est_tokens=110, strategy=single-pass)
2026-07-09 08:48:19,193 | INFO | enrich_content_tags | Dagshai 2001/09 SEP - 2001/7 SEP - 1130 AM/06 SAMBODHAN.json: tagged in 2.5s (event_type=satsang, lang=hindi, topics=['mindfulness', 'focus', 'meditation', 'spiritual-direction'])
2026-07-09 08:48:19,194 | INFO | enrich_content_tags | tagging Dagshai 2001/09 SEP - 2001/7 SEP - 430 PM/01 OM GURUVE NAMAH.json (chars=1337, est_tokens=334, strategy=single-pass)
2026-07-09 08:48:21,825 | INFO | enrich_content_tags | Dagshai 2001/09 SEP - 2001/7 SEP - 430 PM/01 OM GURUVE NAMAH.json: tagged in 2.6s (event_type=bhajan, lang=hindi, topics=['devotional-songs', 'chanting', 'guru-devotion', 'spiritual-practice'])
2026-07-09 08:48:21,826 | INFO | enrich_content_tags | tagging Dagshai 2001/09 SEP - 2001/7 SEP - 7 PM/01 MEDITATION.json (chars=1000, est_tokens=250, strategy=single-pass)
2026-07-09 08:48:24,202 | INFO | enrich_content_tags | Dagshai 2001/09 SEP - 2001/7 SEP - 7 PM/01 MEDITATION.json: tagged in 2.4s (event_type=meditation, lang=hindi, topics=['meditation', 'inner-peace', 'devotion', 'spiritual-growth', 'chanting'])
2026-07-09 08:48:24,203 | INFO | enrich_content_tags | tagging Dagshai 2001/09 SEP - 2001/7 SEP - 7 PM/02 IS TAN KA KYA THEEKANA.json (chars=1415, est_tokens=353, strategy=single-pass)
2026-07-09 08:48:26,563 | INFO | enrich_content_tags | Dagshai 2001/09 SEP - 2001/7 SEP - 7 PM/02 IS TAN KA KYA THEEKANA.json: tagged in 2.3s (event_type=bhajan, lang=hindi, topics=['mind-control', 'worldly-attachments', 'self-knowledge', 'spiritual-life', 'devotion'])
2026-07-09 08:48:26,564 | INFO | enrich_content_tags | tagging Dagshai 2001/09 SEP - 2001/8 SEP - 5 AM/01 MEDITATION.json (chars=762, est_tokens=190, strategy=single-pass)
2026-07-09 08:48:29,199 | INFO | enrich_content_tags | Dagshai 2001/09 SEP - 2001/8 SEP - 5 AM/01 MEDITATION.json: tagged in 2.6s (event_type=meditation, lang=hindi, topics=['inner-journey', 'meditation-practice', 'divine-light', 'self-awareness', 'chanting'])
2026-07-09 08:48:29,201 | INFO | enrich_content_tags | tagging Dagshai 2001/09 SEP - 2001/8 SEP - 5 AM/02 OM GURUVE NAMAH.json (chars=1769, est_tokens=442, strategy=single-pass)
2026-07-09 08:48:31,425 | INFO | enrich_content_tags | Dagshai 2001/09 SEP - 2001/8 SEP - 5 AM/02 OM GURUVE NAMAH.json: tagged in 2.3s (event_type=bhajan, lang=hindi, topics=['om-chanting', 'guru-devotion', 'spiritual-practice'])
2026-07-09 08:48:31,426 | INFO | enrich_content_tags | tagging Dagshai 2001/09 SEP - 2001/8 SEP - 5 AM/03 SAMBODHAN (INCOMPLETE).json (chars=318, est_tokens=79, strategy=single-pass)
2026-07-09 08:48:33,544 | INFO | enrich_content_tags | Dagshai 2001/09 SEP - 2001/8 SEP - 5 AM/03 SAMBODHAN (INCOMPLETE).json: tagged in 2.1s (event_type=bhajan, lang=hindi, topics=['bhajan', 'meditation', 'spiritual-practice', 'body-discipline'])
2026-07-09 08:48:33,545 | INFO | enrich_content_tags | tagging Dagshai 2001/09 SEP - 2001/8 SEP - 7 PM/01 MEDITATION.json (chars=2980, est_tokens=745, strategy=single-pass)
2026-07-09 08:48:36,359 | INFO | enrich_content_tags | Dagshai 2001/09 SEP - 2001/8 SEP - 7 PM/01 MEDITATION.json: tagged in 2.8s (event_type=meditation, lang=hindi, topics=['bhava-dasha', 'self-inquiry', 'meditation-practice', 'faith', 'inner-peace'])
2026-07-09 08:48:36,360 | INFO | enrich_content_tags | tagging Dagshai 2001/09 SEP - 2001/8 SEP - 7 PM/02 OM GURUVE NAMAH.json (chars=906, est_tokens=226, strategy=single-pass)
2026-07-09 08:48:38,831 | INFO | enrich_content_tags | Dagshai 2001/09 SEP - 2001/8 SEP - 7 PM/02 OM GURUVE NAMAH.json: tagged in 2.5s (event_type=bhajan, lang=hindi, topics=['guru-bhakti', 'om-chanting', 'spiritual-devotion'])
2026-07-09 08:48:38,832 | INFO | enrich_content_tags | tagging Dagshai 2001/09 SEP - 2001/8 SEP - 7 PM/03 TU NISHANE BENISHN HAIN.json (chars=10069, est_tokens=2517, strategy=single-pass)
2026-07-09 08:48:42,481 | INFO | enrich_content_tags | Dagshai 2001/09 SEP - 2001/8 SEP - 7 PM/03 TU NISHANE BENISHN HAIN.json: tagged in 3.6s (event_type=bhajan, lang=hindi, topics=['bhakti', 'devotion', 'self-surrender', 'faith', 'separation'])
2026-07-09 08:48:42,482 | INFO | enrich_content_tags | tagging Dagshai 2001/09 SEP - 2001/8 SEP - 7 PM/04 PRAVACHAN.json (chars=3881, est_tokens=970, strategy=single-pass)
2026-07-09 08:49:37,473 | INFO | enrich_content_tags | Dagshai 2001/09 SEP - 2001/8 SEP - 7 PM/04 PRAVACHAN.json: tagged in 3.3s (event_type=discourse, lang=hindi, topics=['maya', 'self-inquiry', 'devotion', 'mind-control', 'bhakti'])
2026-07-09 08:49:37,474 | INFO | enrich_content_tags | tagging Dagshai 2001/09 SEP - 2001/9 SEP - 7 PM/02 MEDITATION.json (chars=5069, est_tokens=1267, strategy=single-pass)
2026-07-09 08:48:49,372 | INFO | enrich_content_tags | Dagshai 2001/09 SEP - 2001/9 SEP - 7 PM/02 MEDITATION.json: tagged in 3.6s (event_type=meditation, lang=hindi, topics=['meditation', 'self-awareness', 'inner-light', 'devotion', 'mind-control'])
2026-07-09 08:48:49,373 | INFO | enrich_content_tags | tagging Dagshai 2001/09 SEP - 2001/9 SEP - 7 PM/03 OM GURUVE NAMAH.json (chars=243, est_tokens=60, strategy=single-pass)
2026-07-09 08:48:51,302 | INFO | enrich_content_tags | Dagshai 2001/09 SEP - 2001/9 SEP - 7 PM/03 OM GURUVE NAMAH.json: tagged in 1.9s (event_type=bhajan, lang=sanskrit, topics=['guru-devotion', 'chanting', 'invocation'])
2026-07-09 08:48:51,303 | INFO | enrich_content_tags | tagging Dagshai 2001/09 SEP - 2001/9 SEP - 7 PM/04 TU HAIN MOHAN MERA.json (chars=20501, est_tokens=5125, strategy=single-pass)
2026-07-09 08:48:57,236 | INFO | enrich_content_tags | Dagshai 2001/09 SEP - 2001/9 SEP - 7 PM/04 TU HAIN MOHAN MERA.json: tagged in 5.9s (event_type=bhajan, lang=hindi, topics=['bhakti', 'self-inquiry', 'devotion', 'meditation', 'love'])
2026-07-09 08:48:57,237 | INFO | enrich_content_tags | tagging Dagshai 2001/09 SEP - 2001/9 SEP - 7 PM/05 JE TAINU PRABHU MILA DA.json (chars=6000, est_tokens=1500, strategy=single-pass)
2026-07-09 08:49:02,011 | INFO | enrich_content_tags | Dagshai 2001/09 SEP - 2001/9 SEP - 7 PM/05 JE TAINU PRABHU MILA DA.json: tagged in 4.8s (event_type=bhajan, lang=hindi, topics=['bhajan', 'self-surrender', 'mind-control', 'chakras', 'bhakti'])
2026-07-09 08:49:02,012 | INFO | enrich_content_tags | tagging Dagshai 2001/09 SEP - 2001/9 SEP - 7 PM/06 OM GURUVE NAMAH.json (chars=2123, est_tokens=530, strategy=single-pass)
2026-07-09 08:49:04,555 | INFO | enrich_content_tags | Dagshai 2001/09 SEP - 2001/9 SEP - 7 PM/06 OM GURUVE NAMAH.json: tagged in 2.5s (event_type=bhajan, lang=hindi, topics=['guru-bhakti', 'om-guruve-namah', 'devotional-songs', 'spiritual-practice'])
2026-07-09 08:49:04,557 | INFO | enrich_content_tags | tagging Dagshai 2001/09 SEP - 2001/9 SEP - 7 PM/07 SAMBODHAN.json (chars=1292, est_tokens=323, strategy=single-pass)
2026-07-09 08:49:07,604 | INFO | enrich_content_tags | Dagshai 2001/09 SEP - 2001/9 SEP - 7 PM/07 SAMBODHAN.json: tagged in 3.1s (event_type=discourse, lang=hindi, topics=['divine-love', 'awakened-soul', 'dharm-mahotsav', 'eternal-present', 'simple-religion'])
2026-07-09 08:49:07,605 | INFO | enrich_content_tags | tagging Dagshai 2001/09 SEP - 2001/9 SEP - 7 PM/08 SAMBODHAN - SWAMI JI - RISHI JI.json (chars=613, est_tokens=153, strategy=single-pass)
2026-07-09 08:49:10,622 | INFO | enrich_content_tags | Dagshai 2001/09 SEP - 2001/9 SEP - 7 PM/08 SAMBODHAN - SWAMI JI - RISHI JI.json: tagged in 3.0s (event_type=bhajan, lang=hindi, topics=['morning-prayer', 'meditation', 'welcome-guests', 'devotion'])
2026-07-09 08:49:10,623 | INFO | enrich_content_tags | tagging Dagshai 2001/09 SEP - 2001/No date (202) - SEP 2001/01 MEDITATION.json (chars=446, est_tokens=111, strategy=single-pass)
2026-07-09 08:49:12,797 | INFO | enrich_content_tags | Dagshai 2001/09 SEP - 2001/No date (202) - SEP 2001/01 MEDITATION.json: tagged in 2.2s (event_type=meditation, lang=hindi, topics=['meditation', 'chanting', 'devotion'])
2026-07-09 08:49:12,798 | INFO | enrich_content_tags | tagging Dagshai 2001/09 SEP - 2001/No date (202) - SEP 2001/02 TU MERI SARKAR HAI.json (chars=2369, est_tokens=592, strategy=single-pass)
2026-07-09 08:49:15,583 | INFO | enrich_content_tags | Dagshai 2001/09 SEP - 2001/No date (202) - SEP 2001/02 TU MERI SARKAR HAI.json: tagged in 2.8s (event_type=bhajan, lang=hindi, topics=['devotion', 'bhakti', 'love-of-god', 'surrender', 'identity-with-divine'])
2026-07-09 08:49:15,584 | INFO | enrich_content_tags | tagging Dagshai 2001/09 SEP - 2001/No date (202) - SEP 2001/03 SAMBODHAN.json (chars=276, est_tokens=69, strategy=single-pass)
2026-07-09 08:49:17,493 | INFO | enrich_content_tags | Dagshai 2001/09 SEP - 2001/No date (202) - SEP 2001/03 SAMBODHAN.json: tagged in 1.9s (event_type=meditation, lang=hindi, topics=['meditation', 'individual-practice', 'spiritual-discipline'])
2026-07-09 08:49:17,494 | INFO | enrich_content_tags | tagging Dagshai 2001/10 OCT - 2001/10 OCT - 630 PM/01 MEDITATION.json (chars=825, est_tokens=206, strategy=single-pass)
2026-07-09 08:49:19,958 | INFO | enrich_content_tags | Dagshai 2001/10 OCT - 2001/10 OCT - 630 PM/01 MEDITATION.json: tagged in 2.5s (event_type=meditation, lang=hindi, topics=['meditation', 'inner-witness', 'chanting', 'om', 'guru-grace'])
2026-07-09 08:49:19,959 | INFO | enrich_content_tags | tagging Dagshai 2001/10 OCT - 2001/10 OCT - 630 PM/02 OM GURUVE NAMAH.json (chars=841, est_tokens=210, strategy=single-pass)
2026-07-09 08:49:21,955 | INFO | enrich_content_tags | Dagshai 2001/10 OCT - 2001/10 OCT - 630 PM/02 OM GURUVE NAMAH.json: tagged in 2.0s (event_type=bhajan, lang=sanskrit, topics=['guru-bhakti', 'chanting', 'devotion'])
2026-07-09 08:49:21,957 | INFO | enrich_content_tags | tagging Dagshai 2001/10 OCT - 2001/10 OCT - 630 PM/03 JAGAT KE RANG KYA DEKHU.json (chars=6294, est_tokens=1573, strategy=single-pass)
2026-07-09 08:49:25,168 | INFO | enrich_content_tags | Dagshai 2001/10 OCT - 2001/10 OCT - 630 PM/03 JAGAT KE RANG KYA DEKHU.json: tagged in 3.2s (event_type=bhajan, lang=hindi, topics=['devotion', 'detachment', 'worldly-illusion', 'divine-love', 'satsang'])
2026-07-09 08:49:25,170 | INFO | enrich_content_tags | tagging Dagshai 2001/10 OCT - 2001/10 OCT - 630 PM/04 SAMBODHAN.json (chars=8044, est_tokens=2011, strategy=single-pass)
2026-07-09 08:49:29,790 | INFO | enrich_content_tags | Dagshai 2001/10 OCT - 2001/10 OCT - 630 PM/04 SAMBODHAN.json: tagged in 4.6s (event_type=discourse, lang=hindi, topics=['inner-peace', 'self-inquiry', 'service', 'mindfulness', 'loneliness'])
2026-07-09 08:49:29,791 | INFO | enrich_content_tags | tagging Dagshai 2001/10 OCT - 2001/11 OCT - 630 PM/01 MEDITATION.json (chars=1128, est_tokens=282, strategy=single-pass)
2026-07-09 08:49:32,165 | INFO | enrich_content_tags | Dagshai 2001/10 OCT - 2001/11 OCT - 630 PM/01 MEDITATION.json: tagged in 2.4s (event_type=meditation, lang=hindi, topics=['self-observation', 'mindfulness', 'inner-awareness', 'non-attachment', 'meditative-state'])
2026-07-09 08:49:32,167 | INFO | enrich_content_tags | tagging Dagshai 2001/10 OCT - 2001/11 OCT - 630 PM/02 HEY MERE GURUDEV.json (chars=5847, est_tokens=1461, strategy=single-pass)
2026-07-09 08:49:35,317 | INFO | enrich_content_tags | Dagshai 2001/10 OCT - 2001/11 OCT - 630 PM/02 HEY MERE GURUDEV.json: tagged in 3.1s (event_type=bhajan, lang=hindi, topics=['bhakti', 'self-surrender', 'divine-love', 'spiritual-poverty', 'devotion'])
2026-07-09 08:49:35,319 | INFO | enrich_content_tags | tagging Dagshai 2001/10 OCT - 2001/12 OCT - 630 AM/01 MEDITATION.json (chars=940, est_tokens=235, strategy=single-pass)
2026-07-09 08:49:38,003 | INFO | enrich_content_tags | Dagshai 2001/10 OCT - 2001/12 OCT - 630 AM/01 MEDITATION.json: tagged in 2.7s (event_type=meditation, lang=hindi, topics=['inner-vision', 'shiva-netra', 'self-awareness', 'mind-control', 'meditation-practice'])
2026-07-09 08:49:38,005 | INFO | enrich_content_tags | tagging Dagshai 2001/10 OCT - 2001/12 OCT - 630 AM/02 OM GURUVE NAMAH.json (chars=2296, est_tokens=574, strategy=single-pass)
2026-07-09 08:49:41,194 | INFO | enrich_content_tags | Dagshai 2001/10 OCT - 2001/12 OCT - 630 AM/02 OM GURUVE NAMAH.json: tagged in 3.2s (event_type=bhajan, lang=hindi, topics=['guru-bhakti', 'mantra-japa', 'spiritual-devotion', 'self-surrender', 'divine-light'])
2026-07-09 08:50:32,451 | INFO | enrich_content_tags | tagging Dagshai 2001/10 OCT - 2001/12 OCT - 630 AM/03 SAMBODHAN.json (chars=726, est_tokens=181, strategy=single-pass)
2026-07-09 08:49:44,001 | INFO | enrich_content_tags | Dagshai 2001/10 OCT - 2001/12 OCT - 630 AM/03 SAMBODHAN.json: tagged in 3.2s (event_type=satsang, lang=hindi, topics=['devotion', 'dedication', 'blessings', 'spiritual-journey'])
2026-07-09 08:49:44,002 | INFO | enrich_content_tags | tagging Dagshai 2001/10 OCT - 2001/12 OCT - 630 AM/04 PITAMBERDHARAN CELEBRATION.json (chars=6591, est_tokens=1647, strategy=single-pass)
2026-07-09 08:49:48,638 | INFO | enrich_content_tags | Dagshai 2001/10 OCT - 2001/12 OCT - 630 AM/04 PITAMBERDHARAN CELEBRATION.json: tagged in 4.6s (event_type=bhajan, lang=hindi, topics=['bhajan', 'prem', 'guruvai-nam', 'sugandh', 'advancement-camp'])
2026-07-09 08:49:48,639 | INFO | enrich_content_tags | tagging Dagshai 2001/10 OCT - 2001/16 OCT - 6 PM/01 MEDITATION.json (chars=1058, est_tokens=264, strategy=single-pass)
2026-07-09 08:49:51,424 | INFO | enrich_content_tags | Dagshai 2001/10 OCT - 2001/16 OCT - 6 PM/01 MEDITATION.json: tagged in 2.8s (event_type=meditation, lang=hindi, topics=['meditation', 'self-awareness', 'natural-state', 'mind-control', 'spiritual-practice'])
2026-07-09 08:49:51,425 | INFO | enrich_content_tags | tagging Dagshai 2001/10 OCT - 2001/16 OCT - 6 PM/02 OM GURUVE NAMAH.json (chars=2595, est_tokens=648, strategy=single-pass)
2026-07-09 08:49:54,079 | INFO | enrich_content_tags | Dagshai 2001/10 OCT - 2001/16 OCT - 6 PM/02 OM GURUVE NAMAH.json: tagged in 2.7s (event_type=bhajan, lang=hindi, topics=['guru-bhakti', 'sevā', 'mokṣa', 'bhakti-sādhana', 'guru-kī-ārti'])
2026-07-09 08:49:54,080 | INFO | enrich_content_tags | tagging Dagshai 2001/10 OCT - 2001/16 OCT - 6 PM/03 SAMBODHAN.json (chars=549, est_tokens=137, strategy=single-pass)
2026-07-09 08:49:57,266 | INFO | enrich_content_tags | Dagshai 2001/10 OCT - 2001/16 OCT - 6 PM/03 SAMBODHAN.json: tagged in 3.2s (event_type=satsang, lang=hindi, topics=['discipline', 'punctuality', 'health', 'meditation', 'devotion'])
2026-07-09 08:49:57,268 | INFO | enrich_content_tags | tagging Dagshai 2001/10 OCT - 2001/17 OCT - 530 AM/01 MEDITATION.json (chars=1203, est_tokens=300, strategy=single-pass)
2026-07-09 08:49:59,992 | INFO | enrich_content_tags | Dagshai 2001/10 OCT - 2001/17 OCT - 530 AM/01 MEDITATION.json: tagged in 2.7s (event_type=meditation, lang=hindi, topics=['meditation', 'kundalini', 'self-awareness', 'inner-sound', 'maya'])
2026-07-09 08:49:59,993 | INFO | enrich_content_tags | tagging Dagshai 2001/10 OCT - 2001/17 OCT - 530 AM/02 OM GURUVE NAMAH.json (chars=749, est_tokens=187, strategy=single-pass)
2026-07-09 08:50:02,133 | INFO | enrich_content_tags | Dagshai 2001/10 OCT - 2001/17 OCT - 530 AM/02 OM GURUVE NAMAH.json: tagged in 2.1s (event_type=bhajan, lang=sanskrit, topics=['chanting', 'devotion', 'guru-bhakti', 'mantra-recitation'])
2026-07-09 08:50:02,134 | INFO | enrich_content_tags | tagging Dagshai 2001/10 OCT - 2001/17 OCT - 530 AM/03 MERO MANN VAIRAGI KAISO.json (chars=8010, est_tokens=2002, strategy=single-pass)
2026-07-09 08:50:05,679 | INFO | enrich_content_tags | Dagshai 2001/10 OCT - 2001/17 OCT - 530 AM/03 MERO MANN VAIRAGI KAISO.json: tagged in 3.5s (event_type=bhajan, lang=hindi, topics=['bhajan', 'meditation', 'self-inquiry', 'discipline', 'devotion'])
2026-07-09 08:50:05,681 | INFO | enrich_content_tags | tagging Dagshai 2001/10 OCT - 2001/17 OCT - 530 AM/04 SAMBODHAN.json (chars=1244, est_tokens=311, strategy=single-pass)
2026-07-09 08:50:08,811 | INFO | enrich_content_tags | Dagshai 2001/10 OCT - 2001/17 OCT - 530 AM/04 SAMBODHAN.json: tagged in 3.1s (event_type=satsang, lang=hindi, topics=['silence', 'devotion', 'self-surrender', 'meditation', 'spiritual-discipline'])
2026-07-09 08:50:08,812 | INFO | enrich_content_tags | tagging Dagshai 2001/10 OCT - 2001/17 OCT - 530 AM/05 OM GURUVE NAMAH.json (chars=798, est_tokens=199, strategy=single-pass)
2026-07-09 08:50:11,171 | INFO | enrich_content_tags | Dagshai 2001/10 OCT - 2001/17 OCT - 530 AM/05 OM GURUVE NAMAH.json: tagged in 2.4s (event_type=bhajan, lang=hindi, topics=['guru-bhakti', 'mantra-japa', 'devotional-singing'])
2026-07-09 08:50:11,172 | INFO | enrich_content_tags | tagging Dagshai 2001/10 OCT - 2001/17 OCT - 530 AM/06 SAMBODHAN.json (chars=427, est_tokens=106, strategy=single-pass)
2026-07-09 08:50:13,397 | INFO | enrich_content_tags | Dagshai 2001/10 OCT - 2001/17 OCT - 530 AM/06 SAMBODHAN.json: tagged in 2.2s (event_type=satsang, lang=hindi, topics=['gratitude', 'family-bond', 'spiritual-offering'])
2026-07-09 08:50:13,399 | INFO | enrich_content_tags | tagging Dagshai 2001/10 OCT - 2001/7 OCT - 530 AM/01 MEDITATION.json (chars=2103, est_tokens=525, strategy=single-pass)
2026-07-09 08:50:16,533 | INFO | enrich_content_tags | Dagshai 2001/10 OCT - 2001/7 OCT - 530 AM/01 MEDITATION.json: tagged in 3.1s (event_type=meditation, lang=hindi, topics=['meditation', 'self-inquiry', 'third-eye', 'awareness', 'maya'])
2026-07-09 08:50:16,534 | INFO | enrich_content_tags | tagging Dagshai 2001/10 OCT - 2001/7 OCT - 530 AM/02 OM GURUVE NAMAH.json (chars=446, est_tokens=111, strategy=single-pass)
2026-07-09 08:50:18,535 | INFO | enrich_content_tags | Dagshai 2001/10 OCT - 2001/7 OCT - 530 AM/02 OM GURUVE NAMAH.json: tagged in 2.0s (event_type=bhajan, lang=sanskrit, topics=['devotion', 'chanting', 'guru-devotion'])
2026-07-09 08:50:18,536 | INFO | enrich_content_tags | tagging Dagshai 2001/10 OCT - 2001/9 OCT - 630 PM/01 MEDITATION.json (chars=1222, est_tokens=305, strategy=single-pass)
2026-07-09 08:50:21,153 | INFO | enrich_content_tags | Dagshai 2001/10 OCT - 2001/9 OCT - 630 PM/01 MEDITATION.json: tagged in 2.6s (event_type=meditation, lang=mixed, topics=['present-moment', 'self-observation', 'mind-watching', 'meditation-practice', 'awareness'])
2026-07-09 08:50:21,154 | INFO | enrich_content_tags | tagging Dagshai 2001/10 OCT - 2001/9 OCT - 630 PM/02 OM GURUVE NAMAH.json (chars=1345, est_tokens=336, strategy=single-pass)
2026-07-09 08:50:23,559 | INFO | enrich_content_tags | Dagshai 2001/10 OCT - 2001/9 OCT - 630 PM/02 OM GURUVE NAMAH.json: tagged in 2.4s (event_type=bhajan, lang=hindi, topics=['bhakti', 'guru-bhakti', 'devotion', 'chanting'])
2026-07-09 08:50:23,560 | INFO | enrich_content_tags | tagging Dagshai 2001/10 OCT - 2001/9 OCT - 630 PM/03 LAGAN HARI SE LAGA BAITHE.json (chars=17633, est_tokens=4408, strategy=single-pass)
2026-07-09 08:50:40,340 | ERROR | enrich_content_tags | Dagshai 2001/10 OCT - 2001/9 OCT - 630 PM/03 LAGAN HARI SE LAGA BAITHE.json: tagging failed (json decode failed: Expecting value: line 5 column 4728 (char 4872)) — dead-letter dead_letter/tag_failures/Dagshai_2001_10_OCT_-_2001_9_OCT_-_630_PM_03_LAGAN_HARI_SE_LAGA_BAITHE.json.696db9cf8f6b.txt
2026-07-09 08:50:40,341 | ERROR | enrich_content_tags | [849/9168] Dagshai 2001/10 OCT - 2001/9 OCT - 630 PM/03 LAGAN HARI SE LAGA BAITHE.json: json decode failed: Expecting value: line 5 column 4728 (char 4872)
2026-07-09 08:50:40,341 | INFO | enrich_content_tags | tagging Dagshai 2001/10 OCT - 2001/DAGSHAI 22 OCT 2001/01 ISHQ KA RUTBA.json (chars=3809, est_tokens=952, strategy=single-pass)
2026-07-09 08:50:43,378 | INFO | enrich_content_tags | Dagshai 2001/10 OCT - 2001/DAGSHAI 22 OCT 2001/01 ISHQ KA RUTBA.json: tagged in 3.0s (event_type=bhajan, lang=hindi, topics=['ishq', 'bhakti', 'devotion', 'love', 'spiritual-awakening'])
2026-07-09 08:50:43,380 | INFO | enrich_content_tags | tagging Dagshai 2001/10 OCT - 2001/DAGSHAI 23 - 26 OCT 2001/24 OCT - 1$ - 10 AM/01 MEDITATION.json (chars=4623, est_tokens=1155, strategy=single-pass)
2026-07-09 08:50:47,255 | INFO | enrich_content_tags | Dagshai 2001/10 OCT - 2001/DAGSHAI 23 - 26 OCT 2001/24 OCT - 1$ - 10 AM/01 MEDITATION.json: tagged in 3.9s (event_type=meditation, lang=hindi, topics=['self-awareness', 'mind-detachment', 'inner-light', 'meditation-practice', 'spiritual-awakening'])
2026-07-09 08:50:47,256 | INFO | enrich_content_tags | tagging Dagshai 2001/10 OCT - 2001/DAGSHAI 23 - 26 OCT 2001/24 OCT - 1$ - 10 AM/02 TU NISHANE BENSIHA HAIN.json (chars=17382, est_tokens=4345, strategy=single-pass)
2026-07-09 08:50:53,635 | INFO | enrich_content_tags | Dagshai 2001/10 OCT - 2001/DAGSHAI 23 - 26 OCT 2001/24 OCT - 1$ - 10 AM/02 TU NISHANE BENSIHA HAIN.json: tagged in 6.4s (event_type=bhajan, lang=hindi, topics=['bhakti', 'self-inquiry', 'ego', 'divine-love', 'surrender'])
2026-07-09 08:50:53,637 | INFO | enrich_content_tags | tagging Dagshai 2001/10 OCT - 2001/DAGSHAI 23 - 26 OCT 2001/24 OCT - 1$ - 10 AM/03 PRAVACHAN.json (chars=5070, est_tokens=1267, strategy=single-pass)
2026-07-09 08:50:58,019 | INFO | enrich_content_tags | Dagshai 2001/10 OCT - 2001/DAGSHAI 23 - 26 OCT 2001/24 OCT - 1$ - 10 AM/03 PRAVACHAN.json: tagged in 4.4s (event_type=discourse, lang=hindi, topics=['bhakti-yoga', 'divine-love', 'meditation', 'self-surrender', 'spiritual-deepness'])
2026-07-09 08:50:58,020 | INFO | enrich_content_tags | tagging Dagshai 2001/10 OCT - 2001/DAGSHAI 23 - 26 OCT 2001/24 OCT - 1$ - 10 AM/04 JE TAINU PRABHU MILANDA.json (chars=13121, est_tokens=3280, strategy=single-pass)
2026-07-09 08:51:03,057 | INFO | enrich_content_tags | Dagshai 2001/10 OCT - 2001/DAGSHAI 23 - 26 OCT 2001/24 OCT - 1$ - 10 AM/04 JE TAINU PRABHU MILANDA.json: tagged in 5.1s (event_type=bhajan, lang=hindi, topics=['bhajan', 'devotion', 'surrender', 'family-life', 'spiritual-path'])
2026-07-09 08:51:03,058 | INFO | enrich_content_tags | tagging Dagshai 2001/10 OCT - 2001/DAGSHAI 23 - 26 OCT 2001/24 OCT - 1$ - 10 AM/05 ISHQ KA RUTBA.json (chars=3185, est_tokens=796, strategy=single-pass)
2026-07-09 08:51:57,687 | INFO | enrich_content_tags | Dagshai 2001/10 OCT - 2001/DAGSHAI 23 - 26 OCT 2001/24 OCT - 1$ - 10 AM/05 ISHQ KA RUTBA.json: tagged in 2.9s (event_type=bhajan, lang=hindi, topics=['ishq', 'prema', 'bhakti', 'dukh', 'sadhana'])
2026-07-09 08:51:57,688 | INFO | enrich_content_tags | tagging Dagshai 2001/10 OCT - 2001/DAGSHAI 23 - 26 OCT 2001/24 OCT - 1$ - 10 AM/06 ASSAN ISHQ KA BUTTA LAYA.json (chars=865, est_tokens=216, strategy=single-pass)
2026-07-09 08:51:08,791 | INFO | enrich_content_tags | Dagshai 2001/10 OCT - 2001/DAGSHAI 23 - 26 OCT 2001/24 OCT - 1$ - 10 AM/06 ASSAN ISHQ KA BUTTA LAYA.json: tagged in 2.8s (event_type=bhajan, lang=hindi, topics=['bhakti', 'prema', 'bhakti-sangeet', 'divine-love'])
2026-07-09 08:51:08,793 | INFO | enrich_content_tags | tagging Dagshai 2001/10 OCT - 2001/DAGSHAI 23 - 26 OCT 2001/24 OCT - 1$ - 10 AM/ASSAN ISHQ DA BUTTA LAYA (MD RECORDING).json (chars=1086, est_tokens=271, strategy=single-pass)
2026-07-09 08:51:11,611 | INFO | enrich_content_tags | Dagshai 2001/10 OCT - 2001/DAGSHAI 23 - 26 OCT 2001/24 OCT - 1$ - 10 AM/ASSAN ISHQ DA BUTTA LAYA (MD RECORDING).json: tagged in 2.8s (event_type=bhajan, lang=hindi, topics=['bhajan', 'divine-love', 'spiritual-union', 'grace', 'devotion'])
2026-07-09 08:51:11,613 | INFO | enrich_content_tags | tagging Dagshai 2001/10 OCT - 2001/DAGSHAI 23 - 26 OCT 2001/24 OCT - 1$ - 10 AM/ISHQ KA ROOTBA (MD RECORDING).json (chars=2687, est_tokens=671, strategy=single-pass)
2026-07-09 08:51:14,583 | INFO | enrich_content_tags | Dagshai 2001/10 OCT - 2001/DAGSHAI 23 - 26 OCT 2001/24 OCT - 1$ - 10 AM/ISHQ KA ROOTBA (MD RECORDING).json: tagged in 3.0s (event_type=bhajan, lang=hindi, topics=['ishq', 'prem', 'dukh', 'silsila', 'bhakti'])
2026-07-09 08:51:14,584 | INFO | enrich_content_tags | tagging Dagshai 2001/10 OCT - 2001/DAGSHAI 23 - 26 OCT 2001/24 OCT - 2$ - 6 PM/01 MEDITATION.json (chars=630, est_tokens=157, strategy=single-pass)
2026-07-09 08:51:17,104 | INFO | enrich_content_tags | Dagshai 2001/10 OCT - 2001/DAGSHAI 23 - 26 OCT 2001/24 OCT - 2$ - 6 PM/01 MEDITATION.json: tagged in 2.5s (event_type=meditation, lang=hindi, topics=['meditation', 'self-awareness', 'devotion', 'truth', 'spiritual-practice'])
2026-07-09 08:51:17,105 | INFO | enrich_content_tags | tagging Dagshai 2001/10 OCT - 2001/DAGSHAI 23 - 26 OCT 2001/24 OCT - 2$ - 6 PM/02 JYOT JAG RAHI HAIN.json (chars=8067, est_tokens=2016, strategy=single-pass)
2026-07-09 08:51:22,019 | INFO | enrich_content_tags | Dagshai 2001/10 OCT - 2001/DAGSHAI 23 - 26 OCT 2001/24 OCT - 2$ - 6 PM/02 JYOT JAG RAHI HAIN.json: tagged in 4.9s (event_type=bhajan, lang=hindi, topics=['inner-light', 'devotion', 'self-purification', 'navaratri', 'spiritual-transformation'])
2026-07-09 08:51:22,021 | INFO | enrich_content_tags | tagging Dagshai 2001/10 OCT - 2001/DAGSHAI 23 - 26 OCT 2001/24 OCT - 2$ - 6 PM/03 BALDI AAG HANERIAN WALI.json (chars=10301, est_tokens=2575, strategy=single-pass)
2026-07-09 08:51:28,279 | INFO | enrich_content_tags | Dagshai 2001/10 OCT - 2001/DAGSHAI 23 - 26 OCT 2001/24 OCT - 2$ - 6 PM/03 BALDI AAG HANERIAN WALI.json: tagged in 6.3s (event_type=bhajan, lang=hindi, topics=['bhakti', 'self-realization', 'karma-yoga', 'meditation', 'spiritual-power'])
2026-07-09 08:51:28,280 | INFO | enrich_content_tags | tagging Dagshai 2001/10 OCT - 2001/DAGSHAI 23 - 26 OCT 2001/24 OCT - 2$ - 6 PM/04 ISHQ KA RUTBA.json (chars=3638, est_tokens=909, strategy=single-pass)
2026-07-09 08:51:31,818 | INFO | enrich_content_tags | Dagshai 2001/10 OCT - 2001/DAGSHAI 23 - 26 OCT 2001/24 OCT - 2$ - 6 PM/04 ISHQ KA RUTBA.json: tagged in 3.6s (event_type=bhajan, lang=hindi, topics=['ishq', 'bhakti', 'transformation', 'suffering', 'devotion'])
2026-07-09 08:51:31,819 | INFO | enrich_content_tags | tagging Dagshai 2001/10 OCT - 2001/DAGSHAI 23 - 26 OCT 2001/24 OCT - 2$ - 6 PM/05 PRAVACHAN.json (chars=1281, est_tokens=320, strategy=single-pass)
2026-07-09 08:51:35,138 | INFO | enrich_content_tags | Dagshai 2001/10 OCT - 2001/DAGSHAI 23 - 26 OCT 2001/24 OCT - 2$ - 6 PM/05 PRAVACHAN.json: tagged in 3.3s (event_type=discourse, lang=hindi, topics=['true-love', 'surrender', 'self-inquiry', 'guru-grace', 'spiritual-enlightenment'])
2026-07-09 08:51:35,139 | INFO | enrich_content_tags | tagging Dagshai 2001/10 OCT - 2001/DAGSHAI 23 - 26 OCT 2001/24 OCT - 2$ - 6 PM/06 VAHEGURU VAHEGURU.json (chars=3719, est_tokens=929, strategy=single-pass)
2026-07-09 08:51:38,483 | INFO | enrich_content_tags | Dagshai 2001/10 OCT - 2001/DAGSHAI 23 - 26 OCT 2001/24 OCT - 2$ - 6 PM/06 VAHEGURU VAHEGURU.json: tagged in 3.3s (event_type=bhajan, lang=hindi, topics=['bhajan', 'nam-simran', 'divine-love', 'spiritual-sound', 'gratitude'])
2026-07-09 08:51:38,485 | INFO | enrich_content_tags | tagging Dagshai 2001/10 OCT - 2001/DAGSHAI 23 - 26 OCT 2001/24 OCT - 2$ - 6 PM/07 PRAVACHAN.json (chars=6582, est_tokens=1645, strategy=single-pass)
2026-07-09 08:51:43,568 | INFO | enrich_content_tags | Dagshai 2001/10 OCT - 2001/DAGSHAI 23 - 26 OCT 2001/24 OCT - 2$ - 6 PM/07 PRAVACHAN.json: tagged in 5.1s (event_type=discourse, lang=hindi, topics=['divine-love', 'surrender', 'inner-realization', 'navaratri', 'devotion'])
2026-07-09 08:51:43,569 | INFO | enrich_content_tags | tagging Dagshai 2001/10 OCT - 2001/DAGSHAI 23 - 26 OCT 2001/24 OCT - 2$ - 6 PM/08 SAMBODHAN.json (chars=1551, est_tokens=387, strategy=single-pass)
2026-07-09 08:51:46,630 | INFO | enrich_content_tags | Dagshai 2001/10 OCT - 2001/DAGSHAI 23 - 26 OCT 2001/24 OCT - 2$ - 6 PM/08 SAMBODHAN.json: tagged in 3.1s (event_type=discourse, lang=hindi, topics=['meditation', 'health-benefits', 'stress-relief', 'heart-health', 'gratitude'])
2026-07-09 08:51:46,631 | INFO | enrich_content_tags | tagging Dagshai 2001/10 OCT - 2001/DAGSHAI 23 - 26 OCT 2001/25 OCT - 3$ - 10 AM/01 MEDITATION.json (chars=1240, est_tokens=310, strategy=single-pass)
2026-07-09 08:51:49,409 | INFO | enrich_content_tags | Dagshai 2001/10 OCT - 2001/DAGSHAI 23 - 26 OCT 2001/25 OCT - 3$ - 10 AM/01 MEDITATION.json: tagged in 2.8s (event_type=meditation, lang=hindi, topics=['meditation', 'self-observation', 'mental-states', 'relaxation', 'awareness'])
2026-07-09 08:51:49,411 | INFO | enrich_content_tags | tagging Dagshai 2001/10 OCT - 2001/DAGSHAI 23 - 26 OCT 2001/25 OCT - 3$ - 10 AM/02 MUJHE HAIN TALASH TERI.json (chars=30297, est_tokens=7574, strategy=single-pass)
2026-07-09 08:51:59,451 | INFO | enrich_content_tags | Dagshai 2001/10 OCT - 2001/DAGSHAI 23 - 26 OCT 2001/25 OCT - 3$ - 10 AM/02 MUJHE HAIN TALASH TERI.json: tagged in 10.0s (event_type=bhajan, lang=hindi, topics=['bhakti', 'self-inquiry', 'ego-transcendence', 'divine-love', 'contentment'])
2026-07-09 08:51:59,452 | INFO | enrich_content_tags | tagging Dagshai 2001/10 OCT - 2001/DAGSHAI 23 - 26 OCT 2001/25 OCT - 3$ - 10 AM/03 MAHI O MAHI.json (chars=3337, est_tokens=834, strategy=single-pass)
2026-07-09 08:52:03,000 | INFO | enrich_content_tags | Dagshai 2001/10 OCT - 2001/DAGSHAI 23 - 26 OCT 2001/25 OCT - 3$ - 10 AM/03 MAHI O MAHI.json: tagged in 3.5s (event_type=bhajan, lang=hindi, topics=['bhakti', 'devotion', 'divine-love', 'spiritual-awakening', 'surrender'])
2026-07-09 08:52:03,001 | INFO | enrich_content_tags | tagging Dagshai 2001/10 OCT - 2001/DAGSHAI 23 - 26 OCT 2001/25 OCT - 3$ - 10 AM/04 SAMBODHAN - RISHI JI.json (chars=547, est_tokens=136, strategy=single-pass)
2026-07-09 08:52:05,859 | INFO | enrich_content_tags | Dagshai 2001/10 OCT - 2001/DAGSHAI 23 - 26 OCT 2001/25 OCT - 3$ - 10 AM/04 SAMBODHAN - RISHI JI.json: tagged in 2.9s (event_type=bhajan, lang=hindi, topics=['bhajan', 'meditation', 'devotion', 'night-practice'])
2026-07-09 08:52:05,860 | INFO | enrich_content_tags | tagging Dagshai 2001/10 OCT - 2001/DAGSHAI 23 - 26 OCT 2001/25 OCT - 4$ - 6 PM/01 MEDITATION.json (chars=330, est_tokens=82, strategy=single-pass)
2026-07-09 08:52:08,192 | INFO | enrich_content_tags | Dagshai 2001/10 OCT - 2001/DAGSHAI 23 - 26 OCT 2001/25 OCT - 4$ - 6 PM/01 MEDITATION.json: tagged in 2.3s (event_type=meditation, lang=hindi, topics=['meditation', 'chanting', 'spiritual-practice'])
2026-07-09 08:52:08,193 | INFO | enrich_content_tags | tagging Dagshai 2001/10 OCT - 2001/DAGSHAI 23 - 26 OCT 2001/25 OCT - 4$ - 6 PM/02 DHOOL TERE CHARNO KI.json (chars=2164, est_tokens=541, strategy=single-pass)
2026-07-09 08:52:11,460 | INFO | enrich_content_tags | Dagshai 2001/10 OCT - 2001/DAGSHAI 23 - 26 OCT 2001/25 OCT - 4$ - 6 PM/02 DHOOL TERE CHARNO KI.json: tagged in 3.3s (event_type=bhajan, lang=hindi, topics=['guru-devotion', 'charan-dhool', 'bhakti', 'spiritual-transformation', 'satsang'])
2026-07-09 08:52:11,461 | INFO | enrich_content_tags | tagging Dagshai 2001/10 OCT - 2001/DAGSHAI 23 - 26 OCT 2001/25 OCT - 4$ - 6 PM/03 OM GURUVE NAMAH.json (chars=3994, est_tokens=998, strategy=single-pass)
2026-07-09 08:52:14,510 | INFO | enrich_content_tags | Dagshai 2001/10 OCT - 2001/DAGSHAI 23 - 26 OCT 2001/25 OCT - 4$ - 6 PM/03 OM GURUVE NAMAH.json: tagged in 3.0s (event_type=bhajan, lang=hindi, topics=['guru-bhakti', 'om-guruve-namah', 'spiritual-songs', 'divine-light', 'self-realization'])
2026-07-09 08:52:14,511 | INFO | enrich_content_tags | tagging Dagshai 2001/10 OCT - 2001/DAGSHAI 23 - 26 OCT 2001/25 OCT - 4$ - 6 PM/04 SAMBODHAN.json (chars=603, est_tokens=150, strategy=single-pass)
2026-07-09 08:52:17,336 | INFO | enrich_content_tags | Dagshai 2001/10 OCT - 2001/DAGSHAI 23 - 26 OCT 2001/25 OCT - 4$ - 6 PM/04 SAMBODHAN.json: tagged in 2.8s (event_type=satsang, lang=hindi, topics=['devotional-wear', 'dedication', 'spiritual-journey', 'love-service'])
2026-07-09 08:52:17,338 | INFO | enrich_content_tags | tagging Dagshai 2001/10 OCT - 2001/DAGSHAI 23 - 26 OCT 2001/25 OCT - 4$ - 6 PM/05 YELLOW DRESS DISTRIBUTION.json (chars=10462, est_tokens=2615, strategy=single-pass)
2026-07-09 08:52:22,517 | INFO | enrich_content_tags | Dagshai 2001/10 OCT - 2001/DAGSHAI 23 - 26 OCT 2001/25 OCT - 4$ - 6 PM/05 YELLOW DRESS DISTRIBUTION.json: tagged in 5.1s (event_type=bhajan, lang=hindi, topics=['bhajan', 'guru-bhakti', 'prem', 'sufi-kalam', 'nam-simran'])
2026-07-09 08:52:22,518 | INFO | enrich_content_tags | tagging Dagshai 2001/10 OCT - 2001/DAGSHAI 23 - 26 OCT 2001/25 OCT - 4$ - 6 PM/06 SAMBODHAN.json (chars=411, est_tokens=102, strategy=single-pass)
2026-07-09 08:52:25,431 | INFO | enrich_content_tags | Dagshai 2001/10 OCT - 2001/DAGSHAI 23 - 26 OCT 2001/25 OCT - 4$ - 6 PM/06 SAMBODHAN.json: tagged in 2.9s (event_type=satsang, lang=hindi, topics=['new-life', 'devotion', 'prayer'])
2026-07-09 08:52:25,433 | INFO | enrich_content_tags | tagging Dagshai 2001/10 OCT - 2001/DAGSHAI 23 - 26 OCT 2001/26 OCT - 5$ - 10 AM/01 MEDITATION.json (chars=416, est_tokens=104, strategy=single-pass)
2026-07-09 08:52:27,516 | INFO | enrich_content_tags | Dagshai 2001/10 OCT - 2001/DAGSHAI 23 - 26 OCT 2001/26 OCT - 5$ - 10 AM/01 MEDITATION.json: tagged in 2.1s (event_type=meditation, lang=hindi, topics=['meditation', 'chanting', 'devotion', 'spiritual-practice'])
2026-07-09 08:52:27,517 | INFO | enrich_content_tags | tagging Dagshai 2001/10 OCT - 2001/DAGSHAI 23 - 26 OCT 2001/26 OCT - 5$ - 10 AM/02 OM GURUVE NAMAH.json (chars=518, est_tokens=129, strategy=single-pass)
2026-07-09 08:52:30,293 | INFO | enrich_content_tags | Dagshai 2001/10 OCT - 2001/DAGSHAI 23 - 26 OCT 2001/26 OCT - 5$ - 10 AM/02 OM GURUVE NAMAH.json: tagged in 2.8s (event_type=bhajan, lang=hindi, topics=['om-chanting', 'guru-devotion', 'spiritual-invocation'])
2026-07-09 08:52:30,294 | INFO | enrich_content_tags | tagging Dagshai 2001/10 OCT - 2001/DAGSHAI 23 - 26 OCT 2001/26 OCT - 5$ - 10 AM/03 SATGURU AYE YA SATGURU KA.json (chars=8527, est_tokens=2131, strategy=single-pass)
2026-07-09 08:52:36,678 | INFO | enrich_content_tags | Dagshai 2001/10 OCT - 2001/DAGSHAI 23 - 26 OCT 2001/26 OCT - 5$ - 10 AM/03 SATGURU AYE YA SATGURU KA.json: tagged in 6.4s (event_type=bhajan, lang=hindi, topics=['meditation', 'self-realization', 'bhakti', 'non-duality', 'death'])
2026-07-09 08:52:36,679 | INFO | enrich_content_tags | tagging Dagshai 2001/10 OCT - 2001/DAGSHAI 23 - 26 OCT 2001/26 OCT - 5$ - 10 AM/04 ASSA ISHQ KA BUTTA LAYA.json (chars=1405, est_tokens=351, strategy=single-pass)
2026-07-09 08:52:40,114 | INFO | enrich_content_tags | Dagshai 2001/10 OCT - 2001/DAGSHAI 23 - 26 OCT 2001/26 OCT - 5$ - 10 AM/04 ASSA ISHQ KA BUTTA LAYA.json: tagged in 3.4s (event_type=bhajan, lang=hindi, topics=['bhakti', 'divine-love', 'devotion', 'separation', 'spiritual-longing'])
2026-07-09 08:52:40,115 | INFO | enrich_content_tags | tagging Dagshai 2001/10 OCT - 2001/DAGSHAI 23 - 26 OCT 2001/26 OCT - 5$ - 10 AM/05 SAMBODHAN - RISHI JI.json (chars=615, est_tokens=153, strategy=single-pass)
2026-07-09 08:52:43,817 | INFO | enrich_content_tags | Dagshai 2001/10 OCT - 2001/DAGSHAI 23 - 26 OCT 2001/26 OCT - 5$ - 10 AM/05 SAMBODHAN - RISHI JI.json: tagged in 3.7s (event_type=bhajan, lang=mixed, topics=['bhajan', 'meditation', 'mountain-retreat', 'silence', 'devotion'])
2026-07-09 08:52:43,819 | INFO | enrich_content_tags | tagging Dagshai 2001/10 OCT - 2001/DAGSHAI 23 - 26 OCT 2001/26 OCT - 5$ - 10 AM/06 SAMBODHAN.json (chars=1083, est_tokens=270, strategy=single-pass)
2026-07-09 08:52:47,257 | INFO | enrich_content_tags | Dagshai 2001/10 OCT - 2001/DAGSHAI 23 - 26 OCT 2001/26 OCT - 5$ - 10 AM/06 SAMBODHAN.json: tagged in 3.5s (event_type=satsang, lang=hindi, topics=['nam-samarpan', 'vishuddha-vishwas', 'atikarman', 'pravachan', 'samboodhan'])
2026-07-09 08:52:47,259 | INFO | enrich_content_tags | tagging Dagshai 2001/10 OCT - 2001/DAGSHAI 23 - 26 OCT 2001/unknown/05 ISHQ KA RUTBA (INCOMPLETE).json (chars=554, est_tokens=138, strategy=single-pass)
2026-07-09 08:53:41,764 | INFO | enrich_content_tags | Dagshai 2001/10 OCT - 2001/DAGSHAI 23 - 26 OCT 2001/unknown/05 ISHQ KA RUTBA (INCOMPLETE).json: tagged in 2.9s (event_type=bhajan, lang=hindi, topics=['ishq', 'divine-love', 'spiritual-path', 'truth', 'devotion'])
2026-07-09 08:53:41,765 | INFO | enrich_content_tags | tagging Dagshai 2001/10 OCT - 2001/DAGSHAI 23 - 26 OCT 2001/unknown/07 MUJHE HAIN TALASH (INCOMPLETE).json (chars=322, est_tokens=80, strategy=single-pass)
2026-07-09 08:53:44,175 | INFO | enrich_content_tags | Dagshai 2001/10 OCT - 2001/DAGSHAI 23 - 26 OCT 2001/unknown/07 MUJHE HAIN TALASH (INCOMPLETE).json: tagged in 2.4s (event_type=bhajan, lang=hindi, topics=['ahankar', 'devotion', 'spiritual-surrender'])
2026-07-09 08:53:44,176 | INFO | enrich_content_tags | tagging Dagshai 2001/10 OCT - 2001/DAGSHAI 23 - 26 OCT 2001/unknown/09 ISHQ KA RUTBA (INCOMPLETE).json (chars=346, est_tokens=86, strategy=single-pass)
2026-07-09 08:53:46,642 | INFO | enrich_content_tags | Dagshai 2001/10 OCT - 2001/DAGSHAI 23 - 26 OCT 2001/unknown/09 ISHQ KA RUTBA (INCOMPLETE).json: tagged in 2.5s (event_type=bhajan, lang=hindi, topics=['ishq', 'bhakti', 'devotion'])
2026-07-09 08:53:46,642 | INFO | enrich_content_tags | tagging Dagshai 2001/10 OCT - 2001/DAGSHAI 27 - 28 OCT 2001/27 OCT - 1$ - 10 AM/01 MEDITATION.json (chars=2086, est_tokens=521, strategy=single-pass)
2026-07-09 08:53:49,464 | INFO | enrich_content_tags | Dagshai 2001/10 OCT - 2001/DAGSHAI 27 - 28 OCT 2001/27 OCT - 1$ - 10 AM/01 MEDITATION.json: tagged in 2.8s (event_type=meditation, lang=hindi, topics=['mind-observation', 'self-inquiry', 'meditation-practice', 'awareness', 'mental-activity'])
2026-07-09 08:53:49,465 | INFO | enrich_content_tags | tagging Dagshai 2001/10 OCT - 2001/DAGSHAI 27 - 28 OCT 2001/27 OCT - 1$ - 10 AM/02 PRAVACHAN.json (chars=3709, est_tokens=927, strategy=single-pass)
2026-07-09 08:53:52,986 | INFO | enrich_content_tags | Dagshai 2001/10 OCT - 2001/DAGSHAI 27 - 28 OCT 2001/27 OCT - 1$ - 10 AM/02 PRAVACHAN.json: tagged in 3.5s (event_type=discourse, lang=hindi, topics=['inner-awakening', 'self-knowledge', 'meditation', 'spiritual-enlightenment', 'dharma'])
2026-07-09 08:53:52,987 | INFO | enrich_content_tags | tagging Dagshai 2001/10 OCT - 2001/DAGSHAI 27 - 28 OCT 2001/27 OCT - 1$ - 10 AM/03 BATON HI BATON MEIN.json (chars=2011, est_tokens=502, strategy=single-pass)
2026-07-09 08:53:04,479 | INFO | enrich_content_tags | Dagshai 2001/10 OCT - 2001/DAGSHAI 27 - 28 OCT 2001/27 OCT - 1$ - 10 AM/03 BATON HI BATON MEIN.json: tagged in 3.1s (event_type=bhajan, lang=hindi, topics=['childhood-wasted-time', 'spiritual-regret', 'divine-treasure', 'bhakti-devotion', 'self-reflection'])
2026-07-09 08:53:04,480 | INFO | enrich_content_tags | tagging Dagshai 2001/10 OCT - 2001/DAGSHAI 27 - 28 OCT 2001/27 OCT - 1$ - 10 AM/04 PRAVACHAN.json (chars=17327, est_tokens=4331, strategy=single-pass)
2026-07-09 08:53:15,322 | INFO | enrich_content_tags | Dagshai 2001/10 OCT - 2001/DAGSHAI 27 - 28 OCT 2001/27 OCT - 1$ - 10 AM/04 PRAVACHAN.json: tagged in 10.8s (event_type=discourse, lang=hindi, topics=['self-inquiry', 'meditation', 'bhakti', 'knowledge', 'enlightenment'])
2026-07-09 08:53:15,323 | INFO | enrich_content_tags | tagging Dagshai 2001/10 OCT - 2001/DAGSHAI 27 - 28 OCT 2001/27 OCT - 1$ - 10 AM/05 OM GURUVE NAMAH.json (chars=6965, est_tokens=1741, strategy=single-pass)
2026-07-09 08:53:19,383 | INFO | enrich_content_tags | Dagshai 2001/10 OCT - 2001/DAGSHAI 27 - 28 OCT 2001/27 OCT - 1$ - 10 AM/05 OM GURUVE NAMAH.json: tagged in 4.1s (event_type=bhajan, lang=hindi, topics=['guru-bhakti', 'om-guruve-namah', 'self-inquiry', 'devotion', 'spiritual-songs'])
2026-07-09 08:53:19,385 | INFO | enrich_content_tags | tagging Dagshai 2001/10 OCT - 2001/DAGSHAI 27 - 28 OCT 2001/27 OCT - 1$ - 10 AM/06 SAMBODHAN.json (chars=1128, est_tokens=282, strategy=single-pass)
2026-07-09 08:53:22,191 | INFO | enrich_content_tags | Dagshai 2001/10 OCT - 2001/DAGSHAI 27 - 28 OCT 2001/27 OCT - 1$ - 10 AM/06 SAMBODHAN.json: tagged in 2.8s (event_type=discourse, lang=hindi, topics=['courage', 'self-knowledge', 'spiritual-path', 'discernment', 'life-purpose'])
2026-07-09 08:53:22,193 | INFO | enrich_content_tags | tagging Dagshai 2001/10 OCT - 2001/DAGSHAI 27 - 28 OCT 2001/27 OCT - 2$ - 6 PM/01 MEDITATION (EVENING).json (chars=4409, est_tokens=1102, strategy=single-pass)
2026-07-09 08:53:25,904 | INFO | enrich_content_tags | Dagshai 2001/10 OCT - 2001/DAGSHAI 27 - 28 OCT 2001/27 OCT - 2$ - 6 PM/01 MEDITATION (EVENING).json: tagged in 3.7s (event_type=bhajan, lang=hindi, topics=['meditation', 'self-inquiry', 'mind-control', 'present-moment', 'inner-technology'])
2026-07-09 08:53:25,905 | INFO | enrich_content_tags | tagging Dagshai 2001/10 OCT - 2001/DAGSHAI 27 - 28 OCT 2001/27 OCT - 2$ - 6 PM/02 OM GURUVE NAMAH.json (chars=733, est_tokens=183, strategy=single-pass)
2026-07-09 08:53:29,112 | INFO | enrich_content_tags | Dagshai 2001/10 OCT - 2001/DAGSHAI 27 - 28 OCT 2001/27 OCT - 2$ - 6 PM/02 OM GURUVE NAMAH.json: tagged in 3.2s (event_type=bhajan, lang=hindi, topics=['devotional-songs', 'guru-devotion', 'spiritual-sounds', 'brahma-realization'])
2026-07-09 08:53:29,114 | INFO | enrich_content_tags | tagging Dagshai 2001/10 OCT - 2001/DAGSHAI 27 - 28 OCT 2001/27 OCT - 2$ - 6 PM/03 MAIN PYASA TERE DARSHAN KA.json (chars=16465, est_tokens=4116, strategy=single-pass)
2026-07-09 08:53:45,618 | ERROR | enrich_content_tags | Dagshai 2001/10 OCT - 2001/DAGSHAI 27 - 28 OCT 2001/27 OCT - 2$ - 6 PM/03 MAIN PYASA TERE DARSHAN KA.json: tagging failed (json decode failed: Unterminated string starting at: line 5 column 4806 (char 4936)) — dead-letter dead_letter/tag_failures/Dagshai_2001_10_OCT_-_2001_DAGSHAI_27_-_28_OCT_2001_27_OCT_-_2__-_6_PM_03_MAIN_PYASA_TERE_DARSHAN_KA.c56fc73e5b3b.txt
2026-07-09 08:53:45,619 | ERROR | enrich_content_tags | [894/9168] Dagshai 2001/10 OCT - 2001/DAGSHAI 27 - 28 OCT 2001/27 OCT - 2$ - 6 PM/03 MAIN PYASA TERE DARSHAN KA.json: json decode failed: Unterminated string starting at: line 5 column 4806 (char 4936)
2026-07-09 08:53:45,620 | INFO | enrich_content_tags | tagging Dagshai 2001/10 OCT - 2001/DAGSHAI 27 - 28 OCT 2001/27 OCT - 2$ - 6 PM/04 TU HAI MOHAN MERA.json (chars=11528, est_tokens=2882, strategy=single-pass)
2026-07-09 08:53:50,409 | INFO | enrich_content_tags | Dagshai 2001/10 OCT - 2001/DAGSHAI 27 - 28 OCT 2001/27 OCT - 2$ - 6 PM/04 TU HAI MOHAN MERA.json: tagged in 4.8s (event_type=bhajan, lang=hindi, topics=['bhajan', 'devotion', 'ego', 'surrender', 'sin'])
2026-07-09 08:53:50,411 | INFO | enrich_content_tags | tagging Dagshai 2001/10 OCT - 2001/DAGSHAI 27 - 28 OCT 2001/27 OCT - 2$ - 6 PM/05 TERE NOOR TO MAIN SADKE JAVA.json (chars=6180, est_tokens=1545, strategy=single-pass)
2026-07-09 08:54:05,177 | ERROR | enrich_content_tags | Dagshai 2001/10 OCT - 2001/DAGSHAI 27 - 28 OCT 2001/27 OCT - 2$ - 6 PM/05 TERE NOOR TO MAIN SADKE JAVA.json: tagging failed (json decode failed: Unterminated string starting at: line 231 column 5 (char 5655)) — dead-letter dead_letter/tag_failures/Dagshai_2001_10_OCT_-_2001_DAGSHAI_27_-_28_OCT_2001_27_OCT_-_2__-_6_PM_05_TERE_NOOR_TO_MAIN_SADKE_JA.0d0e4fd414b5.txt
2026-07-09 08:54:05,178 | ERROR | enrich_content_tags | [896/9168] Dagshai 2001/10 OCT - 2001/DAGSHAI 27 - 28 OCT 2001/27 OCT - 2$ - 6 PM/05 TERE NOOR TO MAIN SADKE JAVA.json: json decode failed: Unterminated string starting at: line 231 column 5 (char 5655)
2026-07-09 08:54:05,180 | INFO | enrich_content_tags | tagging Dagshai 2001/10 OCT - 2001/DAGSHAI 27 - 28 OCT 2001/27 OCT - 2$ - 6 PM/06 SAMBODHAN.json (chars=781, est_tokens=195, strategy=single-pass)
2026-07-09 08:54:07,767 | INFO | enrich_content_tags | Dagshai 2001/10 OCT - 2001/DAGSHAI 27 - 28 OCT 2001/27 OCT - 2$ - 6 PM/06 SAMBODHAN.json: tagged in 2.6s (event_type=discourse, lang=hindi, topics=['freedom', 'desire', 'self-mastery', 'spiritual-life', 'om'])
2026-07-09 08:54:07,768 | INFO | enrich_content_tags | tagging Dagshai 2001/10 OCT - 2001/DAGSHAI 27 - 28 OCT 2001/28 OCT - 3$ - 6 AM/01 MEDITATION.json (chars=3715, est_tokens=928, strategy=single-pass)
2026-07-09 08:54:11,486 | INFO | enrich_content_tags | Dagshai 2001/10 OCT - 2001/DAGSHAI 27 - 28 OCT 2001/28 OCT - 3$ - 6 AM/01 MEDITATION.json: tagged in 3.7s (event_type=meditation, lang=hindi, topics=['meditation-practice', 'inner-observation', 'chakra-energy', 'surrender-to-god', 'self-inquiry'])
2026-07-09 08:54:11,487 | INFO | enrich_content_tags | tagging Dagshai 2001/10 OCT - 2001/DAGSHAI 27 - 28 OCT 2001/28 OCT - 3$ - 6 AM/02 SOONGHTA KOI NAHI (INCOMPLETE).json (chars=4981, est_tokens=1245, strategy=single-pass)
2026-07-09 08:54:15,220 | INFO | enrich_content_tags | Dagshai 2001/10 OCT - 2001/DAGSHAI 27 - 28 OCT 2001/28 OCT - 3$ - 6 AM/02 SOONGHTA KOI NAHI (INCOMPLETE).json: tagged in 3.7s (event_type=bhajan, lang=hindi, topics=['self-inquiry', 'waking-up', 'ego-death', 'compassion', 'devotion'])
2026-07-09 08:54:15,221 | INFO | enrich_content_tags | tagging Dagshai 2001/10 OCT - 2001/DAGSHAI 27 - 28 OCT 2001/unknown/03 MEDITATION (IINCOMPLETE).json (chars=382, est_tokens=95, strategy=single-pass)
2026-07-09 08:54:18,110 | INFO | enrich_content_tags | Dagshai 2001/10 OCT - 2001/DAGSHAI 27 - 28 OCT 2001/unknown/03 MEDITATION (IINCOMPLETE).json: tagged in 2.9s (event_type=bhajan, lang=hindi, topics=['paradesh', 'self-inquiry', 'mind-control', 'inner-peace', 'transcendence'])
2026-07-09 08:54:18,111 | INFO | enrich_content_tags | tagging Dagshai 2001/10 OCT - 2001/DAGSHAI 27 - 28 OCT 2001/unknown/07 MEDITATION (INCOMPLETE).json (chars=421, est_tokens=105, strategy=single-pass)
2026-07-09 08:54:20,340 | INFO | enrich_content_tags | Dagshai 2001/10 OCT - 2001/DAGSHAI 27 - 28 OCT 2001/unknown/07 MEDITATION (INCOMPLETE).json: tagged in 2.2s (event_type=bhajan, lang=hindi, topics=['meditation', 'self-observation', 'awareness', 'spiritual-practice'])
2026-07-09 08:54:20,341 | INFO | enrich_content_tags | tagging Dagshai 2001/10 OCT - 2001/NAVRATRE DAGSHAI 17 - 22 OCT 2001/17 OCT - 1$ - 6 PM/01 MEDITATION.json (chars=3713, est_tokens=928, strategy=single-pass)
2026-07-09 08:54:24,521 | INFO | enrich_content_tags | Dagshai 2001/10 OCT - 2001/NAVRATRE DAGSHAI 17 - 22 OCT 2001/17 OCT - 1$ - 6 PM/01 MEDITATION.json: tagged in 4.2s (event_type=meditation, lang=hindi, topics=['meditation', 'self-inquiry', 'inner-light', 'navaratri', 'mind-control'])
2026-07-09 08:54:24,522 | INFO | enrich_content_tags | tagging Dagshai 2001/10 OCT - 2001/NAVRATRE DAGSHAI 17 - 22 OCT 2001/17 OCT - 1$ - 6 PM/02 SHLOK.json (chars=665, est_tokens=166, strategy=single-pass)
2026-07-09 08:54:27,428 | INFO | enrich_content_tags | Dagshai 2001/10 OCT - 2001/NAVRATRE DAGSHAI 17 - 22 OCT 2001/17 OCT - 1$ - 6 PM/02 SHLOK.json: tagged in 2.9s (event_type=bhajan, lang=hindi, topics=['divine-attributes', 'non-duality', 'bhakti', 'spiritual-identity'])
2026-07-09 08:54:27,430 | INFO | enrich_content_tags | tagging Dagshai 2001/10 OCT - 2001/NAVRATRE DAGSHAI 17 - 22 OCT 2001/17 OCT - 1$ - 6 PM/03 SATGURU TERE CHARNO KI.json (chars=39057, est_tokens=9764, strategy=single-pass)
2026-07-09 08:54:37,663 | INFO | enrich_content_tags | Dagshai 2001/10 OCT - 2001/NAVRATRE DAGSHAI 17 - 22 OCT 2001/17 OCT - 1$ - 6 PM/03 SATGURU TERE CHARNO KI.json: tagged in 10.2s (event_type=bhajan, lang=hindi, topics=['bhajan', 'self-knowledge', 'devotion', 'family-dharma', 'inner-wisdom'])
2026-07-09 08:54:37,664 | INFO | enrich_content_tags | tagging Dagshai 2001/10 OCT - 2001/NAVRATRE DAGSHAI 17 - 22 OCT 2001/17 OCT - 1$ - 6 PM/04 OM GURUVE NAMAH (INCOMPLETE).json (chars=451, est_tokens=112, strategy=single-pass)
2026-07-09 08:54:40,803 | INFO | enrich_content_tags | Dagshai 2001/10 OCT - 2001/NAVRATRE DAGSHAI 17 - 22 OCT 2001/17 OCT - 1$ - 6 PM/04 OM GURUVE NAMAH (INCOMPLETE).json: tagged in 3.1s (event_type=bhajan, lang=hindi, topics=['bhajan', 'guru-devotion', 'navratri'])
2026-07-09 08:54:40,805 | INFO | enrich_content_tags | tagging Dagshai 2001/10 OCT - 2001/NAVRATRE DAGSHAI 17 - 22 OCT 2001/18 OCT - 2$ - 8 AM/01 MEDITATION.json (chars=1484, est_tokens=371, strategy=single-pass)
2026-07-09 08:54:43,623 | INFO | enrich_content_tags | Dagshai 2001/10 OCT - 2001/NAVRATRE DAGSHAI 17 - 22 OCT 2001/18 OCT - 2$ - 8 AM/01 MEDITATION.json: tagged in 2.8s (event_type=meditation, lang=hindi, topics=['inner-seeing', 'third-eye', 'awareness', 'darkness', 'self-realization'])
2026-07-09 08:54:43,624 | INFO | enrich_content_tags | tagging Dagshai 2001/10 OCT - 2001/NAVRATRE DAGSHAI 17 - 22 OCT 2001/18 OCT - 2$ - 8 AM/02 OM GURUVE NAMAH.json (chars=652, est_tokens=163, strategy=single-pass)
2026-07-09 08:54:45,946 | INFO | enrich_content_tags | Dagshai 2001/10 OCT - 2001/NAVRATRE DAGSHAI 17 - 22 OCT 2001/18 OCT - 2$ - 8 AM/02 OM GURUVE NAMAH.json: tagged in 2.3s (event_type=bhajan, lang=sanskrit, topics=['devotion', 'guru-bhakti', 'chanting', 'namaskara'])
2026-07-09 08:54:45,948 | INFO | enrich_content_tags | tagging Dagshai 2001/10 OCT - 2001/NAVRATRE DAGSHAI 17 - 22 OCT 2001/18 OCT - 2$ - 8 AM/03 TERI SOORAT JO MANN.json (chars=15079, est_tokens=3769, strategy=single-pass)
2026-07-09 08:55:02,174 | ERROR | enrich_content_tags | Dagshai 2001/10 OCT - 2001/NAVRATRE DAGSHAI 17 - 22 OCT 2001/18 OCT - 2$ - 8 AM/03 TERI SOORAT JO MANN.json: tagging failed (json decode failed: Expecting value: line 232 column 20 (char 4565)) — dead-letter dead_letter/tag_failures/Dagshai_2001_10_OCT_-_2001_NAVRATRE_DAGSHAI_17_-_22_OCT_2001_18_OCT_-_2__-_8_AM_03_TERI_SOORAT_JO_MA.c0bd6aecf48d.txt
2026-07-09 08:55:02,175 | ERROR | enrich_content_tags | [908/9168] Dagshai 2001/10 OCT - 2001/NAVRATRE DAGSHAI 17 - 22 OCT 2001/18 OCT - 2$ - 8 AM/03 TERI SOORAT JO MANN.json: json decode failed: Expecting value: line 232 column 20 (char 4565)
2026-07-09 08:55:02,176 | INFO | enrich_content_tags | tagging Dagshai 2001/10 OCT - 2001/NAVRATRE DAGSHAI 17 - 22 OCT 2001/18 OCT - 2$ - 8 AM/04 SAMBODHAN.json (chars=525, est_tokens=131, strategy=single-pass)
2026-07-09 08:55:05,010 | INFO | enrich_content_tags | Dagshai 2001/10 OCT - 2001/NAVRATRE DAGSHAI 17 - 22 OCT 2001/18 OCT - 2$ - 8 AM/04 SAMBODHAN.json: tagged in 2.8s (event_type=discourse, lang=hindi, topics=['inner-peace', 'meditation', 'spiritual-protection', 'navaratri', 'self-awareness'])
2026-07-09 08:55:05,011 | INFO | enrich_content_tags | tagging Dagshai 2001/10 OCT - 2001/NAVRATRE DAGSHAI 17 - 22 OCT 2001/18 OCT - 3$ - 12 PM/02 MEDITATION.json (chars=349, est_tokens=87, strategy=single-pass)
2026-07-09 08:55:07,474 | INFO | enrich_content_tags | Dagshai 2001/10 OCT - 2001/NAVRATRE DAGSHAI 17 - 22 OCT 2001/18 OCT - 3$ - 12 PM/02 MEDITATION.json: tagged in 2.4s (event_type=meditation, lang=hindi, topics=['meditation', 'devotion', 'spiritual-practice'])
2026-07-09 08:55:07,476 | INFO | enrich_content_tags | tagging Dagshai 2001/10 OCT - 2001/NAVRATRE DAGSHAI 17 - 22 OCT 2001/18 OCT - 3$ - 12 PM/03 JAB APNE HI DIL MEIN.json (chars=36778, est_tokens=9194, strategy=single-pass)
2026-07-09 08:55:17,258 | INFO | enrich_content_tags | Dagshai 2001/10 OCT - 2001/NAVRATRE DAGSHAI 17 - 22 OCT 2001/18 OCT - 3$ - 12 PM/03 JAB APNE HI DIL MEIN.json: tagged in 9.8s (event_type=bhajan, lang=hindi, topics=['bhakti', 'self-inquiry', 'guru-disciple', 'devotion', 'transcendence'])
2026-07-09 08:55:17,259 | INFO | enrich_content_tags | tagging Dagshai 2001/10 OCT - 2001/NAVRATRE DAGSHAI 17 - 22 OCT 2001/18 OCT - 3$ - 12 PM/04 SAMBODHAN.json (chars=572, est_tokens=143, strategy=single-pass)
2026-07-09 08:55:19,835 | INFO | enrich_content_tags | Dagshai 2001/10 OCT - 2001/NAVRATRE DAGSHAI 17 - 22 OCT 2001/18 OCT - 3$ - 12 PM/04 SAMBODHAN.json: tagged in 2.6s (event_type=qa, lang=hindi, topics=['spiritual-experiences', 'problem-solving', 'divine-will', 'chanting'])
2026-07-09 08:55:19,836 | INFO | enrich_content_tags | tagging Dagshai 2001/10 OCT - 2001/NAVRATRE DAGSHAI 17 - 22 OCT 2001/18 OCT - 4$ - 6 PM/01 MEDITATION.json (chars=3624, est_tokens=906, strategy=single-pass)
2026-07-09 08:55:23,854 | INFO | enrich_content_tags | Dagshai 2001/10 OCT - 2001/NAVRATRE DAGSHAI 17 - 22 OCT 2001/18 OCT - 4$ - 6 PM/01 MEDITATION.json: tagged in 4.0s (event_type=meditation, lang=hindi, topics=['meditation', 'self-awareness', 'navaratri', 'inner-light', 'mind-control'])
2026-07-09 08:55:23,855 | INFO | enrich_content_tags | tagging Dagshai 2001/10 OCT - 2001/NAVRATRE DAGSHAI 17 - 22 OCT 2001/18 OCT - 4$ - 6 PM/02 OM GURUVE NAMAH.json (chars=632, est_tokens=158, strategy=single-pass)
2026-07-09 08:55:27,007 | INFO | enrich_content_tags | Dagshai 2001/10 OCT - 2001/NAVRATRE DAGSHAI 17 - 22 OCT 2001/18 OCT - 4$ - 6 PM/02 OM GURUVE NAMAH.json: tagged in 3.1s (event_type=bhajan, lang=sanskrit, topics=['devotion', 'chanting', 'guru-bhakti', 'navratri', 'spiritual-practice'])
2026-07-09 08:55:27,008 | INFO | enrich_content_tags | tagging Dagshai 2001/10 OCT - 2001/NAVRATRE DAGSHAI 17 - 22 OCT 2001/18 OCT - 4$ - 6 PM/03 HEY MERE MURSHID MERI.json (chars=10518, est_tokens=2629, strategy=single-pass)
2026-07-09 08:55:31,175 | INFO | enrich_content_tags | Dagshai 2001/10 OCT - 2001/NAVRATRE DAGSHAI 17 - 22 OCT 2001/18 OCT - 4$ - 6 PM/03 HEY MERE MURSHID MERI.json: tagged in 4.2s (event_type=bhajan, lang=hindi, topics=['bhakti', 'devotion', 'divine-love', 'self-surrender', 'spiritual-longing'])
2026-07-09 08:55:31,176 | INFO | enrich_content_tags | tagging Dagshai 2001/10 OCT - 2001/NAVRATRE DAGSHAI 17 - 22 OCT 2001/18 OCT - 4$ - 6 PM/04 VAHEGURU VAHEGURU.json (chars=1590, est_tokens=397, strategy=single-pass)
2026-07-09 08:55:34,510 | INFO | enrich_content_tags | Dagshai 2001/10 OCT - 2001/NAVRATRE DAGSHAI 17 - 22 OCT 2001/18 OCT - 4$ - 6 PM/04 VAHEGURU VAHEGURU.json: tagged in 3.3s (event_type=bhajan, lang=hindi, topics=['bhajan', 'devotion', 'spiritual-songs', 'night-worship', 'divine-light'])
2026-07-09 08:55:34,511 | INFO | enrich_content_tags | tagging Dagshai 2001/10 OCT - 2001/NAVRATRE DAGSHAI 17 - 22 OCT 2001/18 OCT - 4$ - 6 PM/05 SAMBODHAN - RISHI JI.json (chars=315, est_tokens=78, strategy=single-pass)
2026-07-09 08:55:37,204 | INFO | enrich_content_tags | Dagshai 2001/10 OCT - 2001/NAVRATRE DAGSHAI 17 - 22 OCT 2001/18 OCT - 4$ - 6 PM/05 SAMBODHAN - RISHI JI.json: tagged in 2.7s (event_type=bhajan, lang=hindi, topics=['bhajan', 'devotion', 'spiritual-music'])
2026-07-09 08:55:37,205 | INFO | enrich_content_tags | tagging Dagshai 2001/10 OCT - 2001/NAVRATRE DAGSHAI 17 - 22 OCT 2001/19 OCT - 5$ - 6 PM/01 MEDITATION.json (chars=11285, est_tokens=2821, strategy=single-pass)
2026-07-09 08:55:42,458 | INFO | enrich_content_tags | Dagshai 2001/10 OCT - 2001/NAVRATRE DAGSHAI 17 - 22 OCT 2001/19 OCT - 5$ - 6 PM/01 MEDITATION.json: tagged in 5.3s (event_type=meditation, lang=hindi, topics=['meditation', 'self-inquiry', 'awareness', 'non-attachment', 'bhakti'])
2026-07-09 08:55:42,460 | INFO | enrich_content_tags | tagging Dagshai 2001/10 OCT - 2001/NAVRATRE DAGSHAI 17 - 22 OCT 2001/19 OCT - 5$ - 6 PM/02 OM GURUVE NAMAH.json (chars=17252, est_tokens=4313, strategy=single-pass)
2026-07-09 08:55:52,677 | INFO | enrich_content_tags | Dagshai 2001/10 OCT - 2001/NAVRATRE DAGSHAI 17 - 22 OCT 2001/19 OCT - 5$ - 6 PM/02 OM GURUVE NAMAH.json: tagged in 10.2s (event_type=discourse, lang=hindi, topics=['guru-disciple', 'self-realization', 'inner-journey', 'compassion', 'devotion'])
2026-07-09 08:55:52,678 | INFO | enrich_content_tags | tagging Dagshai 2001/10 OCT - 2001/NAVRATRE DAGSHAI 17 - 22 OCT 2001/19 OCT - 5$ - 6 PM/03 PRAVACHAN.json (chars=1828, est_tokens=457, strategy=single-pass)
2026-07-09 08:55:55,662 | INFO | enrich_content_tags | Dagshai 2001/10 OCT - 2001/NAVRATRE DAGSHAI 17 - 22 OCT 2001/19 OCT - 5$ - 6 PM/03 PRAVACHAN.json: tagged in 3.0s (event_type=discourse, lang=hindi, topics=['inner-journey', 'meditation', 'ego-transcendence', 'spiritual-trip', 'divine-love'])
2026-07-09 08:55:55,663 | INFO | enrich_content_tags | tagging Dagshai 2001/10 OCT - 2001/NAVRATRE DAGSHAI 17 - 22 OCT 2001/19 OCT - 5$ - 6 PM/04 GURUDEV MERE GURUDEV MERE.json (chars=21924, est_tokens=5481, strategy=single-pass)
2026-07-09 08:56:03,446 | INFO | enrich_content_tags | Dagshai 2001/10 OCT - 2001/NAVRATRE DAGSHAI 17 - 22 OCT 2001/19 OCT - 5$ - 6 PM/04 GURUDEV MERE GURUDEV MERE.json: tagged in 7.8s (event_type=bhajan, lang=hindi, topics=['bhakti', 'guru-shishya', 'self-surrender', 'divine-love', 'spiritual-journey'])
2026-07-09 08:56:03,447 | INFO | enrich_content_tags | tagging Dagshai 2001/10 OCT - 2001/NAVRATRE DAGSHAI 17 - 22 OCT 2001/19 OCT - 5$ - 6 PM/05 OM GURUVE NAMAH.json (chars=397, est_tokens=99, strategy=single-pass)
2026-07-09 08:56:06,258 | INFO | enrich_content_tags | Dagshai 2001/10 OCT - 2001/NAVRATRE DAGSHAI 17 - 22 OCT 2001/19 OCT - 5$ - 6 PM/05 OM GURUVE NAMAH.json: tagged in 2.8s (event_type=bhajan, lang=hindi, topics=['devotion', 'guru-bhakti', 'spiritual-sound'])
2026-07-09 08:56:06,259 | INFO | enrich_content_tags | tagging Dagshai 2001/10 OCT - 2001/NAVRATRE DAGSHAI 17 - 22 OCT 2001/19 OCT - 5$ - 6 PM/06 TERE NOOR TO.json (chars=3114, est_tokens=778, strategy=single-pass)
2026-07-09 08:56:09,619 | INFO | enrich_content_tags | Dagshai 2001/10 OCT - 2001/NAVRATRE DAGSHAI 17 - 22 OCT 2001/19 OCT - 5$ - 6 PM/06 TERE NOOR TO.json: tagged in 3.3s (event_type=bhajan, lang=hindi, topics=['bhakti', 'devotion', 'divine-light', 'separation', 'spiritual-longing'])
2026-07-09 08:56:09,620 | INFO | enrich_content_tags | tagging Dagshai 2001/10 OCT - 2001/NAVRATRE DAGSHAI 17 - 22 OCT 2001/19 OCT - 5$ - 6 PM/07 SAMBODHAN.json (chars=2444, est_tokens=611, strategy=single-pass)
2026-07-09 08:56:13,453 | INFO | enrich_content_tags | Dagshai 2001/10 OCT - 2001/NAVRATRE DAGSHAI 17 - 22 OCT 2001/19 OCT - 5$ - 6 PM/07 SAMBODHAN.json: tagged in 4.2s (event_type=discourse, lang=hindi, topics=['self-transformation', 'devotion', 'death-transcendence', 'guru-disciple-bond', 'spiritual-identity'])
2026-07-09 08:56:13,454 | INFO | enrich_content_tags | tagging Dagshai 2001/10 OCT - 2001/NAVRATRE DAGSHAI 17 - 22 OCT 2001/20 OCT - 6$ - 8 AM/01 MEDITATION.json (chars=3398, est_tokens=849, strategy=single-pass)
2026-07-09 08:56:17,554 | INFO | enrich_content_tags | Dagshai 2001/10 OCT - 2001/NAVRATRE DAGSHAI 17 - 22 OCT 2001/20 OCT - 6$ - 8 AM/01 MEDITATION.json: tagged in 4.1s (event_type=meditation, lang=hindi, topics=['self-inquiry', 'mind-control', 'inner-witness', 'kundalini-shakti', 'moksha'])
2026-07-09 08:56:17,555 | INFO | enrich_content_tags | tagging Dagshai 2001/10 OCT - 2001/NAVRATRE DAGSHAI 17 - 22 OCT 2001/20 OCT - 6$ - 8 AM/02 OM GURUVE NAMAH.json (chars=10872, est_tokens=2718, strategy=single-pass)
2026-07-09 08:56:22,643 | INFO | enrich_content_tags | Dagshai 2001/10 OCT - 2001/NAVRATRE DAGSHAI 17 - 22 OCT 2001/20 OCT - 6$ - 8 AM/02 OM GURUVE NAMAH.json: tagged in 5.1s (event_type=bhajan, lang=hindi, topics=['bhajan', 'self-inquiry', 'compassion', 'ego-transformation', 'india-life'])
2026-07-09 08:56:22,645 | INFO | enrich_content_tags | tagging Dagshai 2001/10 OCT - 2001/NAVRATRE DAGSHAI 17 - 22 OCT 2001/20 OCT - 6$ - 8 AM/03 PRAVACHAN.json (chars=1876, est_tokens=469, strategy=single-pass)
2026-07-09 08:56:25,767 | INFO | enrich_content_tags | Dagshai 2001/10 OCT - 2001/NAVRATRE DAGSHAI 17 - 22 OCT 2001/20 OCT - 6$ - 8 AM/03 PRAVACHAN.json: tagged in 3.1s (event_type=discourse, lang=hindi, topics=['upeksha', 'ahankar', 'prema', 'man-maya', 'hridaya-mandir'])
2026-07-09 08:56:25,769 | INFO | enrich_content_tags | tagging Dagshai 2001/10 OCT - 2001/NAVRATRE DAGSHAI 17 - 22 OCT 2001/20 OCT - 7$ - 6 PM/01 MEDITATION.json (chars=1923, est_tokens=480, strategy=single-pass)
2026-07-09 08:56:29,379 | INFO | enrich_content_tags | Dagshai 2001/10 OCT - 2001/NAVRATRE DAGSHAI 17 - 22 OCT 2001/20 OCT - 7$ - 6 PM/01 MEDITATION.json: tagged in 3.6s (event_type=meditation, lang=hindi, topics=['meditation', 'self-awareness', 'witness-state', 'spiritual-practice', 'nature-connection'])
2026-07-09 08:56:29,380 | INFO | enrich_content_tags | tagging Dagshai 2001/10 OCT - 2001/NAVRATRE DAGSHAI 17 - 22 OCT 2001/20 OCT - 7$ - 6 PM/02 OM GURUVE NAMAH.json (chars=658, est_tokens=164, strategy=single-pass)
2026-07-09 08:56:32,071 | INFO | enrich_content_tags | Dagshai 2001/10 OCT - 2001/NAVRATRE DAGSHAI 17 - 22 OCT 2001/20 OCT - 7$ - 6 PM/02 OM GURUVE NAMAH.json: tagged in 2.7s (event_type=bhajan, lang=sanskrit, topics=['guru-devotion', 'chanting', 'navratri', 'spiritual-practice'])
2026-07-09 08:56:32,072 | INFO | enrich_content_tags | tagging Dagshai 2001/10 OCT - 2001/NAVRATRE DAGSHAI 17 - 22 OCT 2001/20 OCT - 7$ - 6 PM/03 SANS LENA BHI SAZA.json (chars=14774, est_tokens=3693, strategy=single-pass)
2026-07-09 08:56:38,250 | INFO | enrich_content_tags | Dagshai 2001/10 OCT - 2001/NAVRATRE DAGSHAI 17 - 22 OCT 2001/20 OCT - 7$ - 6 PM/03 SANS LENA BHI SAZA.json: tagged in 6.2s (event_type=bhajan, lang=hindi, topics=['bhakti', 'self-inquiry', 'devotion', 'surrender', 'spiritual-life'])
2026-07-09 08:56:38,251 | INFO | enrich_content_tags | tagging Dagshai 2001/10 OCT - 2001/NAVRATRE DAGSHAI 17 - 22 OCT 2001/20 OCT - 7$ - 6 PM/04 ISHQ KA RUTBA.json (chars=3891, est_tokens=972, strategy=single-pass)
2026-07-09 08:56:42,070 | INFO | enrich_content_tags | Dagshai 2001/10 OCT - 2001/NAVRATRE DAGSHAI 17 - 22 OCT 2001/20 OCT - 7$ - 6 PM/04 ISHQ KA RUTBA.json: tagged in 3.8s (event_type=bhajan, lang=hindi, topics=['bhakti', 'ishq', 'devotion', 'spiritual-transformation', 'suffering'])
2026-07-09 08:56:42,071 | INFO | enrich_content_tags | tagging Dagshai 2001/10 OCT - 2001/NAVRATRE DAGSHAI 17 - 22 OCT 2001/20 OCT - 7$ - 6 PM/05 PRAVACHAN.json (chars=4485, est_tokens=1121, strategy=single-pass)
2026-07-09 08:56:46,740 | INFO | enrich_content_tags | Dagshai 2001/10 OCT - 2001/NAVRATRE DAGSHAI 17 - 22 OCT 2001/20 OCT - 7$ - 6 PM/05 PRAVACHAN.json: tagged in 4.7s (event_type=discourse, lang=hindi, topics=['vasana-prem', 'self-knowledge', 'inner-wealth', 'spiritual-liberation', 'ego-transformation'])
2026-07-09 08:56:46,742 | INFO | enrich_content_tags | tagging Dagshai 2001/10 OCT - 2001/NAVRATRE DAGSHAI 17 - 22 OCT 2001/21 OCT - 8$ - 6 PM/01 MEDITATION.json (chars=6993, est_tokens=1748, strategy=single-pass)
2026-07-09 08:56:50,866 | INFO | enrich_content_tags | Dagshai 2001/10 OCT - 2001/NAVRATRE DAGSHAI 17 - 22 OCT 2001/21 OCT - 8$ - 6 PM/01 MEDITATION.json: tagged in 4.1s (event_type=meditation, lang=hindi, topics=['self-inquiry', 'mindfulness', 'devotion', 'inner-peace', 'spiritual-journey'])
2026-07-09 08:56:50,867 | INFO | enrich_content_tags | tagging Dagshai 2001/10 OCT - 2001/NAVRATRE DAGSHAI 17 - 22 OCT 2001/21 OCT - 8$ - 6 PM/02 MADHAV MAYA PRABAL TIHARI.json (chars=28327, est_tokens=7081, strategy=single-pass)
2026-07-09 08:56:59,057 | INFO | enrich_content_tags | Dagshai 2001/10 OCT - 2001/NAVRATRE DAGSHAI 17 - 22 OCT 2001/21 OCT - 8$ - 6 PM/02 MADHAV MAYA PRABAL TIHARI.json: tagged in 8.2s (event_type=bhajan, lang=hindi, topics=['navaratri', 'navadwar', 'antar-mukh', 'self-inquiry', 'meditation'])
2026-07-09 08:56:59,058 | INFO | enrich_content_tags | tagging Dagshai 2001/10 OCT - 2001/NAVRATRE DAGSHAI 17 - 22 OCT 2001/21 OCT - 8$ - 6 PM/03 PRAVACHAN.json (chars=709, est_tokens=177, strategy=single-pass)
2026-07-09 08:57:02,886 | INFO | enrich_content_tags | Dagshai 2001/10 OCT - 2001/NAVRATRE DAGSHAI 17 - 22 OCT 2001/21 OCT - 8$ - 6 PM/03 PRAVACHAN.json: tagged in 3.8s (event_type=discourse, lang=hindi, topics=['inner-peace', 'sensory-detachment', 'navratri', 'self-purification', 'meditation'])
2026-07-09 08:57:02,887 | INFO | enrich_content_tags | tagging Dagshai 2001/10 OCT - 2001/NAVRATRE DAGSHAI 17 - 22 OCT 2001/21 OCT - 8$ - 6 PM/04 KARLE DIL DI.json (chars=905, est_tokens=226, strategy=single-pass)
2026-07-09 08:57:05,869 | INFO | enrich_content_tags | Dagshai 2001/10 OCT - 2001/NAVRATRE DAGSHAI 17 - 22 OCT 2001/21 OCT - 8$ - 6 PM/04 KARLE DIL DI.json: tagged in 3.0s (event_type=bhajan, lang=hindi, topics=['bhajan', 'devotion', 'purification', 'navratri'])
2026-07-09 08:57:05,869 | INFO | enrich_content_tags | tagging Dagshai 2001/10 OCT - 2001/NAVRATRE DAGSHAI 17 - 22 OCT 2001/21 OCT - 8$ - 6 PM/05 SAMBODHAN.json (chars=561, est_tokens=140, strategy=single-pass)
2026-07-09 08:57:09,106 | INFO | enrich_content_tags | Dagshai 2001/10 OCT - 2001/NAVRATRE DAGSHAI 17 - 22 OCT 2001/21 OCT - 8$ - 6 PM/05 SAMBODHAN.json: tagged in 3.2s (event_type=satsang, lang=hindi, topics=['navaratri', 'meditation', 'spiritual-practice', 'inner-focus', 'chanting'])
2026-07-09 08:57:09,107 | INFO | enrich_content_tags | tagging Dagshai 2001/10 OCT - 2001/NAVRATRE DAGSHAI 17 - 22 OCT 2001/22 OCT - 9$ - 6 AM/01 MEDITATION.json (chars=2393, est_tokens=598, strategy=single-pass)
2026-07-09 08:57:12,330 | INFO | enrich_content_tags | Dagshai 2001/10 OCT - 2001/NAVRATRE DAGSHAI 17 - 22 OCT 2001/22 OCT - 9$ - 6 AM/01 MEDITATION.json: tagged in 3.3s (event_type=meditation, lang=hindi, topics=['meditation', 'self-awareness', 'mindfulness', 'spiritual-practice', 'inner-peace'])
2026-07-09 08:57:12,332 | INFO | enrich_content_tags | tagging Dagshai 2001/10 OCT - 2001/NAVRATRE DAGSHAI 17 - 22 OCT 2001/22 OCT - 9$ - 6 AM/02 KAISE SAKOON PAWOO.json (chars=11762, est_tokens=2940, strategy=single-pass)
2026-07-09 08:57:18,535 | INFO | enrich_content_tags | Dagshai 2001/10 OCT - 2001/NAVRATRE DAGSHAI 17 - 22 OCT 2001/22 OCT - 9$ - 6 AM/02 KAISE SAKOON PAWOO.json: tagged in 6.2s (event_type=bhajan, lang=hindi, topics=['bhajan', 'unity', 'devotion', 'discrimination', 'spiritual-realization'])
2026-07-09 08:57:18,536 | INFO | enrich_content_tags | tagging Dagshai 2001/10 OCT - 2001/NAVRATRE DAGSHAI 17 - 22 OCT 2001/22 OCT - 9$ - 6 AM/03 MAYA KA GULAM BANDA.json (chars=14075, est_tokens=3518, strategy=single-pass)
2026-07-09 08:57:23,760 | INFO | enrich_content_tags | Dagshai 2001/10 OCT - 2001/NAVRATRE DAGSHAI 17 - 22 OCT 2001/22 OCT - 9$ - 6 AM/03 MAYA KA GULAM BANDA.json: tagged in 5.2s (event_type=bhajan, lang=hindi, topics=['maya', 'self-inquiry', 'detachment', 'bhajan', 'devotion'])
2026-07-09 08:57:23,761 | INFO | enrich_content_tags | tagging Dagshai 2001/10 OCT - 2001/NAVRATRE DAGSHAI 17 - 22 OCT 2001/22 OCT - 9$ - 6 AM/04 OM GURUVE NAMAH.json (chars=2731, est_tokens=682, strategy=single-pass)
2026-07-09 08:58:18,422 | INFO | enrich_content_tags | Dagshai 2001/10 OCT - 2001/NAVRATRE DAGSHAI 17 - 22 OCT 2001/22 OCT - 9$ - 6 AM/04 OM GURUVE NAMAH.json: tagged in 3.0s (event_type=bhajan, lang=hindi, topics=['mind-control', 'self-awareness', 'detachment', 'gratitude', 'spiritual-awakening'])
2026-07-09 08:58:18,423 | INFO | enrich_content_tags | tagging Dagshai 2001/10 OCT - 2001/NAVRATRE DAGSHAI 17 - 22 OCT 2001/unknown/05 MADHAV MAYA (INCOMPLETE).json (chars=547, est_tokens=136, strategy=single-pass)
2026-07-09 08:57:29,347 | INFO | enrich_content_tags | Dagshai 2001/10 OCT - 2001/NAVRATRE DAGSHAI 17 - 22 OCT 2001/unknown/05 MADHAV MAYA (INCOMPLETE).json: tagged in 2.6s (event_type=bhajan, lang=hindi, topics=['navratna', 'nava-dwar', 'maya', 'spiritual-opportunities', 'life-welfare'])
2026-07-09 08:57:29,348 | INFO | enrich_content_tags | tagging Dagshai 2001/10 OCT - 2001/NAVRATRE DAGSHAI 17 - 22 OCT 2001/unknown/05 MEDITATION (INCOMPLETE).json (chars=718, est_tokens=179, strategy=single-pass)
2026-07-09 08:57:32,022 | INFO | enrich_content_tags | Dagshai 2001/10 OCT - 2001/NAVRATRE DAGSHAI 17 - 22 OCT 2001/unknown/05 MEDITATION (INCOMPLETE).json: tagged in 2.7s (event_type=meditation, lang=hindi, topics=['meditation', 'consciousness', 'inner-focus', 'spiritual-practice'])
2026-07-09 08:57:32,024 | INFO | enrich_content_tags | tagging Dagshai 2001/10 OCT - 2001/NAVRATRE DAGSHAI 17 - 22 OCT 2001/unknown/05 OM GURUVE NAMAH (INCOMPLETE).json (chars=540, est_tokens=135, strategy=single-pass)
2026-07-09 08:57:34,258 | INFO | enrich_content_tags | Dagshai 2001/10 OCT - 2001/NAVRATRE DAGSHAI 17 - 22 OCT 2001/unknown/05 OM GURUVE NAMAH (INCOMPLETE).json: tagged in 2.2s (event_type=bhajan, lang=sanskrit, topics=['bhajan', 'devotion', 'chanting', 'guru-bhakti'])
2026-07-09 08:57:34,260 | INFO | enrich_content_tags | tagging Dagshai 2001/10 OCT - 2001/NAVRATRE DAGSHAI 17 - 22 OCT 2001/unknown/06 MEDITATION (INCOMPLETE).json (chars=393, est_tokens=98, strategy=single-pass)
2026-07-09 08:58:28,473 | INFO | enrich_content_tags | Dagshai 2001/10 OCT - 2001/NAVRATRE DAGSHAI 17 - 22 OCT 2001/unknown/06 MEDITATION (INCOMPLETE).json: tagged in 2.6s (event_type=bhajan, lang=hindi, topics=['inner-seeing', 'spiritual-pressure', 'divine-presence', 'meditation'])
2026-07-09 08:58:28,474 | INFO | enrich_content_tags | tagging Dagshai 2001/10 OCT - 2001/NAVRATRE DAGSHAI 17 - 22 OCT 2001/unknown/06 SANS LENA BHI (INCOMPLETE).json (chars=340, est_tokens=85, strategy=single-pass)
2026-07-09 08:57:39,197 | INFO | enrich_content_tags | Dagshai 2001/10 OCT - 2001/NAVRATRE DAGSHAI 17 - 22 OCT 2001/unknown/06 SANS LENA BHI (INCOMPLETE).json: tagged in 2.4s (event_type=bhajan, lang=hindi, topics=['bhajan', 'spiritual-discouragement', 'devotion', 'spiritual-longing'])
2026-07-09 08:57:39,198 | INFO | enrich_content_tags | tagging Dagshai 2001/10 OCT - 2001/NAVRATRE DAGSHAI 17 - 22 OCT 2001/unknown/06 TERE NOOR TO (INCOMPLETE).json (chars=407, est_tokens=101, strategy=single-pass)
2026-07-09 08:57:41,287 | INFO | enrich_content_tags | Dagshai 2001/10 OCT - 2001/NAVRATRE DAGSHAI 17 - 22 OCT 2001/unknown/06 TERE NOOR TO (INCOMPLETE).json: tagged in 2.1s (event_type=bhajan, lang=hindi, topics=['bhajan', 'separation', 'devotion', 'spiritual-longing'])
2026-07-09 08:57:41,288 | INFO | enrich_content_tags | tagging Dagshai 2001/10 OCT - 2001/NAVRATRE DAGSHAI 17 - 22 OCT 2001/unknown/08 JAB APNE HI DIL (INCOMPLETE).json (chars=275, est_tokens=68, strategy=single-pass)
2026-07-09 08:57:43,944 | INFO | enrich_content_tags | Dagshai 2001/10 OCT - 2001/NAVRATRE DAGSHAI 17 - 22 OCT 2001/unknown/08 JAB APNE HI DIL (INCOMPLETE).json: tagged in 2.7s (event_type=bhajan, lang=hindi, topics=['bhajan', 'separation', 'devotion', 'healing'])
2026-07-09 08:57:43,945 | INFO | enrich_content_tags | tagging Dagshai 2001/10 OCT - 2001/NAVRATRE DAGSHAI 17 - 22 OCT 2001/unknown/09 MEDITATION (INCOMPLETE).json (chars=367, est_tokens=91, strategy=single-pass)
2026-07-09 08:57:46,652 | INFO | enrich_content_tags | Dagshai 2001/10 OCT - 2001/NAVRATRE DAGSHAI 17 - 22 OCT 2001/unknown/09 MEDITATION (INCOMPLETE).json: tagged in 2.7s (event_type=bhajan, lang=hindi, topics=['bhajan', 'divine-play', 'nature-of-reality', 'spiritual-joy'])
2026-07-09 08:57:46,653 | INFO | enrich_content_tags | tagging Dagshai 2001/10 OCT - 2001/No date (203) - OCT 2001/01 MEDITATION.json (chars=687, est_tokens=171, strategy=single-pass)
2026-07-09 08:57:49,076 | INFO | enrich_content_tags | Dagshai 2001/10 OCT - 2001/No date (203) - OCT 2001/01 MEDITATION.json: tagged in 2.4s (event_type=meditation, lang=hindi, topics=['meditation', 'self-awareness', 'divine-presence', 'mind-control', 'spiritual-practice'])
2026-07-09 08:57:49,077 | INFO | enrich_content_tags | tagging Dagshai 2001/10 OCT - 2001/No date (203) - OCT 2001/02 FAKIRON KI DUNIYA.json (chars=1886, est_tokens=471, strategy=single-pass)
2026-07-09 08:58:43,432 | INFO | enrich_content_tags | Dagshai 2001/10 OCT - 2001/No date (203) - OCT 2001/02 FAKIRON KI DUNIYA.json: tagged in 2.7s (event_type=bhajan, lang=hindi, topics=['bhakti', 'sufism', 'devotion', 'spiritual-ecstasy', 'surrender'])
2026-07-09 08:58:43,433 | INFO | enrich_content_tags | tagging Dagshai 2001/11 NOV - 2001/12 NOV - 6 PM/01 MEDITATION.json (chars=623, est_tokens=155, strategy=single-pass)
2026-07-09 08:57:54,350 | INFO | enrich_content_tags | Dagshai 2001/11 NOV - 2001/12 NOV - 6 PM/01 MEDITATION.json: tagged in 2.6s (event_type=meditation, lang=hindi, topics=['meditation', 'self-awareness', 'spiritual-practice', 'om-chanting', 'guru-devotion'])
2026-07-09 08:57:54,352 | INFO | enrich_content_tags | tagging Dagshai 2001/11 NOV - 2001/12 NOV - 6 PM/02 OM GURUVE NAMAH.json (chars=1733, est_tokens=433, strategy=single-pass)
2026-07-09 08:57:57,598 | INFO | enrich_content_tags | Dagshai 2001/11 NOV - 2001/12 NOV - 6 PM/02 OM GURUVE NAMAH.json: tagged in 3.2s (event_type=bhajan, lang=hindi, topics=['devotional-songs', 'guru-devotion', 'chanting', 'spiritual-practice'])
2026-07-09 08:57:57,599 | INFO | enrich_content_tags | tagging Dagshai 2001/11 NOV - 2001/12 NOV - 6 PM/03 SAMBODHAN.json (chars=617, est_tokens=154, strategy=single-pass)
2026-07-09 08:58:00,497 | INFO | enrich_content_tags | Dagshai 2001/11 NOV - 2001/12 NOV - 6 PM/03 SAMBODHAN.json: tagged in 2.9s (event_type=discourse, lang=hindi, topics=['health-tips', 'diwali-preparation', 'meditation-schedule', 'event-planning'])
2026-07-09 08:58:00,498 | INFO | enrich_content_tags | tagging Dagshai 2001/11 NOV - 2001/13 NOV - 6 PM/01 MEDITATION.json (chars=1032, est_tokens=258, strategy=single-pass)
2026-07-09 08:58:03,371 | INFO | enrich_content_tags | Dagshai 2001/11 NOV - 2001/13 NOV - 6 PM/01 MEDITATION.json: tagged in 2.9s (event_type=meditation, lang=hindi, topics=['meditation', 'self-awareness', 'inner-light', 'mind-control', 'spiritual-practice'])
2026-07-09 08:58:03,373 | INFO | enrich_content_tags | tagging Dagshai 2001/11 NOV - 2001/13 NOV - 6 PM/02 OM GURUVE NAMAH.json (chars=947, est_tokens=236, strategy=single-pass)
2026-07-09 08:58:05,434 | INFO | enrich_content_tags | Dagshai 2001/11 NOV - 2001/13 NOV - 6 PM/02 OM GURUVE NAMAH.json: tagged in 2.1s (event_type=bhajan, lang=sanskrit, topics=['guru-bhakti', 'chanting', 'devotion'])
2026-07-09 08:58:05,435 | INFO | enrich_content_tags | tagging Dagshai 2001/11 NOV - 2001/13 NOV - 6 PM/03 DEEDAR KE PYASE HAIN.json (chars=2433, est_tokens=608, strategy=single-pass)
2026-07-09 08:58:08,324 | INFO | enrich_content_tags | Dagshai 2001/11 NOV - 2001/13 NOV - 6 PM/03 DEEDAR KE PYASE HAIN.json: tagged in 2.9s (event_type=bhajan, lang=hindi, topics=['bhakti', 'devotion', 'surrender', 'love-of-god', 'spiritual-longing'])
2026-07-09 08:58:08,325 | INFO | enrich_content_tags | tagging Dagshai 2001/11 NOV - 2001/13 NOV - 6 PM/04 SAMBODHAN.json (chars=299, est_tokens=74, strategy=single-pass)
2026-07-09 08:58:10,967 | INFO | enrich_content_tags | Dagshai 2001/11 NOV - 2001/13 NOV - 6 PM/04 SAMBODHAN.json: tagged in 2.6s (event_type=satsang, lang=hindi, topics=['diwali', 'evening-prayer', 'gathering'])
2026-07-09 08:58:10,969 | INFO | enrich_content_tags | tagging Dagshai 2001/11 NOV - 2001/14 NOV - 530 PM (DEEPAWALI)/01 MEDITATION.json (chars=4882, est_tokens=1220, strategy=single-pass)
2026-07-09 08:58:14,655 | INFO | enrich_content_tags | Dagshai 2001/11 NOV - 2001/14 NOV - 530 PM (DEEPAWALI)/01 MEDITATION.json: tagged in 3.7s (event_type=meditation, lang=hindi, topics=['meditation', 'inner-freedom', 'self-awareness', 'divine-light', 'simplicity'])
2026-07-09 08:58:14,656 | INFO | enrich_content_tags | tagging Dagshai 2001/11 NOV - 2001/14 NOV - 530 PM (DEEPAWALI)/02 OM GURUVE NAMAH.json (chars=1361, est_tokens=340, strategy=single-pass)
2026-07-09 08:59:09,077 | INFO | enrich_content_tags | Dagshai 2001/11 NOV - 2001/14 NOV - 530 PM (DEEPAWALI)/02 OM GURUVE NAMAH.json: tagged in 2.8s (event_type=bhajan, lang=hindi, topics=['guru-bhakti', 'om-chanting', 'illumination', 'immortality', 'devotion'])
2026-07-09 08:59:09,078 | INFO | enrich_content_tags | tagging Dagshai 2001/11 NOV - 2001/14 NOV - 530 PM (DEEPAWALI)/03 SUNI MALKA MERI KOOK.json (chars=227, est_tokens=56, strategy=single-pass)
2026-07-09 08:58:19,388 | INFO | enrich_content_tags | Dagshai 2001/11 NOV - 2001/14 NOV - 530 PM (DEEPAWALI)/03 SUNI MALKA MERI KOOK.json: tagged in 1.9s (event_type=bhajan, lang=hindi, topics=['bhajan', 'devotion', 'spiritual-songs'])
2026-07-09 08:58:19,390 | INFO | enrich_content_tags | tagging Dagshai 2001/11 NOV - 2001/14 NOV - 530 PM (DEEPAWALI)/04 JO NA KABE MEIN.json (chars=27444, est_tokens=6861, strategy=single-pass)
2026-07-09 08:58:26,013 | INFO | enrich_content_tags | Dagshai 2001/11 NOV - 2001/14 NOV - 530 PM (DEEPAWALI)/04 JO NA KABE MEIN.json: tagged in 6.6s (event_type=bhajan, lang=hindi, topics=['bhajan', 'self-inquiry', 'devotion', 'service', 'inner-light'])
2026-07-09 08:58:26,014 | INFO | enrich_content_tags | tagging Dagshai 2001/11 NOV - 2001/14 NOV - 530 PM (DEEPAWALI)/05 TU MANE YA NA MANE.json (chars=5888, est_tokens=1472, strategy=single-pass)
2026-07-09 08:58:30,347 | INFO | enrich_content_tags | Dagshai 2001/11 NOV - 2001/14 NOV - 530 PM (DEEPAWALI)/05 TU MANE YA NA MANE.json: tagged in 4.3s (event_type=bhajan, lang=hindi, topics=['bhajan', 'devotion', 'self-inquiry', 'inner-light', 'surrender'])
2026-07-09 08:58:30,348 | INFO | enrich_content_tags | tagging Dagshai 2001/11 NOV - 2001/14 NOV - 530 PM (DEEPAWALI)/06 ISHQ KA RUTBA.json (chars=6716, est_tokens=1679, strategy=single-pass)
2026-07-09 08:58:33,628 | INFO | enrich_content_tags | Dagshai 2001/11 NOV - 2001/14 NOV - 530 PM (DEEPAWALI)/06 ISHQ KA RUTBA.json: tagged in 3.3s (event_type=bhajan, lang=hindi, topics=['divine-love', 'worldly-glory', 'surrender', 'spiritual-awakening', 'devotion'])
2026-07-09 08:58:33,629 | INFO | enrich_content_tags | tagging Dagshai 2001/11 NOV - 2001/14 NOV - 530 PM (DEEPAWALI)/07 SAMBODHAN.json (chars=1212, est_tokens=303, strategy=single-pass)
2026-07-09 08:58:36,327 | INFO | enrich_content_tags | Dagshai 2001/11 NOV - 2001/14 NOV - 530 PM (DEEPAWALI)/07 SAMBODHAN.json: tagged in 2.7s (event_type=discourse, lang=hindi, topics=['deepawali', 'life-purpose', 'service', 'spiritual-adventure', 'self-awareness'])
2026-07-09 08:58:36,328 | INFO | enrich_content_tags | tagging Dagshai 2001/11 NOV - 2001/14 NOV - 530 PM (DEEPAWALI)/08 SAMBODHAN - RISHI JI (INCOMPLETE).json (chars=296, est_tokens=74, strategy=single-pass)
2026-07-09 08:58:38,304 | INFO | enrich_content_tags | Dagshai 2001/11 NOV - 2001/14 NOV - 530 PM (DEEPAWALI)/08 SAMBODHAN - RISHI JI (INCOMPLETE).json: tagged in 2.0s (event_type=bhajan, lang=hindi, topics=['deepawali', 'bhajan', 'meditation', 'prem', 'spiritual-vibration'])
2026-07-09 08:58:38,305 | INFO | enrich_content_tags | tagging Dagshai 2001/11 NOV - 2001/14 NOV - 530 PM (DEEPAWALI)/MD RECORDING/02 MEDITATION.json (chars=5230, est_tokens=1307, strategy=single-pass)
2026-07-09 08:58:42,387 | INFO | enrich_content_tags | Dagshai 2001/11 NOV - 2001/14 NOV - 530 PM (DEEPAWALI)/MD RECORDING/02 MEDITATION.json: tagged in 4.1s (event_type=meditation, lang=hindi, topics=['meditation', 'inner-freedom', 'divine-light', 'self-inquiry', 'deepawali'])
2026-07-09 08:58:42,389 | INFO | enrich_content_tags | tagging Dagshai 2001/11 NOV - 2001/14 NOV - 530 PM (DEEPAWALI)/MD RECORDING/03 OM GURUVE NAMAH.json (chars=1198, est_tokens=299, strategy=single-pass)
2026-07-09 08:58:45,417 | INFO | enrich_content_tags | Dagshai 2001/11 NOV - 2001/14 NOV - 530 PM (DEEPAWALI)/MD RECORDING/03 OM GURUVE NAMAH.json: tagged in 3.0s (event_type=bhajan, lang=mixed, topics=['guru-bhakti', 'surrender', 'divine-light', 'meditation'])
2026-07-09 08:58:45,419 | INFO | enrich_content_tags | tagging Dagshai 2001/11 NOV - 2001/14 NOV - 530 PM (DEEPAWALI)/MD RECORDING/04 JO NA KABE MEIN HAI.json (chars=30311, est_tokens=7577, strategy=single-pass)
2026-07-09 08:59:04,592 | ERROR | enrich_content_tags | Dagshai 2001/11 NOV - 2001/14 NOV - 530 PM (DEEPAWALI)/MD RECORDING/04 JO NA KABE MEIN HAI.json: tagging failed (json decode failed: Unterminated string starting at: line 6 column 4611 (char 4933)) — dead-letter dead_letter/tag_failures/Dagshai_2001_11_NOV_-_2001_14_NOV_-_530_PM__DEEPAWALI__MD_RECORDING_04_JO_NA_KABE_MEIN_HAI.json.a40a022b3cfa.txt
2026-07-09 08:59:04,593 | ERROR | enrich_content_tags | [969/9168] Dagshai 2001/11 NOV - 2001/14 NOV - 530 PM (DEEPAWALI)/MD RECORDING/04 JO NA KABE MEIN HAI.json: json decode failed: Unterminated string starting at: line 6 column 4611 (char 4933)
2026-07-09 08:59:04,594 | INFO | enrich_content_tags | tagging Dagshai 2001/11 NOV - 2001/14 NOV - 530 PM (DEEPAWALI)/MD RECORDING/05 TU MANE YA NA MANE.json (chars=5389, est_tokens=1347, strategy=single-pass)
2026-07-09 08:59:08,755 | INFO | enrich_content_tags | Dagshai 2001/11 NOV - 2001/14 NOV - 530 PM (DEEPAWALI)/MD RECORDING/05 TU MANE YA NA MANE.json: tagged in 4.2s (event_type=bhajan, lang=hindi, topics=['bhakti', 'self-surrender', 'divine-love', 'suffering', 'spiritual-realization'])
2026-07-09 08:59:08,757 | INFO | enrich_content_tags | tagging Dagshai 2001/11 NOV - 2001/14 NOV - 530 PM (DEEPAWALI)/MD RECORDING/06 ISHQ KA RUTBA.json (chars=7389, est_tokens=1847, strategy=single-pass)
2026-07-09 08:59:12,728 | INFO | enrich_content_tags | Dagshai 2001/11 NOV - 2001/14 NOV - 530 PM (DEEPAWALI)/MD RECORDING/06 ISHQ KA RUTBA.json: tagged in 4.0s (event_type=bhajan, lang=hindi, topics=['divine-love', 'worldly-attraction', 'spiritual-revolt', 'bhakti', 'self-inquiry'])
2026-07-09 08:59:12,729 | INFO | enrich_content_tags | tagging Dagshai 2001/11 NOV - 2001/15 NOV - 530 AM/01 MEDITATION.json (chars=475, est_tokens=118, strategy=single-pass)
2026-07-09 08:59:15,055 | INFO | enrich_content_tags | Dagshai 2001/11 NOV - 2001/15 NOV - 530 AM/01 MEDITATION.json: tagged in 2.3s (event_type=meditation, lang=hindi, topics=['meditation', 'chanting', 'devotion', 'spiritual-practice'])
2026-07-09 08:59:15,056 | INFO | enrich_content_tags | tagging Dagshai 2001/11 NOV - 2001/15 NOV - 530 AM/02 OM GURUVE NAMAH.json (chars=1586, est_tokens=396, strategy=single-pass)
2026-07-09 09:00:09,193 | INFO | enrich_content_tags | Dagshai 2001/11 NOV - 2001/15 NOV - 530 AM/02 OM GURUVE NAMAH.json: tagged in 2.5s (event_type=bhajan, lang=hindi, topics=['bhakti', 'guru-devotion', 'chanting', 'spiritual-surrender'])
2026-07-09 08:59:17,571 | INFO | enrich_content_tags | tagging Dagshai 2001/11 NOV - 2001/15 NOV - 530 AM/03 TERA DARSH PANE KO.json (chars=1789, est_tokens=447, strategy=single-pass)
2026-07-09 08:59:20,175 | INFO | enrich_content_tags | Dagshai 2001/11 NOV - 2001/15 NOV - 530 AM/03 TERA DARSH PANE KO.json: tagged in 2.6s (event_type=bhajan, lang=hindi, topics=['divine-love', 'self-transcendence', 'duality', 'reality', 'devotion'])
2026-07-09 08:59:20,176 | INFO | enrich_content_tags | tagging Dagshai 2001/11 NOV - 2001/15 NOV - 530 AM/04 SAMBODHAN.json (chars=1431, est_tokens=357, strategy=single-pass)
2026-07-09 08:59:24,057 | INFO | enrich_content_tags | Dagshai 2001/11 NOV - 2001/15 NOV - 530 AM/04 SAMBODHAN.json: tagged in 3.9s (event_type=satsang, lang=hindi, topics=['diwali', 'spiritual-renunciation', 'meditation', 'divine-light', 'satsang'])
2026-07-09 08:59:24,058 | INFO | enrich_content_tags | tagging Dagshai 2001/11 NOV - 2001/15 NOV - 530 AM/MD RECORDING/01 MEDITATION.json (chars=917, est_tokens=229, strategy=single-pass)
2026-07-09 08:59:26,741 | INFO | enrich_content_tags | Dagshai 2001/11 NOV - 2001/15 NOV - 530 AM/MD RECORDING/01 MEDITATION.json: tagged in 2.7s (event_type=meditation, lang=hindi, topics=['meditation', 'inner-light', 'diwali', 'chanting', 'devotion'])
2026-07-09 08:59:26,742 | INFO | enrich_content_tags | tagging Dagshai 2001/11 NOV - 2001/15 NOV - 530 AM/MD RECORDING/02 OM GURUVE NAMAH.json (chars=1754, est_tokens=438, strategy=single-pass)
2026-07-09 08:59:29,109 | INFO | enrich_content_tags | Dagshai 2001/11 NOV - 2001/15 NOV - 530 AM/MD RECORDING/02 OM GURUVE NAMAH.json: tagged in 2.4s (event_type=bhajan, lang=hindi, topics=['bhakti', 'guru-bhakti', 'chanting', 'devotion'])
2026-07-09 08:59:29,110 | INFO | enrich_content_tags | tagging Dagshai 2001/11 NOV - 2001/15 NOV - 530 AM/MD RECORDING/03 TERA DARSH PANE KO.json (chars=2296, est_tokens=574, strategy=single-pass)
2026-07-09 08:59:31,730 | INFO | enrich_content_tags | Dagshai 2001/11 NOV - 2001/15 NOV - 530 AM/MD RECORDING/03 TERA DARSH PANE KO.json: tagged in 2.6s (event_type=bhajan, lang=hindi, topics=['bhakti', 'self-transcendence', 'divine-love', 'illusion', 'devotion'])
2026-07-09 08:59:31,731 | INFO | enrich_content_tags | tagging Dagshai 2001/11 NOV - 2001/15 NOV - 530 AM/MD RECORDING/04 SAMBODHAN.json (chars=1443, est_tokens=360, strategy=single-pass)
2026-07-09 08:59:36,238 | INFO | enrich_content_tags | Dagshai 2001/11 NOV - 2001/15 NOV - 530 AM/MD RECORDING/04 SAMBODHAN.json: tagged in 4.5s (event_type=satsang, lang=hindi, topics=['diwali', 'spiritual-renunciation', 'swami-ramteer', 'meditation', 'divine-light'])
2026-07-09 08:59:36,239 | INFO | enrich_content_tags | tagging Dagshai 2001/11 NOV - 2001/15 NOV - 6 PM/01 MEDITATION.json (chars=4844, est_tokens=1211, strategy=single-pass)
2026-07-09 08:59:39,510 | INFO | enrich_content_tags | Dagshai 2001/11 NOV - 2001/15 NOV - 6 PM/01 MEDITATION.json: tagged in 3.3s (event_type=meditation, lang=hindi, topics=['meditation', 'self-inquiry', 'inner-light', 'devotion', 'surrender'])
2026-07-09 08:59:39,511 | INFO | enrich_content_tags | tagging Dagshai 2001/11 NOV - 2001/15 NOV - 6 PM/02 OM GURUVE NAMAH.json (chars=12279, est_tokens=3069, strategy=single-pass)
2026-07-09 08:59:44,200 | INFO | enrich_content_tags | Dagshai 2001/11 NOV - 2001/15 NOV - 6 PM/02 OM GURUVE NAMAH.json: tagged in 4.7s (event_type=discourse, lang=hindi, topics=['bhakti', 'self-inquiry', 'inner-peace', 'dipavali', 'mind-control'])
2026-07-09 08:59:44,201 | INFO | enrich_content_tags | tagging Dagshai 2001/11 NOV - 2001/15 NOV - 6 PM/03 CHIRAG-E-ISHQ.json (chars=14941, est_tokens=3735, strategy=single-pass)
2026-07-09 08:59:49,043 | INFO | enrich_content_tags | Dagshai 2001/11 NOV - 2001/15 NOV - 6 PM/03 CHIRAG-E-ISHQ.json: tagged in 4.8s (event_type=bhajan, lang=hindi, topics=['bhakti', 'self-inquiry', 'social-critique', 'devotion', 'inner-longing'])
2026-07-09 08:59:49,044 | INFO | enrich_content_tags | tagging Dagshai 2001/11 NOV - 2001/15 NOV - 6 PM/04 ASSA ISHQ DA BUTTA.json (chars=2648, est_tokens=662, strategy=single-pass)
2026-07-09 08:59:52,370 | INFO | enrich_content_tags | Dagshai 2001/11 NOV - 2001/15 NOV - 6 PM/04 ASSA ISHQ DA BUTTA.json: tagged in 3.3s (event_type=bhajan, lang=hindi, topics=['bhajan', 'devotion', 'separation', 'self-inquiry', 'love'])
2026-07-09 08:59:52,371 | INFO | enrich_content_tags | tagging Dagshai 2001/11 NOV - 2001/15 NOV - 6 PM/05 SAMBODHAN.json (chars=817, est_tokens=204, strategy=single-pass)
2026-07-09 08:59:55,402 | INFO | enrich_content_tags | Dagshai 2001/11 NOV - 2001/15 NOV - 6 PM/05 SAMBODHAN.json: tagged in 3.0s (event_type=satsang, lang=hindi, topics=['virah', 'self-realization', 'sannyasa', 'devotion', 'spiritual-fulfillment'])
2026-07-09 08:59:55,403 | INFO | enrich_content_tags | tagging Dagshai 2001/11 NOV - 2001/15 NOV - 6 PM/MD RECORDING/01 OM GURUVE NAMAH.json (chars=12810, est_tokens=3202, strategy=single-pass)
2026-07-09 09:00:00,123 | INFO | enrich_content_tags | Dagshai 2001/11 NOV - 2001/15 NOV - 6 PM/MD RECORDING/01 OM GURUVE NAMAH.json: tagged in 4.7s (event_type=discourse, lang=hindi, topics=['self-inquiry', 'inner-longing', 'ego-death', 'divine-love', 'diwali-metaphor'])
2026-07-09 09:00:00,124 | INFO | enrich_content_tags | tagging Dagshai 2001/11 NOV - 2001/15 NOV - 6 PM/MD RECORDING/02 CHIRAGE ISHQ JALANE KI RAAT.json (chars=15624, est_tokens=3906, strategy=single-pass)
2026-07-09 09:00:07,326 | INFO | enrich_content_tags | Dagshai 2001/11 NOV - 2001/15 NOV - 6 PM/MD RECORDING/02 CHIRAGE ISHQ JALANE KI RAAT.json: tagged in 7.2s (event_type=bhajan, lang=hindi, topics=['bhajan', 'devotion', 'self-inquiry', 'worldly-attachment', 'inner-longing'])
2026-07-09 09:00:07,327 | INFO | enrich_content_tags | tagging Dagshai 2001/11 NOV - 2001/15 NOV - 6 PM/MD RECORDING/03 ASSAN ISHQ DA BUTTA LAYA.json (chars=2541, est_tokens=635, strategy=single-pass)
2026-07-09 09:00:10,038 | INFO | enrich_content_tags | Dagshai 2001/11 NOV - 2001/15 NOV - 6 PM/MD RECORDING/03 ASSAN ISHQ DA BUTTA LAYA.json: tagged in 2.7s (event_type=bhajan, lang=hindi, topics=['bhakti', 'prem', 'meditation', 'self-inquiry', 'devotion'])
2026-07-09 09:00:10,039 | INFO | enrich_content_tags | tagging Dagshai 2001/11 NOV - 2001/15 NOV - 6 PM/MD RECORDING/04 SAMBODHAN.json (chars=818, est_tokens=204, strategy=single-pass)
2026-07-09 09:00:12,717 | INFO | enrich_content_tags | Dagshai 2001/11 NOV - 2001/15 NOV - 6 PM/MD RECORDING/04 SAMBODHAN.json: tagged in 2.7s (event_type=satsang, lang=hindi, topics=['virah', 'self-realization', 'service', 'renunciation', 'spiritual-fulfillment'])
2026-07-09 09:00:12,718 | INFO | enrich_content_tags | tagging Dagshai 2001/11 NOV - 2001/16 NOV - 6 PM/01 MEDITATION.json (chars=1928, est_tokens=482, strategy=single-pass)
2026-07-09 09:00:15,609 | INFO | enrich_content_tags | Dagshai 2001/11 NOV - 2001/16 NOV - 6 PM/01 MEDITATION.json: tagged in 2.9s (event_type=meditation, lang=hindi, topics=['meditation', 'mind-purification', 'self-observation', 'mental-clarity', 'spiritual-love'])
2026-07-09 09:00:15,611 | INFO | enrich_content_tags | tagging Dagshai 2001/11 NOV - 2001/16 NOV - 6 PM/02 OM GURUVE NAMAH.json (chars=809, est_tokens=202, strategy=single-pass)
2026-07-09 09:00:17,861 | INFO | enrich_content_tags | Dagshai 2001/11 NOV - 2001/16 NOV - 6 PM/02 OM GURUVE NAMAH.json: tagged in 2.2s (event_type=bhajan, lang=sanskrit, topics=['guru-bhakti', 'namavali', 'spiritual-surrender'])
2026-07-09 09:00:17,863 | INFO | enrich_content_tags | tagging Dagshai 2001/11 NOV - 2001/16 NOV - 6 PM/03 MERE SATGURU MUJHKO.json (chars=18895, est_tokens=4723, strategy=single-pass)
2026-07-09 09:00:22,704 | INFO | enrich_content_tags | Dagshai 2001/11 NOV - 2001/16 NOV - 6 PM/03 MERE SATGURU MUJHKO.json: tagged in 4.9s (event_type=bhajan, lang=hindi, topics=['mind-control', 'self-awareness', 'life-purpose', 'gratitude', 'spiritual-wisdom'])
2026-07-09 09:00:22,706 | INFO | enrich_content_tags | tagging Dagshai 2001/11 NOV - 2001/16 NOV - 6 PM/04 TERI CHAUKHAT PE SAR.json (chars=1867, est_tokens=466, strategy=single-pass)
2026-07-09 09:00:25,400 | INFO | enrich_content_tags | Dagshai 2001/11 NOV - 2001/16 NOV - 6 PM/04 TERI CHAUKHAT PE SAR.json: tagged in 2.7s (event_type=bhajan, lang=hindi, topics=['devotion', 'surrender', 'bhakti-yoga', 'spiritual-teacher', 'self-transformation'])
2026-07-09 09:00:25,400 | INFO | enrich_content_tags | tagging Dagshai 2001/11 NOV - 2001/16 NOV - 6 PM/05 TU MANE YA NA MANE.json (chars=2043, est_tokens=510, strategy=single-pass)
2026-07-09 09:00:28,158 | INFO | enrich_content_tags | Dagshai 2001/11 NOV - 2001/16 NOV - 6 PM/05 TU MANE YA NA MANE.json: tagged in 2.7s (event_type=bhajan, lang=hindi, topics=['bhakti', 'divine-love', 'surrender', 'spiritual-journey', 'devotion'])
2026-07-09 09:00:28,160 | INFO | enrich_content_tags | tagging Dagshai 2001/11 NOV - 2001/16 NOV - 6 PM/MD RECORDING/01 MERE SADGURU MUJHKO DENA SAHARA.json (chars=19998, est_tokens=4999, strategy=single-pass)
2026-07-09 09:00:33,901 | INFO | enrich_content_tags | Dagshai 2001/11 NOV - 2001/16 NOV - 6 PM/MD RECORDING/01 MERE SADGURU MUJHKO DENA SAHARA.json: tagged in 5.7s (event_type=bhajan, lang=hindi, topics=['mind-control', 'self-awareness', 'gratitude', 'life-purpose', 'spiritual-wisdom'])
2026-07-09 09:00:33,903 | INFO | enrich_content_tags | tagging Dagshai 2001/11 NOV - 2001/16 NOV - 6 PM/MD RECORDING/02 TERE CHARNO MEIN SAR.json (chars=2084, est_tokens=521, strategy=single-pass)
2026-07-09 09:00:36,493 | INFO | enrich_content_tags | Dagshai 2001/11 NOV - 2001/16 NOV - 6 PM/MD RECORDING/02 TERE CHARNO MEIN SAR.json: tagged in 2.6s (event_type=bhajan, lang=hindi, topics=['devotion', 'surrender', 'bhakti', 'self-surrender', 'spiritual-identity'])
2026-07-09 09:00:36,495 | INFO | enrich_content_tags | tagging Dagshai 2001/11 NOV - 2001/16 NOV - 6 PM/MD RECORDING/03 TU MANE YA NA MANE DILDARA.json (chars=2497, est_tokens=624, strategy=single-pass)
2026-07-09 09:00:39,807 | INFO | enrich_content_tags | Dagshai 2001/11 NOV - 2001/16 NOV - 6 PM/MD RECORDING/03 TU MANE YA NA MANE DILDARA.json: tagged in 3.3s (event_type=bhajan, lang=hindi, topics=['bhakti', 'sufi-poetry', 'divine-love', 'surrender', 'spiritual-journey'])
2026-07-09 09:00:39,808 | INFO | enrich_content_tags | tagging Dagshai 2001/11 NOV - 2001/17 NOV - 12 PM/01 MEDITATION.json (chars=998, est_tokens=249, strategy=single-pass)
2026-07-09 09:00:42,479 | INFO | enrich_content_tags | Dagshai 2001/11 NOV - 2001/17 NOV - 12 PM/01 MEDITATION.json: tagged in 2.7s (event_type=meditation, lang=hindi, topics=['meditation', 'self-inquiry', 'divine-light', 'devotion', 'inner-longing'])
2026-07-09 09:00:42,481 | INFO | enrich_content_tags | tagging Dagshai 2001/11 NOV - 2001/17 NOV - 12 PM/02 OM GURUVE NAMAH.json (chars=1056, est_tokens=264, strategy=single-pass)
2026-07-09 09:00:44,516 | INFO | enrich_content_tags | Dagshai 2001/11 NOV - 2001/17 NOV - 12 PM/02 OM GURUVE NAMAH.json: tagged in 2.0s (event_type=bhajan, lang=sanskrit, topics=['chanting', 'devotion', 'mantra-recitation', 'spiritual-practice'])
2026-07-09 09:00:44,517 | INFO | enrich_content_tags | tagging Dagshai 2001/11 NOV - 2001/17 NOV - 12 PM/03 AA TUJHE MAIN GUNGUNA.json (chars=4358, est_tokens=1089, strategy=single-pass)
2026-07-09 09:00:47,678 | INFO | enrich_content_tags | Dagshai 2001/11 NOV - 2001/17 NOV - 12 PM/03 AA TUJHE MAIN GUNGUNA.json: tagged in 3.2s (event_type=bhajan, lang=hindi, topics=['bhakti', 'devotion', 'self-surrender', 'divine-love', 'spiritual-light'])
2026-07-09 09:00:47,680 | INFO | enrich_content_tags | tagging Dagshai 2001/11 NOV - 2001/17 NOV - 12 PM/04 SAMBODHAN.json (chars=1924, est_tokens=481, strategy=single-pass)
2026-07-09 09:00:50,621 | INFO | enrich_content_tags | Dagshai 2001/11 NOV - 2001/17 NOV - 12 PM/04 SAMBODHAN.json: tagged in 2.9s (event_type=discourse, lang=hindi, topics=['divine-longing', 'self-inquiry', 'devotion', 'diwali-celebration', 'spiritual-suffering'])
2026-07-09 09:00:50,622 | INFO | enrich_content_tags | tagging Dagshai 2001/11 NOV - 2001/17 NOV - 12 PM/05 KOI BHOR KO JAYA.json (chars=1203, est_tokens=300, strategy=single-pass)
2026-07-09 09:00:54,127 | INFO | enrich_content_tags | Dagshai 2001/11 NOV - 2001/17 NOV - 12 PM/05 KOI BHOR KO JAYA.json: tagged in 3.5s (event_type=bhajan, lang=hindi, topics=['devotion', 'death-transcendence', 'divine-will', 'spiritual-courage', 'eternal-life'])
2026-07-09 09:00:54,128 | INFO | enrich_content_tags | tagging Dagshai 2001/11 NOV - 2001/17 NOV - 12 PM/06 SAMBODHAN.json (chars=3810, est_tokens=952, strategy=single-pass)
2026-07-09 09:00:58,168 | INFO | enrich_content_tags | Dagshai 2001/11 NOV - 2001/17 NOV - 12 PM/06 SAMBODHAN.json: tagged in 4.0s (event_type=satsang, lang=hindi, topics=['bhakti', 'meditation', 'service', 'surrender', 'legacy'])
2026-07-09 09:00:58,169 | INFO | enrich_content_tags | tagging Dagshai 2001/11 NOV - 2001/18 NOV - 130 PM/01 MEDITATION.json (chars=661, est_tokens=165, strategy=single-pass)
2026-07-09 09:01:00,878 | INFO | enrich_content_tags | Dagshai 2001/11 NOV - 2001/18 NOV - 130 PM/01 MEDITATION.json: tagged in 2.7s (event_type=meditation, lang=hindi, topics=['meditation', 'self-inquiry', 'inner-observation', 'devotion', 'spiritual-practice'])
2026-07-09 09:01:00,879 | INFO | enrich_content_tags | tagging Dagshai 2001/11 NOV - 2001/18 NOV - 130 PM/02 OM GURUVE NAMAH.json (chars=740, est_tokens=185, strategy=single-pass)
2026-07-09 09:01:03,051 | INFO | enrich_content_tags | Dagshai 2001/11 NOV - 2001/18 NOV - 130 PM/02 OM GURUVE NAMAH.json: tagged in 2.2s (event_type=bhajan, lang=sanskrit, topics=['devotion', 'chanting', 'guru-grace'])
2026-07-09 09:01:03,052 | INFO | enrich_content_tags | tagging Dagshai 2001/11 NOV - 2001/18 NOV - 130 PM/03 JAG UTHENGI DHYAN KI (INCOMPLETE).json (chars=17792, est_tokens=4448, strategy=single-pass)
2026-07-09 09:01:08,302 | INFO | enrich_content_tags | Dagshai 2001/11 NOV - 2001/18 NOV - 130 PM/03 JAG UTHENGI DHYAN KI (INCOMPLETE).json: tagged in 5.3s (event_type=bhajan, lang=mixed, topics=['bhakti', 'virah', 'self-inquiry', 'dharma', 'family-obligations'])
2026-07-09 09:01:08,303 | INFO | enrich_content_tags | tagging Dagshai 2001/11 NOV - 2001/18 NOV - 130 PM/04 MAHI O MAHI.json (chars=4479, est_tokens=1119, strategy=single-pass)
2026-07-09 09:01:11,588 | INFO | enrich_content_tags | Dagshai 2001/11 NOV - 2001/18 NOV - 130 PM/04 MAHI O MAHI.json: tagged in 3.3s (event_type=bhajan, lang=hindi, topics=['bhakti', 'divine-love', 'devotion', 'spiritual-longing', 'surrender'])
2026-07-09 09:01:11,589 | INFO | enrich_content_tags | tagging Dagshai 2001/11 NOV - 2001/18 NOV - 130 PM/05 SAMBODHAN.json (chars=1480, est_tokens=370, strategy=single-pass)
2026-07-09 09:01:14,702 | INFO | enrich_content_tags | Dagshai 2001/11 NOV - 2001/18 NOV - 130 PM/05 SAMBODHAN.json: tagged in 3.1s (event_type=discourse, lang=hindi, topics=['life-stages', 'divine-love', 'self-inquiry', 'detachment', 'spiritual-path'])
2026-07-09 09:01:14,703 | INFO | enrich_content_tags | tagging Dagshai 2001/11 NOV - 2001/18 NOV - 630 PM/01 MEDITATION.json (chars=2181, est_tokens=545, strategy=single-pass)
2026-07-09 09:01:17,849 | INFO | enrich_content_tags | Dagshai 2001/11 NOV - 2001/18 NOV - 630 PM/01 MEDITATION.json: tagged in 3.2s (event_type=meditation, lang=hindi, topics=['meditation', 'self-observation', 'mind-control', 'awareness', 'inner-peace'])
2026-07-09 09:01:17,850 | INFO | enrich_content_tags | tagging Dagshai 2001/11 NOV - 2001/18 NOV - 630 PM/02 OM GURUVE NAMAH.json (chars=470, est_tokens=117, strategy=single-pass)
2026-07-09 09:01:19,790 | INFO | enrich_content_tags | Dagshai 2001/11 NOV - 2001/18 NOV - 630 PM/02 OM GURUVE NAMAH.json: tagged in 1.9s (event_type=bhajan, lang=sanskrit, topics=['guru-devotion', 'chanting', 'spiritual-surrender'])
2026-07-09 09:01:19,791 | INFO | enrich_content_tags | tagging Dagshai 2001/11 NOV - 2001/18 NOV - 630 PM/03 SATGURU TERE CHARNO KI.json (chars=3973, est_tokens=993, strategy=single-pass)
2026-07-09 09:01:22,868 | INFO | enrich_content_tags | Dagshai 2001/11 NOV - 2001/18 NOV - 630 PM/03 SATGURU TERE CHARNO KI.json: tagged in 3.1s (event_type=bhajan, lang=hindi, topics=['bhakti', 'self-reflection', 'divine-love', 'humility', 'spiritual-growth'])
2026-07-09 09:01:22,869 | INFO | enrich_content_tags | tagging Dagshai 2001/11 NOV - 2001/19 NOV - 630 PM/01 MEDITATION.json (chars=386, est_tokens=96, strategy=single-pass)
2026-07-09 09:01:25,071 | INFO | enrich_content_tags | Dagshai 2001/11 NOV - 2001/19 NOV - 630 PM/01 MEDITATION.json: tagged in 2.2s (event_type=meditation, lang=hindi, topics=['meditation', 'chanting', 'devotion'])
2026-07-09 09:01:25,072 | INFO | enrich_content_tags | tagging Dagshai 2001/11 NOV - 2001/19 NOV - 630 PM/02 OM GURUVE NAMAH.json (chars=539, est_tokens=134, strategy=single-pass)
2026-07-09 09:01:27,451 | INFO | enrich_content_tags | Dagshai 2001/11 NOV - 2001/19 NOV - 630 PM/02 OM GURUVE NAMAH.json: tagged in 2.4s (event_type=bhajan, lang=hindi, topics=['guru-bhakti', 'mantra-japa', 'devotional-singing'])
2026-07-09 09:01:27,452 | INFO | enrich_content_tags | tagging Dagshai 2001/11 NOV - 2001/19 NOV - 630 PM/03 HUM TO HAMARI MASTI MEIN.json (chars=23532, est_tokens=5883, strategy=single-pass)
2026-07-09 09:01:34,978 | INFO | enrich_content_tags | Dagshai 2001/11 NOV - 2001/19 NOV - 630 PM/03 HUM TO HAMARI MASTI MEIN.json: tagged in 7.5s (event_type=bhajan, lang=hindi, topics=['meditation', 'chakras', 'self-inquiry', 'spiritual-practice', 'non-comparison'])
2026-07-09 09:01:34,979 | INFO | enrich_content_tags | tagging Dagshai 2001/11 NOV - 2001/19 NOV - 630 PM/04 PAL PAL MEIN BHAJAN.json (chars=5690, est_tokens=1422, strategy=single-pass)
2026-07-09 09:01:38,602 | INFO | enrich_content_tags | Dagshai 2001/11 NOV - 2001/19 NOV - 630 PM/04 PAL PAL MEIN BHAJAN.json: tagged in 3.6s (event_type=bhajan, lang=hindi, topics=['pal-pal-bhajan', 'self-awareness', 'social-harmony', 'mindfulness', 'spiritual-discipline'])
2026-07-09 09:01:38,603 | INFO | enrich_content_tags | tagging Dagshai 2001/11 NOV - 2001/19 NOV - 630 PM/05 SAMBODHAN.json (chars=690, est_tokens=172, strategy=single-pass)
2026-07-09 09:01:41,259 | INFO | enrich_content_tags | Dagshai 2001/11 NOV - 2001/19 NOV - 630 PM/05 SAMBODHAN.json: tagged in 2.7s (event_type=satsang, lang=hindi, topics=['bhajan', 'self-inquiry', 'devotion', 'spiritual-practice', 'awakening'])
2026-07-09 09:01:41,260 | INFO | enrich_content_tags | tagging Dagshai 2001/11 NOV - 2001/20 NOV - 630 PM/01 MEDITATION.json (chars=1131, est_tokens=282, strategy=single-pass)
2026-07-09 09:01:43,840 | INFO | enrich_content_tags | Dagshai 2001/11 NOV - 2001/20 NOV - 630 PM/01 MEDITATION.json: tagged in 2.6s (event_type=meditation, lang=hindi, topics=['meditation', 'self-realization', 'divine-play', 'spiritual-practice'])
2026-07-09 09:01:43,841 | INFO | enrich_content_tags | tagging Dagshai 2001/11 NOV - 2001/20 NOV - 630 PM/02 OM GURUVE NAMAH.json (chars=1470, est_tokens=367, strategy=single-pass)
2026-07-09 09:01:46,253 | INFO | enrich_content_tags | Dagshai 2001/11 NOV - 2001/20 NOV - 630 PM/02 OM GURUVE NAMAH.json: tagged in 2.4s (event_type=bhajan, lang=hindi, topics=['devotional-songs', 'guru-devotion', 'chanting', 'spiritual-practice'])
2026-07-09 09:01:46,255 | INFO | enrich_content_tags | tagging Dagshai 2001/11 NOV - 2001/20 NOV - 630 PM/03 TERI MEHARBANI KA HAIN.json (chars=6288, est_tokens=1572, strategy=single-pass)
2026-07-09 09:01:49,846 | INFO | enrich_content_tags | Dagshai 2001/11 NOV - 2001/20 NOV - 630 PM/03 TERI MEHARBANI KA HAIN.json: tagged in 3.6s (event_type=bhajan, lang=hindi, topics=['gratitude', 'inner-journey', 'divine-love', 'self-inquiry', 'union-of-opposites'])
2026-07-09 09:01:49,847 | INFO | enrich_content_tags | tagging Dagshai 2001/11 NOV - 2001/28 NOV - 6 PM/01 MEDITATION.json (chars=236, est_tokens=59, strategy=single-pass)
2026-07-09 09:01:51,831 | INFO | enrich_content_tags | Dagshai 2001/11 NOV - 2001/28 NOV - 6 PM/01 MEDITATION.json: tagged in 2.0s (event_type=meditation, lang=hindi, topics=['meditation', 'chanting', 'devotion'])
2026-07-09 09:01:51,832 | INFO | enrich_content_tags | tagging Dagshai 2001/11 NOV - 2001/28 NOV - 6 PM/02 OM GURUVE NAMAH.json (chars=1450, est_tokens=362, strategy=single-pass)
2026-07-09 09:01:53,981 | INFO | enrich_content_tags | Dagshai 2001/11 NOV - 2001/28 NOV - 6 PM/02 OM GURUVE NAMAH.json: tagged in 2.1s (event_type=bhajan, lang=sanskrit, topics=['devotion', 'chanting', 'guru-bhakti', 'spiritual-practice'])
2026-07-09 09:01:53,982 | INFO | enrich_content_tags | tagging Dagshai 2001/11 NOV - 2001/DAGSHAI 29 NOV - 1 DEC 2001/1 DEC - 4$ - 7 AM/01 MEDITATION.json (chars=10753, est_tokens=2688, strategy=single-pass)
2026-07-09 09:01:59,592 | INFO | enrich_content_tags | Dagshai 2001/11 NOV - 2001/DAGSHAI 29 NOV - 1 DEC 2001/1 DEC - 4$ - 7 AM/01 MEDITATION.json: tagged in 5.6s (event_type=meditation, lang=hindi, topics=['meditation', 'self-inquiry', 'mind-control', 'devotion', 'spiritual-practice'])
2026-07-09 09:01:59,594 | INFO | enrich_content_tags | tagging Dagshai 2001/11 NOV - 2001/DAGSHAI 29 NOV - 1 DEC 2001/1 DEC - 4$ - 7 AM/02 PRAVACHAN.json (chars=2361, est_tokens=590, strategy=single-pass)
2026-07-09 09:02:03,102 | INFO | enrich_content_tags | Dagshai 2001/11 NOV - 2001/DAGSHAI 29 NOV - 1 DEC 2001/1 DEC - 4$ - 7 AM/02 PRAVACHAN.json: tagged in 3.5s (event_type=discourse, lang=hindi, topics=['meditation', 'sound-vibration', 'silence', 'self-realization', 'guru-grace'])
2026-07-09 09:02:03,104 | INFO | enrich_content_tags | tagging Dagshai 2001/11 NOV - 2001/DAGSHAI 29 NOV - 1 DEC 2001/1 DEC - 4$ - 7 AM/03 DHOOL TERE CHARNO KI.json (chars=45952, est_tokens=11488, strategy=single-pass)
2026-07-09 09:02:16,418 | INFO | enrich_content_tags | Dagshai 2001/11 NOV - 2001/DAGSHAI 29 NOV - 1 DEC 2001/1 DEC - 4$ - 7 AM/03 DHOOL TERE CHARNO KI.json: tagged in 13.3s (event_type=bhajan, lang=hindi, topics=['guru-grah', 'ahankar-tyaag', 'bhakti', 'self-inquiry', 'karma-yoga'])
2026-07-09 09:02:16,420 | INFO | enrich_content_tags | tagging Dagshai 2001/11 NOV - 2001/DAGSHAI 29 NOV - 1 DEC 2001/1 DEC - 4$ - 7 AM/04 MAHI O MAHI.json (chars=6326, est_tokens=1581, strategy=single-pass)
2026-07-09 09:02:20,354 | INFO | enrich_content_tags | Dagshai 2001/11 NOV - 2001/DAGSHAI 29 NOV - 1 DEC 2001/1 DEC - 4$ - 7 AM/04 MAHI O MAHI.json: tagged in 3.9s (event_type=bhajan, lang=hindi, topics=['bhakti', 'bhajan', 'divine-love', 'self-realization', 'gratitude'])
2026-07-09 09:02:20,355 | INFO | enrich_content_tags | tagging Dagshai 2001/11 NOV - 2001/DAGSHAI 29 NOV - 1 DEC 2001/1 DEC - 4$ - 7 AM/05 SAMBODHAN - RISHI JI.json (chars=1033, est_tokens=258, strategy=single-pass)
2026-07-09 09:02:24,294 | INFO | enrich_content_tags | Dagshai 2001/11 NOV - 2001/DAGSHAI 29 NOV - 1 DEC 2001/1 DEC - 4$ - 7 AM/05 SAMBODHAN - RISHI JI.json: tagged in 4.0s (event_type=bhajan, lang=hindi, topics=['bhajan', 'gratitude', 'schedule', 'meditation', 'spiritual-life'])
2026-07-09 09:02:24,296 | INFO | enrich_content_tags | tagging Dagshai 2001/11 NOV - 2001/DAGSHAI 29 NOV - 1 DEC 2001/29 NOV - 1$ - 6 PM/02 MEDITATION.json (chars=4905, est_tokens=1226, strategy=single-pass)
2026-07-09 09:02:28,452 | INFO | enrich_content_tags | Dagshai 2001/11 NOV - 2001/DAGSHAI 29 NOV - 1 DEC 2001/29 NOV - 1$ - 6 PM/02 MEDITATION.json: tagged in 4.1s (event_type=meditation, lang=hindi, topics=['meditation', 'self-inquiry', 'inner-awareness', 'divine-love', 'devotion'])
2026-07-09 09:02:28,453 | INFO | enrich_content_tags | tagging Dagshai 2001/11 NOV - 2001/DAGSHAI 29 NOV - 1 DEC 2001/29 NOV - 1$ - 6 PM/03 PRAVACHAN.json (chars=4948, est_tokens=1237, strategy=single-pass)
2026-07-09 09:02:32,562 | INFO | enrich_content_tags | Dagshai 2001/11 NOV - 2001/DAGSHAI 29 NOV - 1 DEC 2001/29 NOV - 1$ - 6 PM/03 PRAVACHAN.json: tagged in 4.1s (event_type=discourse, lang=hindi, topics=['bhakti', 'divine-love', 'self-inquiry', 'duty-vs-devotion', 'prayer'])
2026-07-09 09:02:32,564 | INFO | enrich_content_tags | tagging Dagshai 2001/11 NOV - 2001/DAGSHAI 29 NOV - 1 DEC 2001/29 NOV - 1$ - 6 PM/04 VAHEGURU VAHEGURU.json (chars=7443, est_tokens=1860, strategy=single-pass)
2026-07-09 09:02:37,140 | INFO | enrich_content_tags | Dagshai 2001/11 NOV - 2001/DAGSHAI 29 NOV - 1 DEC 2001/29 NOV - 1$ - 6 PM/04 VAHEGURU VAHEGURU.json: tagged in 4.6s (event_type=bhajan, lang=hindi, topics=['bhajan', 'divine-love', 'inner-joy', 'spiritual-awakening', 'grace'])
2026-07-09 09:02:37,141 | INFO | enrich_content_tags | tagging Dagshai 2001/11 NOV - 2001/DAGSHAI 29 NOV - 1 DEC 2001/29 NOV - 1$ - 6 PM/05 MEHRAM DILA DE MAHI.json (chars=12846, est_tokens=3211, strategy=single-pass)
2026-07-09 09:02:41,466 | INFO | enrich_content_tags | Dagshai 2001/11 NOV - 2001/DAGSHAI 29 NOV - 1 DEC 2001/29 NOV - 1$ - 6 PM/05 MEHRAM DILA DE MAHI.json: tagged in 4.3s (event_type=bhajan, lang=hindi, topics=['devotion', 'bhakti', 'inner-light', 'duty', 'self-realization'])
2026-07-09 09:02:41,467 | INFO | enrich_content_tags | tagging Dagshai 2001/11 NOV - 2001/DAGSHAI 29 NOV - 1 DEC 2001/30 NOV - 2$ - 11 AM/02 MEDITATION.json (chars=6994, est_tokens=1748, strategy=single-pass)
2026-07-09 09:02:45,431 | INFO | enrich_content_tags | Dagshai 2001/11 NOV - 2001/DAGSHAI 29 NOV - 1 DEC 2001/30 NOV - 2$ - 11 AM/02 MEDITATION.json: tagged in 3.9s (event_type=meditation, lang=hindi, topics=['self-inquiry', 'devotion', 'meditation-practice', 'inner-purity', 'spiritual-journey'])
2026-07-09 09:02:45,433 | INFO | enrich_content_tags | tagging Dagshai 2001/11 NOV - 2001/DAGSHAI 29 NOV - 1 DEC 2001/30 NOV - 2$ - 11 AM/03 AISI KRIPA KARO (INCOMPLETE).json (chars=28234, est_tokens=7058, strategy=single-pass)
2026-07-09 09:02:53,295 | INFO | enrich_content_tags | Dagshai 2001/11 NOV - 2001/DAGSHAI 29 NOV - 1 DEC 2001/30 NOV - 2$ - 11 AM/03 AISI KRIPA KARO (INCOMPLETE).json: tagged in 7.9s (event_type=bhajan, lang=hindi, topics=['bhajan', 'self-inquiry', 'life-purpose', 'inner-peace', 'spiritual-path'])
2026-07-09 09:02:53,296 | INFO | enrich_content_tags | tagging Dagshai 2001/11 NOV - 2001/DAGSHAI 29 NOV - 1 DEC 2001/30 NOV - 3$ - 6 PM/01 MEDITATION.json (chars=5130, est_tokens=1282, strategy=single-pass)
2026-07-09 09:02:57,687 | INFO | enrich_content_tags | Dagshai 2001/11 NOV - 2001/DAGSHAI 29 NOV - 1 DEC 2001/30 NOV - 3$ - 6 PM/01 MEDITATION.json: tagged in 4.4s (event_type=meditation, lang=hindi, topics=['meditation', 'self-inquiry', 'divine-love', 'karma-yoga', 'spiritual-awakening'])
2026-07-09 09:02:57,688 | INFO | enrich_content_tags | tagging Dagshai 2001/11 NOV - 2001/DAGSHAI 29 NOV - 1 DEC 2001/30 NOV - 3$ - 6 PM/02 PRAVACHAN.json (chars=1721, est_tokens=430, strategy=single-pass)
2026-07-09 09:03:01,762 | INFO | enrich_content_tags | Dagshai 2001/11 NOV - 2001/DAGSHAI 29 NOV - 1 DEC 2001/30 NOV - 3$ - 6 PM/02 PRAVACHAN.json: tagged in 4.1s (event_type=discourse, lang=hindi, topics=['meditation', 'agriculture', 'self-reliance', 'spiritual-awakening', 'daily-life'])
2026-07-09 09:03:01,763 | INFO | enrich_content_tags | tagging Dagshai 2001/11 NOV - 2001/DAGSHAI 29 NOV - 1 DEC 2001/30 NOV - 3$ - 6 PM/03 JARA TO KHUL KE BARAS.json (chars=26596, est_tokens=6649, strategy=single-pass)
2026-07-09 09:03:20,174 | ERROR | enrich_content_tags | Dagshai 2001/11 NOV - 2001/DAGSHAI 29 NOV - 1 DEC 2001/30 NOV - 3$ - 6 PM/03 JARA TO KHUL KE BARAS.json: tagging failed (json decode failed: Unterminated string starting at: line 5 column 4498 (char 4647)) — dead-letter dead_letter/tag_failures/Dagshai_2001_11_NOV_-_2001_DAGSHAI_29_NOV_-_1_DEC_2001_30_NOV_-_3__-_6_PM_03_JARA_TO_KHUL_KE_BARAS.j.dd522a8901ed.txt
2026-07-09 09:03:20,174 | ERROR | enrich_content_tags | [1034/9168] Dagshai 2001/11 NOV - 2001/DAGSHAI 29 NOV - 1 DEC 2001/30 NOV - 3$ - 6 PM/03 JARA TO KHUL KE BARAS.json: json decode failed: Unterminated string starting at: line 5 column 4498 (char 4647)
2026-07-09 09:03:20,175 | INFO | enrich_content_tags | tagging Dagshai 2001/11 NOV - 2001/DAGSHAI 29 NOV - 1 DEC 2001/30 NOV - 3$ - 6 PM/04 VAHEGURU VAHEGURU.json (chars=6091, est_tokens=1522, strategy=single-pass)
2026-07-09 09:03:24,885 | INFO | enrich_content_tags | Dagshai 2001/11 NOV - 2001/DAGSHAI 29 NOV - 1 DEC 2001/30 NOV - 3$ - 6 PM/04 VAHEGURU VAHEGURU.json: tagged in 4.7s (event_type=bhajan, lang=hindi, topics=['bhajan', 'self-inquiry', 'houselessness', 'divine-presence', 'worldly-illusion'])
2026-07-09 09:03:24,886 | INFO | enrich_content_tags | tagging Dagshai 2001/11 NOV - 2001/DAGSHAI 29 NOV - 1 DEC 2001/30 NOV - 3$ - 6 PM/05 SAMAJH SAKE NA.json (chars=3142, est_tokens=785, strategy=single-pass)
2026-07-09 09:03:28,228 | INFO | enrich_content_tags | Dagshai 2001/11 NOV - 2001/DAGSHAI 29 NOV - 1 DEC 2001/30 NOV - 3$ - 6 PM/05 SAMAJH SAKE NA.json: tagged in 3.4s (event_type=bhajan, lang=hindi, topics=['divine-love', 'surrender', 'worldly-illusion', 'spiritual-suffering', 'universal-unity'])
2026-07-09 09:03:28,230 | INFO | enrich_content_tags | tagging Dagshai 2001/11 NOV - 2001/DAGSHAI 29 NOV - 1 DEC 2001/30 NOV - 3$ - 6 PM/06 JURM-E-ULFAT.json (chars=1079, est_tokens=269, strategy=single-pass)
2026-07-09 09:03:31,434 | INFO | enrich_content_tags | Dagshai 2001/11 NOV - 2001/DAGSHAI 29 NOV - 1 DEC 2001/30 NOV - 3$ - 6 PM/06 JURM-E-ULFAT.json: tagged in 3.2s (event_type=bhajan, lang=hindi, topics=['bhajan', 'love', 'faith', 'human-nature', 'divine-power'])
2026-07-09 09:03:31,435 | INFO | enrich_content_tags | tagging Dagshai 2001/11 NOV - 2001/DAGSHAI 29 NOV - 1 DEC 2001/30 NOV - 3$ - 6 PM/07 SAMAJH SAKE NA.json (chars=843, est_tokens=210, strategy=single-pass)
2026-07-09 09:03:33,740 | INFO | enrich_content_tags | Dagshai 2001/11 NOV - 2001/DAGSHAI 29 NOV - 1 DEC 2001/30 NOV - 3$ - 6 PM/07 SAMAJH SAKE NA.json: tagged in 2.3s (event_type=bhajan, lang=hindi, topics=['bhakti', 'divine-love', 'surrender', 'gratitude'])
2026-07-09 09:03:33,741 | INFO | enrich_content_tags | tagging Dagshai 2001/11 NOV - 2001/DAGSHAI 29 NOV - 1 DEC 2001/30 NOV - 3$ - 6 PM/08 VAHEGURU VAHEGURU (INCOMPLETE).json (chars=860, est_tokens=215, strategy=single-pass)
2026-07-09 09:03:36,836 | INFO | enrich_content_tags | Dagshai 2001/11 NOV - 2001/DAGSHAI 29 NOV - 1 DEC 2001/30 NOV - 3$ - 6 PM/08 VAHEGURU VAHEGURU (INCOMPLETE).json: tagged in 3.1s (event_type=bhajan, lang=hindi, topics=['bhajan', 'devotion', 'gratitude', 'surrender', 'praise'])
2026-07-09 09:03:36,837 | INFO | enrich_content_tags | tagging Dagshai 2001/11 NOV - 2001/DAGSHAI 29 NOV - 1 DEC 2001/unknown/04 MARHAM DILA DE (INCOMPLETE).json (chars=437, est_tokens=109, strategy=single-pass)
2026-07-09 09:03:39,317 | INFO | enrich_content_tags | Dagshai 2001/11 NOV - 2001/DAGSHAI 29 NOV - 1 DEC 2001/unknown/04 MARHAM DILA DE (INCOMPLETE).json: tagged in 2.5s (event_type=bhajan, lang=hindi, topics=['bhajan', 'spiritual-music', 'heart-transformation', 'satsang', 'inner-depths'])
2026-07-09 09:03:39,319 | INFO | enrich_content_tags | tagging Dagshai 2001/11 NOV - 2001/DAGSHAI 29 NOV - 1 DEC 2001/unknown/06 DHOOL TERE CHARNO KI (INCOMPLETE).json (chars=586, est_tokens=146, strategy=single-pass)
2026-07-09 09:03:41,945 | INFO | enrich_content_tags | Dagshai 2001/11 NOV - 2001/DAGSHAI 29 NOV - 1 DEC 2001/unknown/06 DHOOL TERE CHARNO KI (INCOMPLETE).json: tagged in 2.6s (event_type=bhajan, lang=hindi, topics=['bhakti', 'guru-devotion', 'chanting'])
2026-07-09 09:03:41,946 | INFO | enrich_content_tags | tagging Dagshai 2001/11 NOV - 2001/DAGSHAI 29 NOV - 1 DEC 2001/unknown/09 MEDITATION (INCOMPLETE).json (chars=365, est_tokens=91, strategy=single-pass)
2026-07-09 09:03:44,523 | INFO | enrich_content_tags | Dagshai 2001/11 NOV - 2001/DAGSHAI 29 NOV - 1 DEC 2001/unknown/09 MEDITATION (INCOMPLETE).json: tagged in 2.6s (event_type=bhajan, lang=hindi, topics=['bhajan', 'devotion', 'spiritual-life', 'self-realization'])
2026-07-09 09:03:44,525 | INFO | enrich_content_tags | tagging Dagshai 2001/12 DEC - 2001/10 DEC - 6 PM/01 MEDITATION.json (chars=1070, est_tokens=267, strategy=single-pass)
2026-07-09 09:03:47,300 | INFO | enrich_content_tags | Dagshai 2001/12 DEC - 2001/10 DEC - 6 PM/01 MEDITATION.json: tagged in 2.8s (event_type=meditation, lang=hindi, topics=['meditation-technique', 'mindfulness', 'self-awareness', 'continuous-witnessing', 'mental-clarity'])
2026-07-09 09:03:47,301 | INFO | enrich_content_tags | tagging Dagshai 2001/12 DEC - 2001/10 DEC - 6 PM/02 OM GURUVE NAMAH.json (chars=1393, est_tokens=348, strategy=single-pass)
2026-07-09 09:03:49,850 | INFO | enrich_content_tags | Dagshai 2001/12 DEC - 2001/10 DEC - 6 PM/02 OM GURUVE NAMAH.json: tagged in 2.6s (event_type=bhajan, lang=sanskrit, topics=['chanting', 'devotion', 'om-guruve-namah', 'hari-nama', 'spiritual-practice'])
2026-07-09 09:03:49,851 | INFO | enrich_content_tags | tagging Dagshai 2001/12 DEC - 2001/11 DEC - 6 PM/01 MEDITATION.json (chars=949, est_tokens=237, strategy=single-pass)
2026-07-09 09:04:44,234 | INFO | enrich_content_tags | Dagshai 2001/12 DEC - 2001/11 DEC - 6 PM/01 MEDITATION.json: tagged in 2.8s (event_type=meditation, lang=hindi, topics=['meditation', 'self-inquiry', 'inner-witness', 'maya', 'relaxation'])
2026-07-09 09:03:52,629 | INFO | enrich_content_tags | tagging Dagshai 2001/12 DEC - 2001/11 DEC - 6 PM/02 OM GURUVE NAMAH.json (chars=487, est_tokens=121, strategy=single-pass)
2026-07-09 09:03:54,653 | INFO | enrich_content_tags | Dagshai 2001/12 DEC - 2001/11 DEC - 6 PM/02 OM GURUVE NAMAH.json: tagged in 2.0s (event_type=bhajan, lang=sanskrit, topics=['devotion', 'chanting', 'guru-bhakti'])
2026-07-09 09:03:54,654 | INFO | enrich_content_tags | tagging Dagshai 2001/12 DEC - 2001/11 DEC - 6 PM/03 HARI BIN KAUN HAR DUKH MERO.json (chars=30125, est_tokens=7531, strategy=single-pass)
2026-07-09 09:04:02,360 | INFO | enrich_content_tags | Dagshai 2001/12 DEC - 2001/11 DEC - 6 PM/03 HARI BIN KAUN HAR DUKH MERO.json: tagged in 7.7s (event_type=bhajan, lang=hindi, topics=['bhakti', 'mirabai', 'guru-shishya', 'self-surrender', 'devotion'])
2026-07-09 09:04:02,361 | INFO | enrich_content_tags | tagging Dagshai 2001/12 DEC - 2001/NEW YEAR CAMP DAGSHAI 30 DEC - 1 JAN 2002/30 DEC - 1$ - 6 PM/01 MEDITATION.json (chars=6273, est_tokens=1568, strategy=single-pass)
2026-07-09 09:04:06,268 | INFO | enrich_content_tags | Dagshai 2001/12 DEC - 2001/NEW YEAR CAMP DAGSHAI 30 DEC - 1 JAN 2002/30 DEC - 1$ - 6 PM/01 MEDITATION.json: tagged in 3.9s (event_type=meditation, lang=hindi, topics=['self-inquiry', 'mind-watching', 'awareness', 'ego-dissolution', 'meditation-practice'])
2026-07-09 09:04:06,269 | INFO | enrich_content_tags | tagging Dagshai 2001/12 DEC - 2001/NEW YEAR CAMP DAGSHAI 30 DEC - 1 JAN 2002/30 DEC - 1$ - 6 PM/02 PRAVACHAN.json (chars=24465, est_tokens=6116, strategy=single-pass)
2026-07-09 09:04:13,412 | INFO | enrich_content_tags | Dagshai 2001/12 DEC - 2001/NEW YEAR CAMP DAGSHAI 30 DEC - 1 JAN 2002/30 DEC - 1$ - 6 PM/02 PRAVACHAN.json: tagged in 7.1s (event_type=discourse, lang=hindi, topics=['self-inquiry', 'mind-control', 'meditation', 'surrender', 'life-purpose'])
2026-07-09 09:04:13,413 | INFO | enrich_content_tags | tagging Dagshai 2001/12 DEC - 2001/NEW YEAR CAMP DAGSHAI 30 DEC - 1 JAN 2002/30 DEC - 1$ - 6 PM/03 BAAZI LAGAYI AISEE.json (chars=14173, est_tokens=3543, strategy=single-pass)
2026-07-09 09:04:18,886 | INFO | enrich_content_tags | Dagshai 2001/12 DEC - 2001/NEW YEAR CAMP DAGSHAI 30 DEC - 1 JAN 2002/30 DEC - 1$ - 6 PM/03 BAAZI LAGAYI AISEE.json: tagged in 5.5s (event_type=bhajan, lang=hindi, topics=['bhajan', 'self-awareness', 'life-laws', 'devotion', 'spiritual-path'])
2026-07-09 09:04:18,887 | INFO | enrich_content_tags | tagging Dagshai 2001/12 DEC - 2001/NEW YEAR CAMP DAGSHAI 30 DEC - 1 JAN 2002/30 DEC - 1$ - 6 PM/04 MERE MURSHID NIGHAHEN.json (chars=5805, est_tokens=1451, strategy=single-pass)
2026-07-09 09:05:14,284 | INFO | enrich_content_tags | Dagshai 2001/12 DEC - 2001/NEW YEAR CAMP DAGSHAI 30 DEC - 1 JAN 2002/30 DEC - 1$ - 6 PM/04 MERE MURSHID NIGHAHEN.json: tagged in 3.8s (event_type=bhajan, lang=hindi, topics=['bhakti', 'self-surrender', 'future-insecurity', 'ego-dissolution', 'divine-love'])
2026-07-09 09:05:14,285 | INFO | enrich_content_tags | tagging Dagshai 2001/12 DEC - 2001/NEW YEAR CAMP DAGSHAI 30 DEC - 1 JAN 2002/30 DEC - 1$ - 6 PM/05 SAMBODHAN.json (chars=1044, est_tokens=261, strategy=single-pass)
2026-07-09 09:04:25,733 | INFO | enrich_content_tags | Dagshai 2001/12 DEC - 2001/NEW YEAR CAMP DAGSHAI 30 DEC - 1 JAN 2002/30 DEC - 1$ - 6 PM/05 SAMBODHAN.json: tagged in 3.0s (event_type=discourse, lang=hindi, topics=['new-year-wishes', 'self-awareness', 'divine-grace', 'inner-boundary', 'meditation'])
2026-07-09 09:04:25,735 | INFO | enrich_content_tags | tagging Dagshai 2001/12 DEC - 2001/NEW YEAR CAMP DAGSHAI 30 DEC - 1 JAN 2002/30 DEC - 1$ - 6 PM/06 OM GURUVE NAMAH.json (chars=1973, est_tokens=493, strategy=single-pass)
2026-07-09 09:04:28,700 | INFO | enrich_content_tags | Dagshai 2001/12 DEC - 2001/NEW YEAR CAMP DAGSHAI 30 DEC - 1 JAN 2002/30 DEC - 1$ - 6 PM/06 OM GURUVE NAMAH.json: tagged in 3.0s (event_type=bhajan, lang=hindi, topics=['devotion', 'gratitude', 'self-awareness', 'spiritual-practice', 'om-chanting'])
2026-07-09 09:04:28,702 | INFO | enrich_content_tags | tagging Dagshai 2001/12 DEC - 2001/NEW YEAR CAMP DAGSHAI 30 DEC - 1 JAN 2002/30 DEC - 1$ - 6 PM/07 PRAVACHAN.json (chars=4188, est_tokens=1047, strategy=single-pass)
2026-07-09 09:05:24,215 | INFO | enrich_content_tags | Dagshai 2001/12 DEC - 2001/NEW YEAR CAMP DAGSHAI 30 DEC - 1 JAN 2002/30 DEC - 1$ - 6 PM/07 PRAVACHAN.json: tagged in 3.9s (event_type=discourse, lang=hindi, topics=['self-awareness', 'mind-control', 'wisdom', 'illusion', 'inner-peace'])
2026-07-09 09:05:24,216 | INFO | enrich_content_tags | tagging Dagshai 2001/12 DEC - 2001/NEW YEAR CAMP DAGSHAI 30 DEC - 1 JAN 2002/30 DEC - 1$ - 6 PM/08 SAMBODHAN (RISHI JI).json (chars=1363, est_tokens=340, strategy=single-pass)
2026-07-09 09:04:36,943 | INFO | enrich_content_tags | Dagshai 2001/12 DEC - 2001/NEW YEAR CAMP DAGSHAI 30 DEC - 1 JAN 2002/30 DEC - 1$ - 6 PM/08 SAMBODHAN (RISHI JI).json: tagged in 4.4s (event_type=bhajan, lang=hindi, topics=['meditation', 'new-year-camp', 'silence', 'discipline', 'spiritual-practice'])
2026-07-09 09:04:36,944 | INFO | enrich_content_tags | tagging Dagshai 2001/12 DEC - 2001/NEW YEAR CAMP DAGSHAI 30 DEC - 1 JAN 2002/31 DEC - 2$ - 7 AM/01 MEDITATION.json (chars=3403, est_tokens=850, strategy=single-pass)
2026-07-09 09:04:41,055 | INFO | enrich_content_tags | Dagshai 2001/12 DEC - 2001/NEW YEAR CAMP DAGSHAI 30 DEC - 1 JAN 2002/31 DEC - 2$ - 7 AM/01 MEDITATION.json: tagged in 4.1s (event_type=meditation, lang=hindi, topics=['meditation', 'self-awareness', 'inner-witness', 'consciousness', 'duality'])
2026-07-09 09:04:41,056 | INFO | enrich_content_tags | tagging Dagshai 2001/12 DEC - 2001/NEW YEAR CAMP DAGSHAI 30 DEC - 1 JAN 2002/31 DEC - 2$ - 7 AM/02 OM GURUVE NAMAH.json (chars=12524, est_tokens=3131, strategy=single-pass)
2026-07-09 09:04:46,075 | INFO | enrich_content_tags | Dagshai 2001/12 DEC - 2001/NEW YEAR CAMP DAGSHAI 30 DEC - 1 JAN 2002/31 DEC - 2$ - 7 AM/02 OM GURUVE NAMAH.json: tagged in 5.1s (event_type=discourse, lang=hindi, topics=['ahankar', 'avidya', 'guru-grahaan', 'self-inquiry', 'samsara'])
2026-07-09 09:04:46,077 | INFO | enrich_content_tags | tagging Dagshai 2001/12 DEC - 2001/NEW YEAR CAMP DAGSHAI 30 DEC - 1 JAN 2002/31 DEC - 2$ - 7 AM/03 SUNI MALKA MERI KOOK.json (chars=22908, est_tokens=5727, strategy=single-pass)
2026-07-09 09:04:52,428 | INFO | enrich_content_tags | Dagshai 2001/12 DEC - 2001/NEW YEAR CAMP DAGSHAI 30 DEC - 1 JAN 2002/31 DEC - 2$ - 7 AM/03 SUNI MALKA MERI KOOK.json: tagged in 6.3s (event_type=bhajan, lang=hindi, topics=['bhakti', 'separation', 'self-inquiry', 'grace', 'surrender'])
2026-07-09 09:04:52,429 | INFO | enrich_content_tags | tagging Dagshai 2001/12 DEC - 2001/NEW YEAR CAMP DAGSHAI 30 DEC - 1 JAN 2002/31 DEC - 2$ - 7 AM/04 SAMBODHAN.json (chars=918, est_tokens=229, strategy=single-pass)
2026-07-09 09:04:55,716 | INFO | enrich_content_tags | Dagshai 2001/12 DEC - 2001/NEW YEAR CAMP DAGSHAI 30 DEC - 1 JAN 2002/31 DEC - 2$ - 7 AM/04 SAMBODHAN.json: tagged in 3.3s (event_type=satsang, lang=hindi, topics=['morning-satsang', 'meditation', 'bhajan', 'self-inquiry', 'daily-routine'])
2026-07-09 09:04:55,718 | INFO | enrich_content_tags | tagging Dagshai 2001/12 DEC - 2001/NEW YEAR CAMP DAGSHAI 30 DEC - 1 JAN 2002/31 DEC - 3$ - 530 PM/01 MEDITATION.json (chars=6344, est_tokens=1586, strategy=single-pass)
2026-07-09 09:04:59,589 | INFO | enrich_content_tags | Dagshai 2001/12 DEC - 2001/NEW YEAR CAMP DAGSHAI 30 DEC - 1 JAN 2002/31 DEC - 3$ - 530 PM/01 MEDITATION.json: tagged in 3.8s (event_type=meditation, lang=hindi, topics=['self-inquiry', 'mind-observation', 'awareness', 'ego-dissolution', 'inner-journey'])
2026-07-09 09:04:59,590 | INFO | enrich_content_tags | tagging Dagshai 2001/12 DEC - 2001/NEW YEAR CAMP DAGSHAI 30 DEC - 1 JAN 2002/31 DEC - 3$ - 530 PM/02 OM GURUVE NAMAH.json (chars=636, est_tokens=159, strategy=single-pass)
2026-07-09 09:05:02,364 | INFO | enrich_content_tags | Dagshai 2001/12 DEC - 2001/NEW YEAR CAMP DAGSHAI 30 DEC - 1 JAN 2002/31 DEC - 3$ - 530 PM/02 OM GURUVE NAMAH.json: tagged in 2.8s (event_type=bhajan, lang=sanskrit, topics=['devotion', 'chanting', 'guru-grace', 'new-year-celebration'])
2026-07-09 09:05:02,365 | INFO | enrich_content_tags | tagging Dagshai 2001/12 DEC - 2001/NEW YEAR CAMP DAGSHAI 30 DEC - 1 JAN 2002/31 DEC - 3$ - 530 PM/03 MUJHE GURUVAR YAHI VAR.json (chars=11773, est_tokens=2943, strategy=single-pass)
2026-07-09 09:05:59,142 | INFO | enrich_content_tags | Dagshai 2001/12 DEC - 2001/NEW YEAR CAMP DAGSHAI 30 DEC - 1 JAN 2002/31 DEC - 3$ - 530 PM/03 MUJHE GURUVAR YAHI VAR.json: tagged in 5.2s (event_type=bhajan, lang=hindi, topics=['bhakti', 'self-inquiry', 'devotion', 'gratitude', 'spiritual-awakening'])
2026-07-09 09:05:59,143 | INFO | enrich_content_tags | tagging Dagshai 2001/12 DEC - 2001/NEW YEAR CAMP DAGSHAI 30 DEC - 1 JAN 2002/31 DEC - 3$ - 530 PM/04 MAHARAM DILAN DE MAHI.json (chars=8145, est_tokens=2036, strategy=single-pass)
2026-07-09 09:05:11,293 | INFO | enrich_content_tags | Dagshai 2001/12 DEC - 2001/NEW YEAR CAMP DAGSHAI 30 DEC - 1 JAN 2002/31 DEC - 3$ - 530 PM/04 MAHARAM DILAN DE MAHI.json: tagged in 3.8s (event_type=bhajan, lang=hindi, topics=['bhakti', 'separation', 'divine-love', 'mirabai', 'new-year'])
2026-07-09 09:05:11,295 | INFO | enrich_content_tags | tagging Dagshai 2001/12 DEC - 2001/NEW YEAR CAMP DAGSHAI 30 DEC - 1 JAN 2002/31 DEC - 3$ - 530 PM/05 MERI AANKHON KO.json (chars=4228, est_tokens=1057, strategy=single-pass)
2026-07-09 09:05:15,274 | INFO | enrich_content_tags | Dagshai 2001/12 DEC - 2001/NEW YEAR CAMP DAGSHAI 30 DEC - 1 JAN 2002/31 DEC - 3$ - 530 PM/05 MERI AANKHON KO.json: tagged in 4.1s (event_type=bhajan, lang=hindi, topics=['bhajan', 'divine-love', 'inner-purification', 'gratitude', 'spiritual-energy'])
2026-07-09 09:05:15,275 | INFO | enrich_content_tags | tagging Dagshai 2001/12 DEC - 2001/NEW YEAR CAMP DAGSHAI 30 DEC - 1 JAN 2002/31 DEC - 3$ - 530 PM/06 SAMBODHAN BY SWAMI JI.json (chars=606, est_tokens=151, strategy=single-pass)
2026-07-09 09:05:18,701 | INFO | enrich_content_tags | Dagshai 2001/12 DEC - 2001/NEW YEAR CAMP DAGSHAI 30 DEC - 1 JAN 2002/31 DEC - 3$ - 530 PM/06 SAMBODHAN BY SWAMI JI.json: tagged in 3.4s (event_type=bhajan, lang=hindi, topics=['bhajan', 'devotion', 'new-year-camp', 'spiritual-joy'])
2026-07-09 09:05:18,702 | INFO | enrich_content_tags | tagging Dagshai 2001/12 DEC - 2001/NEW YEAR CAMP DAGSHAI 30 DEC - 1 JAN 2002/31 DEC - 3$ - 530 PM/07 SAMBODHAN BY RISHI JI.json (chars=642, est_tokens=160, strategy=single-pass)
2026-07-09 09:05:22,409 | INFO | enrich_content_tags | Dagshai 2001/12 DEC - 2001/NEW YEAR CAMP DAGSHAI 30 DEC - 1 JAN 2002/31 DEC - 3$ - 530 PM/07 SAMBODHAN BY RISHI JI.json: tagged in 3.7s (event_type=bhajan, lang=hindi, topics=['satsang-schedule', 'meditation', 'new-year-camp', 'guru-pranam'])
2026-07-09 09:05:22,411 | INFO | enrich_content_tags | tagging Dagshai 2001/12 DEC - 2001/NEW YEAR CAMP DAGSHAI 30 DEC - 1 JAN 2002/31 DEC - 4$ - 930 PM/02 SHLOK.json (chars=687, est_tokens=171, strategy=single-pass)
2026-07-09 09:05:25,214 | INFO | enrich_content_tags | Dagshai 2001/12 DEC - 2001/NEW YEAR CAMP DAGSHAI 30 DEC - 1 JAN 2002/31 DEC - 4$ - 930 PM/02 SHLOK.json: tagged in 2.8s (event_type=bhajan, lang=hindi, topics=['divine-attributes', 'bhakti', 'self-realization', 'spiritual-teacher', 'eternal-bliss'])
2026-07-09 09:05:25,216 | INFO | enrich_content_tags | tagging Dagshai 2001/12 DEC - 2001/NEW YEAR CAMP DAGSHAI 30 DEC - 1 JAN 2002/31 DEC - 4$ - 930 PM/03 MUKADDAR AAZMANE AA.json (chars=12800, est_tokens=3200, strategy=single-pass)
2026-07-09 09:05:41,188 | ERROR | enrich_content_tags | Dagshai 2001/12 DEC - 2001/NEW YEAR CAMP DAGSHAI 30 DEC - 1 JAN 2002/31 DEC - 4$ - 930 PM/03 MUKADDAR AAZMANE AA.json: tagging failed (json decode failed: Unterminated string starting at: line 5 column 4434 (char 4581)) — dead-letter dead_letter/tag_failures/Dagshai_2001_12_DEC_-_2001_NEW_YEAR_CAMP_DAGSHAI_30_DEC_-_1_JAN_2002_31_DEC_-_4__-_930_PM_03_MUKADDA.f5199c84d1f6.txt
2026-07-09 09:05:41,188 | ERROR | enrich_content_tags | [1068/9168] Dagshai 2001/12 DEC - 2001/NEW YEAR CAMP DAGSHAI 30 DEC - 1 JAN 2002/31 DEC - 4$ - 930 PM/03 MUKADDAR AAZMANE AA.json: json decode failed: Unterminated string starting at: line 5 column 4434 (char 4581)
2026-07-09 09:05:41,189 | INFO | enrich_content_tags | tagging Dagshai 2001/12 DEC - 2001/NEW YEAR CAMP DAGSHAI 30 DEC - 1 JAN 2002/31 DEC - 4$ - 930 PM/04 PAG GHUNGHRU BANDH MEERA.json (chars=6023, est_tokens=1505, strategy=single-pass)
2026-07-09 09:05:45,933 | INFO | enrich_content_tags | Dagshai 2001/12 DEC - 2001/NEW YEAR CAMP DAGSHAI 30 DEC - 1 JAN 2002/31 DEC - 4$ - 930 PM/04 PAG GHUNGHRU BANDH MEERA.json: tagged in 4.8s (event_type=bhajan, lang=hindi, topics=['bhajan', 'meera-bai', 'new-year-resolutions', 'inner-peace', 'spiritual-transformation'])
2026-07-09 09:05:45,934 | INFO | enrich_content_tags | tagging Dagshai 2001/12 DEC - 2001/NEW YEAR CAMP DAGSHAI 30 DEC - 1 JAN 2002/31 DEC - 4$ - 930 PM/05 ISHQ KA RUTBA.json (chars=3292, est_tokens=823, strategy=single-pass)
2026-07-09 09:05:49,664 | INFO | enrich_content_tags | Dagshai 2001/12 DEC - 2001/NEW YEAR CAMP DAGSHAI 30 DEC - 1 JAN 2002/31 DEC - 4$ - 930 PM/05 ISHQ KA RUTBA.json: tagged in 3.7s (event_type=bhajan, lang=hindi, topics=['ishq', 'prema', 'devotion', 'new-year', 'awakening'])
2026-07-09 09:05:49,665 | INFO | enrich_content_tags | tagging Dagshai 2001/12 DEC - 2001/NEW YEAR CAMP DAGSHAI 30 DEC - 1 JAN 2002/31 DEC - 4$ - 930 PM/06 OM GURUVE NAMAH.json (chars=2087, est_tokens=521, strategy=single-pass)
2026-07-09 09:05:53,322 | INFO | enrich_content_tags | Dagshai 2001/12 DEC - 2001/NEW YEAR CAMP DAGSHAI 30 DEC - 1 JAN 2002/31 DEC - 4$ - 930 PM/06 OM GURUVE NAMAH.json: tagged in 3.6s (event_type=bhajan, lang=hindi, topics=['new-year-celebration', 'prayer', 'meditation', 'bhakti', 'spiritual-light'])
2026-07-09 09:05:53,323 | INFO | enrich_content_tags | tagging Dagshai 2001/12 DEC - 2001/NEW YEAR CAMP DAGSHAI 30 DEC - 1 JAN 2002/31 DEC - 4$ - 930 PM/07 TERE NOOR TO & TU MANE YA.json (chars=3615, est_tokens=903, strategy=single-pass)
2026-07-09 09:05:56,734 | INFO | enrich_content_tags | Dagshai 2001/12 DEC - 2001/NEW YEAR CAMP DAGSHAI 30 DEC - 1 JAN 2002/31 DEC - 4$ - 930 PM/07 TERE NOOR TO & TU MANE YA.json: tagged in 3.4s (event_type=bhajan, lang=hindi, topics=['bhajan', 'new-year', 'love', 'devotion', 'gratitude'])
2026-07-09 09:05:56,735 | INFO | enrich_content_tags | tagging Dagshai 2001/12 DEC - 2001/NEW YEAR CAMP DAGSHAI 30 DEC - 1 JAN 2002/31 DEC - 4$ - 930 PM/08 MAHI O MAHI.json (chars=4017, est_tokens=1004, strategy=single-pass)
2026-07-09 09:06:00,819 | INFO | enrich_content_tags | Dagshai 2001/12 DEC - 2001/NEW YEAR CAMP DAGSHAI 30 DEC - 1 JAN 2002/31 DEC - 4$ - 930 PM/08 MAHI O MAHI.json: tagged in 4.1s (event_type=bhajan, lang=hindi, topics=['new-year-celebration', 'bhakti', 'divine-love', 'spiritual-awakening', 'gratitude'])
2026-07-09 09:06:00,821 | INFO | enrich_content_tags | tagging Dagshai 2001/12 DEC - 2001/NEW YEAR CAMP DAGSHAI 30 DEC - 1 JAN 2002/31 DEC - 4$ - 930 PM/09 BHAJMAN NARAYAN.json (chars=4201, est_tokens=1050, strategy=single-pass)
2026-07-09 09:06:04,893 | INFO | enrich_content_tags | Dagshai 2001/12 DEC - 2001/NEW YEAR CAMP DAGSHAI 30 DEC - 1 JAN 2002/31 DEC - 4$ - 930 PM/09 BHAJMAN NARAYAN.json: tagged in 4.1s (event_type=bhajan, lang=hindi, topics=['bhajan', 'narayan', 'new-year', 'bhakti', 'awakening'])
2026-07-09 09:06:04,894 | INFO | enrich_content_tags | tagging Dagshai 2001/12 DEC - 2001/NEW YEAR CAMP DAGSHAI 30 DEC - 1 JAN 2002/31 DEC - 4$ - 930 PM/10 AA TUJHE MAIN DIL MEIN.json (chars=3818, est_tokens=954, strategy=single-pass)
2026-07-09 09:06:08,173 | INFO | enrich_content_tags | Dagshai 2001/12 DEC - 2001/NEW YEAR CAMP DAGSHAI 30 DEC - 1 JAN 2002/31 DEC - 4$ - 930 PM/10 AA TUJHE MAIN DIL MEIN.json: tagged in 3.3s (event_type=bhajan, lang=hindi, topics=['new-year', 'devotion', 'self-realization', 'light-of-knowledge', 'love'])
2026-07-09 09:06:08,174 | INFO | enrich_content_tags | tagging Dagshai 2001/12 DEC - 2001/NEW YEAR CAMP DAGSHAI 30 DEC - 1 JAN 2002/31 DEC - 4$ - 930 PM/11 NEW YEAR CELEBRATION.json (chars=629, est_tokens=157, strategy=single-pass)
2026-07-09 09:06:11,567 | INFO | enrich_content_tags | Dagshai 2001/12 DEC - 2001/NEW YEAR CAMP DAGSHAI 30 DEC - 1 JAN 2002/31 DEC - 4$ - 930 PM/11 NEW YEAR CELEBRATION.json: tagged in 3.4s (event_type=bhajan, lang=hindi, topics=['new-year-celebration', 'bhajan', 'devotion', 'guru-devotion'])
2026-07-09 09:06:11,569 | INFO | enrich_content_tags | tagging Dagshai 2001/12 DEC - 2001/NEW YEAR CAMP DAGSHAI 30 DEC - 1 JAN 2002/31 DEC - 4$ - 930 PM/12 MIX BHAJANS.json (chars=6935, est_tokens=1733, strategy=single-pass)
2026-07-09 09:06:16,108 | INFO | enrich_content_tags | Dagshai 2001/12 DEC - 2001/NEW YEAR CAMP DAGSHAI 30 DEC - 1 JAN 2002/31 DEC - 4$ - 930 PM/12 MIX BHAJANS.json: tagged in 4.6s (event_type=bhajan, lang=hindi, topics=['new-year-celebration', 'divine-love', 'bhakti-devotion', 'spiritual-intoxication', 'gratitude'])
2026-07-09 09:06:16,109 | INFO | enrich_content_tags | tagging Dagshai 2001/12 DEC - 2001/NEW YEAR CAMP DAGSHAI 30 DEC - 1 JAN 2002/31 DEC - 4$ - 930 PM/13 KAMLI MAIN HOIYAN.json (chars=1314, est_tokens=328, strategy=single-pass)
2026-07-09 09:06:19,877 | INFO | enrich_content_tags | Dagshai 2001/12 DEC - 2001/NEW YEAR CAMP DAGSHAI 30 DEC - 1 JAN 2002/31 DEC - 4$ - 930 PM/13 KAMLI MAIN HOIYAN.json: tagged in 3.7s (event_type=bhajan, lang=hindi, topics=['bhajan', 'satsang', 'new-year-celebration', 'divine-love', 'guru-devotion'])
2026-07-09 09:06:19,878 | INFO | enrich_content_tags | tagging Dagshai 2001/12 DEC - 2001/NEW YEAR CAMP DAGSHAI 30 DEC - 1 JAN 2002/31 DEC - 4$ - 930 PM/14 CONGRATULATIONS! & BLESSINGS!.json (chars=732, est_tokens=183, strategy=single-pass)
2026-07-09 09:07:14,442 | INFO | enrich_content_tags | Dagshai 2001/12 DEC - 2001/NEW YEAR CAMP DAGSHAI 30 DEC - 1 JAN 2002/31 DEC - 4$ - 930 PM/14 CONGRATULATIONS! & BLESSINGS!.json: tagged in 3.0s (event_type=bhajan, lang=hindi, topics=['new-year-blessings', 'divine-grace', 'bhakti', 'spiritual-strength'])
2026-07-09 09:07:14,444 | INFO | enrich_content_tags | tagging Dagshai 2001/12 DEC - 2001/NEW YEAR CAMP DAGSHAI 30 DEC - 1 JAN 2002/31 DEC - 4$ - 930 PM/15 SANGAT BHAJAN.json (chars=517, est_tokens=129, strategy=single-pass)
2026-07-09 09:06:25,919 | INFO | enrich_content_tags | Dagshai 2001/12 DEC - 2001/NEW YEAR CAMP DAGSHAI 30 DEC - 1 JAN 2002/31 DEC - 4$ - 930 PM/15 SANGAT BHAJAN.json: tagged in 3.1s (event_type=bhajan, lang=hindi, topics=['bhajan', 'devotion', 'divine-love', 'spiritual-songs'])
2026-07-09 09:06:25,920 | INFO | enrich_content_tags | tagging Dagshai 2001/12 DEC - 2001/NEW YEAR CAMP DAGSHAI 30 DEC - 1 JAN 2002/31 DEC - 4$ - 930 PM/16 SAMBODHAN (SWAMI JI & RISHI JI).json (chars=1412, est_tokens=353, strategy=single-pass)
2026-07-09 09:06:30,498 | INFO | enrich_content_tags | Dagshai 2001/12 DEC - 2001/NEW YEAR CAMP DAGSHAI 30 DEC - 1 JAN 2002/31 DEC - 4$ - 930 PM/16 SAMBODHAN (SWAMI JI & RISHI JI).json: tagged in 4.6s (event_type=bhajan, lang=hindi, topics=['new-year-prayers', 'divine-love', 'spiritual-rest', 'gratitude', 'bhakti'])
2026-07-09 09:06:30,500 | INFO | enrich_content_tags | tagging Dagshai 2001/12 DEC - 2001/NEW YEAR CAMP DAGSHAI 30 DEC - 1 JAN 2002/31 DEC - 4$ - 930 PM/17 MAIKADA BHI APNA HAI.json (chars=1018, est_tokens=254, strategy=single-pass)
2026-07-09 09:06:34,060 | INFO | enrich_content_tags | Dagshai 2001/12 DEC - 2001/NEW YEAR CAMP DAGSHAI 30 DEC - 1 JAN 2002/31 DEC - 4$ - 930 PM/17 MAIKADA BHI APNA HAI.json: tagged in 3.5s (event_type=bhajan, lang=hindi, topics=['bhajan', 'devotion', 'new-year-celebration', 'spiritual-identity', 'surrender'])
2026-07-09 09:06:34,061 | INFO | enrich_content_tags | tagging Dagshai 2001/12 DEC - 2001/NEW YEAR CAMP DAGSHAI 30 DEC - 1 JAN 2002/31 DEC - 4$ - 930 PM/18 GURUDEV MERE.json (chars=2257, est_tokens=564, strategy=single-pass)
2026-07-09 09:06:37,187 | INFO | enrich_content_tags | Dagshai 2001/12 DEC - 2001/NEW YEAR CAMP DAGSHAI 30 DEC - 1 JAN 2002/31 DEC - 4$ - 930 PM/18 GURUDEV MERE.json: tagged in 3.1s (event_type=bhajan, lang=hindi, topics=['bhakti', 'guru-bhakti', 'devotion', 'surrender', 'spiritual-identity'])
2026-07-09 09:06:37,189 | INFO | enrich_content_tags | tagging Dagshai 2001/12 DEC - 2001/NEW YEAR CAMP DAGSHAI 30 DEC - 1 JAN 2002/31 DEC - 4$ - 930 PM/19 SANGAT BHAJAN.json (chars=806, est_tokens=201, strategy=single-pass)
2026-07-09 09:06:39,693 | INFO | enrich_content_tags | Dagshai 2001/12 DEC - 2001/NEW YEAR CAMP DAGSHAI 30 DEC - 1 JAN 2002/31 DEC - 4$ - 930 PM/19 SANGAT BHAJAN.json: tagged in 2.5s (event_type=bhajan, lang=hindi, topics=['bhakti', 'divine-love', 'spiritual-longing'])
2026-07-09 09:06:39,694 | INFO | enrich_content_tags | tagging Dagshai 2001/12 DEC - 2001/NEW YEAR CAMP DAGSHAI 30 DEC - 1 JAN 2002/31 DEC - 4$ - 930 PM/20 NA JI BHAR KE.json (chars=1209, est_tokens=302, strategy=single-pass)
2026-07-09 09:06:42,665 | INFO | enrich_content_tags | Dagshai 2001/12 DEC - 2001/NEW YEAR CAMP DAGSHAI 30 DEC - 1 JAN 2002/31 DEC - 4$ - 930 PM/20 NA JI BHAR KE.json: tagged in 3.0s (event_type=bhajan, lang=hindi, topics=['bhajan', 'devotion', 'divine-mercy', 'new-year-celebration'])
2026-07-09 09:06:42,666 | INFO | enrich_content_tags | tagging Dagshai 2001/12 DEC - 2001/NEW YEAR CAMP DAGSHAI 30 DEC - 1 JAN 2002/31 DEC - 4$ - 930 PM/21 SAMBODHAN.json (chars=2393, est_tokens=598, strategy=single-pass)
2026-07-09 09:06:50,019 | INFO | enrich_content_tags | Dagshai 2001/12 DEC - 2001/NEW YEAR CAMP DAGSHAI 30 DEC - 1 JAN 2002/31 DEC - 4$ - 930 PM/21 SAMBODHAN.json: tagged in 7.4s (event_type=discourse, lang=hindi, topics=['announcements', 'meditation-centers', 'upcoming-events', 'community-work', 'travel-plans'])
2026-07-09 09:06:50,020 | INFO | enrich_content_tags | tagging Dagshai 2001/12 DEC - 2001/NEW YEAR CAMP DAGSHAI 30 DEC - 1 JAN 2002/31 DEC - 4$ - 930 PM/22 NIT KHAIR MANGA.json (chars=3618, est_tokens=904, strategy=single-pass)
2026-07-09 09:06:53,533 | INFO | enrich_content_tags | Dagshai 2001/12 DEC - 2001/NEW YEAR CAMP DAGSHAI 30 DEC - 1 JAN 2002/31 DEC - 4$ - 930 PM/22 NIT KHAIR MANGA.json: tagged in 3.5s (event_type=bhajan, lang=hindi, topics=['bhakti', 'guru-bhakti', 'self-surrender', 'new-year-devotion', 'spiritual-joy'])
2026-07-09 09:06:53,534 | INFO | enrich_content_tags | tagging Dagshai 2001/12 DEC - 2001/NEW YEAR CAMP DAGSHAI 30 DEC - 1 JAN 2002/31 DEC - 4$ - 930 PM/23 OM ONKAR.json (chars=266, est_tokens=66, strategy=single-pass)
2026-07-09 09:06:56,593 | INFO | enrich_content_tags | Dagshai 2001/12 DEC - 2001/NEW YEAR CAMP DAGSHAI 30 DEC - 1 JAN 2002/31 DEC - 4$ - 930 PM/23 OM ONKAR.json: tagged in 3.1s (event_type=bhajan, lang=hindi, topics=['bhajan', 'om-chanting', 'new-year-camp', 'spiritual-practice'])
2026-07-09 09:06:56,595 | INFO | enrich_content_tags | tagging Dagshai 2002/01 JAN - 2002/13 JAN - 6 PM/01 MEDITATION.json (chars=712, est_tokens=178, strategy=single-pass)
2026-07-09 09:06:59,012 | INFO | enrich_content_tags | Dagshai 2002/01 JAN - 2002/13 JAN - 6 PM/01 MEDITATION.json: tagged in 2.4s (event_type=meditation, lang=hindi, topics=['mindfulness', 'self-awareness', 'presence', 'meditation-practice'])
2026-07-09 09:06:59,014 | INFO | enrich_content_tags | tagging Dagshai 2002/01 JAN - 2002/13 JAN - 6 PM/02 OM GURUVE NAMAH.json (chars=402, est_tokens=100, strategy=single-pass)
2026-07-09 09:07:01,380 | INFO | enrich_content_tags | Dagshai 2002/01 JAN - 2002/13 JAN - 6 PM/02 OM GURUVE NAMAH.json: tagged in 2.4s (event_type=bhajan, lang=hindi, topics=['invocation', 'chanting', 'guru-devotion'])
2026-07-09 09:07:01,382 | INFO | enrich_content_tags | tagging Dagshai 2002/01 JAN - 2002/13 JAN - 6 PM/03 MERO MAN VAIRAGI KAISO BANE.json (chars=23185, est_tokens=5796, strategy=single-pass)
2026-07-09 09:07:19,259 | ERROR | enrich_content_tags | Dagshai 2002/01 JAN - 2002/13 JAN - 6 PM/03 MERO MAN VAIRAGI KAISO BANE.json: tagging failed (json decode failed: Unterminated string starting at: line 260 column 5 (char 6023)) — dead-letter dead_letter/tag_failures/Dagshai_2002_01_JAN_-_2002_13_JAN_-_6_PM_03_MERO_MAN_VAIRAGI_KAISO_BANE.json.86c0cfed9d09.txt
2026-07-09 09:07:19,259 | ERROR | enrich_content_tags | [1091/9168] Dagshai 2002/01 JAN - 2002/13 JAN - 6 PM/03 MERO MAN VAIRAGI KAISO BANE.json: json decode failed: Unterminated string starting at: line 260 column 5 (char 6023)
2026-07-09 09:07:19,260 | INFO | enrich_content_tags | tagging Dagshai 2002/01 JAN - 2002/14 JAN - 6 PM/01 MEDITATION (INCOMPLETE).json (chars=219, est_tokens=54, strategy=single-pass)
2026-07-09 09:07:21,489 | INFO | enrich_content_tags | Dagshai 2002/01 JAN - 2002/14 JAN - 6 PM/01 MEDITATION (INCOMPLETE).json: tagged in 2.2s (event_type=bhajan, lang=hindi, topics=['meditation', 'mind-control', 'spiritual-practice'])
2026-07-09 09:07:21,490 | INFO | enrich_content_tags | tagging Dagshai 2002/01 JAN - 2002/14 JAN - 6 PM/02 OM GURUVE NAMAH.json (chars=540, est_tokens=135, strategy=single-pass)
2026-07-09 09:07:23,497 | INFO | enrich_content_tags | Dagshai 2002/01 JAN - 2002/14 JAN - 6 PM/02 OM GURUVE NAMAH.json: tagged in 2.0s (event_type=bhajan, lang=sanskrit, topics=['chanting', 'invocation', 'guru-devotion'])
2026-07-09 09:07:23,499 | INFO | enrich_content_tags | tagging Dagshai 2002/01 JAN - 2002/14 JAN - 6 PM/03 MUJHEY HAI TALASH TERI.json (chars=1397, est_tokens=349, strategy=single-pass)
2026-07-09 09:07:25,852 | INFO | enrich_content_tags | Dagshai 2002/01 JAN - 2002/14 JAN - 6 PM/03 MUJHEY HAI TALASH TERI.json: tagged in 2.4s (event_type=bhajan, lang=hindi, topics=['bhakti', 'devotion', 'love-of-god', 'spiritual-longing'])
2026-07-09 09:07:25,853 | INFO | enrich_content_tags | tagging Dagshai 2002/01 JAN - 2002/14 JAN - 6 PM/04 BAAZI LAGAI AISEE.json (chars=3070, est_tokens=767, strategy=single-pass)
2026-07-09 09:07:29,291 | INFO | enrich_content_tags | Dagshai 2002/01 JAN - 2002/14 JAN - 6 PM/04 BAAZI LAGAI AISEE.json: tagged in 3.5s (event_type=bhajan, lang=hindi, topics=['bhajan', 'love-of-god', 'guru-devotion', 'life-transformation', 'spiritual-market'])
2026-07-09 09:07:29,293 | INFO | enrich_content_tags | tagging Dagshai 2002/01 JAN - 2002/14 JAN - 6 PM/05 SAMBODHAN - SWAMI JI.json (chars=261, est_tokens=65, strategy=single-pass)
2026-07-09 09:07:31,386 | INFO | enrich_content_tags | Dagshai 2002/01 JAN - 2002/14 JAN - 6 PM/05 SAMBODHAN - SWAMI JI.json: tagged in 2.1s (event_type=bhajan, lang=hindi, topics=['devotion', 'family', 'spiritual-relationships'])
2026-07-09 09:07:31,388 | INFO | enrich_content_tags | tagging Dagshai 2002/01 JAN - 2002/15 JAN - 630 PM/01 MEDITATION.json (chars=746, est_tokens=186, strategy=single-pass)
2026-07-09 09:07:34,018 | INFO | enrich_content_tags | Dagshai 2002/01 JAN - 2002/15 JAN - 630 PM/01 MEDITATION.json: tagged in 2.6s (event_type=meditation, lang=hindi, topics=['mind-control', 'self-observation', 'meditation-practice', 'detachment-from-thoughts', 'spiritual-discipline'])
2026-07-09 09:07:34,019 | INFO | enrich_content_tags | tagging Dagshai 2002/01 JAN - 2002/15 JAN - 630 PM/02 OM GURUVE NAMAH.json (chars=753, est_tokens=188, strategy=single-pass)
2026-07-09 09:07:36,196 | INFO | enrich_content_tags | Dagshai 2002/01 JAN - 2002/15 JAN - 630 PM/02 OM GURUVE NAMAH.json: tagged in 2.2s (event_type=bhajan, lang=hindi, topics=['devotional-songs', 'guru-devotion', 'chanting'])
2026-07-09 09:07:36,197 | INFO | enrich_content_tags | tagging Dagshai 2002/01 JAN - 2002/15 JAN - 630 PM/03 TERA DARSH PANE KO.json (chars=2282, est_tokens=570, strategy=single-pass)
2026-07-09 09:07:38,773 | INFO | enrich_content_tags | Dagshai 2002/01 JAN - 2002/15 JAN - 630 PM/03 TERA DARSH PANE KO.json: tagged in 2.8s (event_type=bhajan, lang=hindi, topics=['devotion', 'self-surrender', 'world-illusion', 'divine-love', 'spiritual-longing'])
2026-07-09 09:07:38,775 | INFO | enrich_content_tags | tagging Dagshai 2002/01 JAN - 2002/15 JAN - 630 PM/04 SAMBODHAN - SWAMI JI.json (chars=250, est_tokens=62, strategy=single-pass)
2026-07-09 09:07:40,729 | INFO | enrich_content_tags | Dagshai 2002/01 JAN - 2002/15 JAN - 630 PM/04 SAMBODHAN - SWAMI JI.json: tagged in 2.0s (event_type=bhajan, lang=hindi, topics=['bhajan', 'devotion', 'spiritual-songs'])
2026-07-09 09:07:40,730 | INFO | enrich_content_tags | tagging Dagshai 2002/01 JAN - 2002/15 JAN - 730 AM/01 MEDITATION.json (chars=688, est_tokens=172, strategy=single-pass)
2026-07-09 09:07:42,817 | INFO | enrich_content_tags | Dagshai 2002/01 JAN - 2002/15 JAN - 730 AM/01 MEDITATION.json: tagged in 2.1s (event_type=meditation, lang=mixed, topics=['chanting', 'meditation', 'devotion', 'self-inquiry'])
2026-07-09 09:07:42,819 | INFO | enrich_content_tags | tagging Dagshai 2002/01 JAN - 2002/15 JAN - 730 AM/02 OM GURUVE NAMAH.json (chars=2078, est_tokens=519, strategy=single-pass)
2026-07-09 09:07:45,473 | INFO | enrich_content_tags | Dagshai 2002/01 JAN - 2002/15 JAN - 730 AM/02 OM GURUVE NAMAH.json: tagged in 2.6s (event_type=bhajan, lang=sanskrit, topics=['devotion', 'chanting', 'guru-bhakti', 'mantra-recitation'])
2026-07-09 09:07:45,474 | INFO | enrich_content_tags | tagging Dagshai 2002/01 JAN - 2002/16 JAN - 630 AM/01 MEDITATION.json (chars=944, est_tokens=236, strategy=single-pass)
2026-07-09 09:08:39,699 | INFO | enrich_content_tags | Dagshai 2002/01 JAN - 2002/16 JAN - 630 AM/01 MEDITATION.json: tagged in 2.6s (event_type=meditation, lang=hindi, topics=['meditation', 'self-awareness', 'spiritual-practice', 'consciousness', 'devotion'])
2026-07-09 09:08:39,700 | INFO | enrich_content_tags | tagging Dagshai 2002/01 JAN - 2002/16 JAN - 630 AM/02 OM GURUVE NAMAH.json (chars=434, est_tokens=108, strategy=single-pass)
2026-07-09 09:07:50,130 | INFO | enrich_content_tags | Dagshai 2002/01 JAN - 2002/16 JAN - 630 AM/02 OM GURUVE NAMAH.json: tagged in 2.0s (event_type=bhajan, lang=sanskrit, topics=['guru-devotion', 'chanting', 'spiritual-surrender'])
2026-07-09 09:07:50,131 | INFO | enrich_content_tags | tagging Dagshai 2002/01 JAN - 2002/16 JAN - 630 AM/03 MERE SADGURU MUJHKO DENA SAHARA.json (chars=7252, est_tokens=1813, strategy=single-pass)
2026-07-09 09:07:53,826 | INFO | enrich_content_tags | Dagshai 2002/01 JAN - 2002/16 JAN - 630 AM/03 MERE SADGURU MUJHKO DENA SAHARA.json: tagged in 3.7s (event_type=bhajan, lang=hindi, topics=['bhajan', 'self-inquiry', 'devotion', 'nature', 'awakening'])
2026-07-09 09:07:53,827 | INFO | enrich_content_tags | tagging Dagshai 2002/01 JAN - 2002/16 JAN - 630 PM/01 MEDITATION.json (chars=2421, est_tokens=605, strategy=single-pass)
2026-07-09 09:07:56,583 | INFO | enrich_content_tags | Dagshai 2002/01 JAN - 2002/16 JAN - 630 PM/01 MEDITATION.json: tagged in 2.8s (event_type=meditation, lang=hindi, topics=['self-awareness', 'mindfulness', 'darkness-light', 'habit-transformation', 'meditation-practice'])
2026-07-09 09:07:56,584 | INFO | enrich_content_tags | tagging Dagshai 2002/01 JAN - 2002/16 JAN - 630 PM/02 OM GURUVE NAMAH.json (chars=390, est_tokens=97, strategy=single-pass)
2026-07-09 09:07:58,743 | INFO | enrich_content_tags | Dagshai 2002/01 JAN - 2002/16 JAN - 630 PM/02 OM GURUVE NAMAH.json: tagged in 2.1s (event_type=bhajan, lang=hindi, topics=['guru-bhakti', ' Invocation', 'spiritual-practice'])
2026-07-09 09:07:58,744 | INFO | enrich_content_tags | tagging Dagshai 2002/01 JAN - 2002/16 JAN - 630 PM/03 BATON HI BATON MEIN .json (chars=11163, est_tokens=2790, strategy=single-pass)
2026-07-09 09:08:03,549 | INFO | enrich_content_tags | Dagshai 2002/01 JAN - 2002/16 JAN - 630 PM/03 BATON HI BATON MEIN .json: tagged in 4.8s (event_type=bhajan, lang=hindi, topics=['self-inquiry', 'meditation', 'desire', 'spiritual-mastery', 'mind-control'])
2026-07-09 09:08:03,551 | INFO | enrich_content_tags | tagging Dagshai 2002/01 JAN - 2002/16 JAN - 630 PM/04 SAMBODHAN - SWAMI JI.json (chars=1047, est_tokens=261, strategy=single-pass)
2026-07-09 09:08:05,896 | INFO | enrich_content_tags | Dagshai 2002/01 JAN - 2002/16 JAN - 630 PM/04 SAMBODHAN - SWAMI JI.json: tagged in 2.3s (event_type=bhajan, lang=hindi, topics=['meditation', 'mantra-practice', 'habit-formation', 'spiritual-discipline', 'devotion'])
2026-07-09 09:08:05,898 | INFO | enrich_content_tags | tagging Dagshai 2002/01 JAN - 2002/17 JAN - 6 PM/01 MEDITATION.json (chars=486, est_tokens=121, strategy=single-pass)
2026-07-09 09:08:59,585 | INFO | enrich_content_tags | Dagshai 2002/01 JAN - 2002/17 JAN - 6 PM/01 MEDITATION.json: tagged in 2.1s (event_type=meditation, lang=hindi, topics=['meditation', 'chanting', 'spiritual-practice'])
2026-07-09 09:08:59,586 | INFO | enrich_content_tags | tagging Dagshai 2002/01 JAN - 2002/17 JAN - 6 PM/02 OM GURUVE NAMAH.json (chars=1215, est_tokens=303, strategy=single-pass)
2026-07-09 09:08:10,280 | INFO | enrich_content_tags | Dagshai 2002/01 JAN - 2002/17 JAN - 6 PM/02 OM GURUVE NAMAH.json: tagged in 2.3s (event_type=bhajan, lang=hindi, topics=['bhakti', 'chanting', 'devotion', 'guru-bhakti'])
2026-07-09 09:08:10,282 | INFO | enrich_content_tags | tagging Dagshai 2002/01 JAN - 2002/17 JAN - 6 PM/03 ZARA TO KHUL KE BARAS.json (chars=23207, est_tokens=5801, strategy=single-pass)
2026-07-09 09:08:18,281 | INFO | enrich_content_tags | Dagshai 2002/01 JAN - 2002/17 JAN - 6 PM/03 ZARA TO KHUL KE BARAS.json: tagged in 8.0s (event_type=bhajan, lang=hindi, topics=['devotion', 'surrender', 'bhakti', 'love-of-god', 'suffering'])
2026-07-09 09:08:18,282 | INFO | enrich_content_tags | tagging Dagshai 2002/01 JAN - 2002/17 JAN - 730 AM/01 MEDITATION.json (chars=1408, est_tokens=352, strategy=single-pass)
2026-07-09 09:08:21,305 | INFO | enrich_content_tags | Dagshai 2002/01 JAN - 2002/17 JAN - 730 AM/01 MEDITATION.json: tagged in 3.0s (event_type=meditation, lang=hindi, topics=['meditation-practice', 'self-awareness', 'inner-focus', 'surrender', 'mind-control'])
2026-07-09 09:08:21,306 | INFO | enrich_content_tags | tagging Dagshai 2002/01 JAN - 2002/17 JAN - 730 AM/02 AA CHHOD KE SABHI SAHARE.json (chars=12827, est_tokens=3206, strategy=single-pass)
2026-07-09 09:08:26,294 | INFO | enrich_content_tags | Dagshai 2002/01 JAN - 2002/17 JAN - 730 AM/02 AA CHHOD KE SABHI SAHARE.json: tagged in 5.0s (event_type=bhajan, lang=hindi, topics=['bhajan', 'self-awareness', 'witness-consciousness', 'samsara', 'guru-sharan'])
2026-07-09 09:08:26,295 | INFO | enrich_content_tags | tagging Dagshai 2002/01 JAN - 2002/18 JAN - 630 PM/01 MEDITATION.json (chars=1432, est_tokens=358, strategy=single-pass)
2026-07-09 09:08:28,962 | INFO | enrich_content_tags | Dagshai 2002/01 JAN - 2002/18 JAN - 630 PM/01 MEDITATION.json: tagged in 2.7s (event_type=meditation, lang=hindi, topics=['self-awareness', 'mind-control', 'meditation-practice', 'inner-observation', 'spiritual-growth'])
2026-07-09 09:08:28,963 | INFO | enrich_content_tags | tagging Dagshai 2002/01 JAN - 2002/18 JAN - 630 PM/02 OM GURUVE NAMAH.json (chars=539, est_tokens=134, strategy=single-pass)
2026-07-09 09:08:30,948 | INFO | enrich_content_tags | Dagshai 2002/01 JAN - 2002/18 JAN - 630 PM/02 OM GURUVE NAMAH.json: tagged in 2.0s (event_type=bhajan, lang=sanskrit, topics=['devotion', 'chanting', 'guru-bhakti'])
2026-07-09 09:08:30,950 | INFO | enrich_content_tags | tagging Dagshai 2002/01 JAN - 2002/18 JAN - 630 PM/03 MERI ZINDAGI MEIN KYA THA.json (chars=20490, est_tokens=5122, strategy=single-pass)
2026-07-09 09:09:39,793 | ERROR | enrich_content_tags | Dagshai 2002/01 JAN - 2002/18 JAN - 630 PM/03 MERI ZINDAGI MEIN KYA THA.json: tagging failed (json decode failed: Expecting value: line 246 column 18 (char 5142)) — dead-letter dead_letter/tag_failures/Dagshai_2002_01_JAN_-_2002_18_JAN_-_630_PM_03_MERI_ZINDAGI_MEIN_KYA_THA.json.97012f306349.txt
2026-07-09 09:09:39,793 | ERROR | enrich_content_tags | [1117/9168] Dagshai 2002/01 JAN - 2002/18 JAN - 630 PM/03 MERI ZINDAGI MEIN KYA THA.json: json decode failed: Expecting value: line 246 column 18 (char 5142)
2026-07-09 09:09:39,794 | INFO | enrich_content_tags | tagging Dagshai 2002/01 JAN - 2002/18 JAN - 630 PM/04 SAMBODHAN - SWAMI JI.json (chars=1934, est_tokens=483, strategy=single-pass)
2026-07-09 09:09:43,708 | INFO | enrich_content_tags | Dagshai 2002/01 JAN - 2002/18 JAN - 630 PM/04 SAMBODHAN - SWAMI JI.json: tagged in 3.9s (event_type=bhajan, lang=hindi, topics=['devotion', 'sacrifice', 'freedom', 'service', 'spiritual-life'])
2026-07-09 09:09:43,709 | INFO | enrich_content_tags | tagging Dagshai 2002/01 JAN - 2002/19 JAN - 630 AM/01 OM GURUVE NAMAH.json (chars=1588, est_tokens=397, strategy=single-pass)
2026-07-09 09:09:46,380 | INFO | enrich_content_tags | Dagshai 2002/01 JAN - 2002/19 JAN - 630 AM/01 OM GURUVE NAMAH.json: tagged in 2.7s (event_type=bhajan, lang=hindi, topics=['bhakti', 'guru-bhakti', 'devotional-song', 'self-realization', 'oneness'])
2026-07-09 09:09:46,382 | INFO | enrich_content_tags | tagging Dagshai 2002/01 JAN - 2002/19 JAN - 630 AM/02 GURUDEV MERE GURUDEV MERE.json (chars=1990, est_tokens=497, strategy=single-pass)
2026-07-09 09:09:49,032 | INFO | enrich_content_tags | Dagshai 2002/01 JAN - 2002/19 JAN - 630 AM/02 GURUDEV MERE GURUDEV MERE.json: tagged in 2.6s (event_type=bhajan, lang=hindi, topics=['bhakti', 'guru-bhakti', 'abandonment-of-world', 'divine-love', 'spiritual-surrender'])
2026-07-09 09:09:49,033 | INFO | enrich_content_tags | tagging Dagshai 2002/01 JAN - 2002/19 JAN - 6 PM/01 MEDITATION.json (chars=319, est_tokens=79, strategy=single-pass)
2026-07-09 09:09:51,243 | INFO | enrich_content_tags | Dagshai 2002/01 JAN - 2002/19 JAN - 6 PM/01 MEDITATION.json: tagged in 2.2s (event_type=meditation, lang=hindi, topics=['meditation-process', 'inner-awareness', 'darkness', 'mind-observation'])
2026-07-09 09:09:51,245 | INFO | enrich_content_tags | tagging Dagshai 2002/01 JAN - 2002/19 JAN - 6 PM/02 OM GURUVE NAMAH.json (chars=6504, est_tokens=1626, strategy=single-pass)
2026-07-09 09:09:02,862 | INFO | enrich_content_tags | Dagshai 2002/01 JAN - 2002/19 JAN - 6 PM/02 OM GURUVE NAMAH.json: tagged in 3.2s (event_type=bhajan, lang=hindi, topics=['guru-bhakti', 'nam-sankirtan', 'moral-conduct', 'devotion', 'spiritual-life'])
2026-07-09 09:09:02,863 | INFO | enrich_content_tags | tagging Dagshai 2002/01 JAN - 2002/DAGSHAI 2 - 11 JAN 2002/10 JAN - 8$ - 6 PM/01 MEDITATION.json (chars=612, est_tokens=153, strategy=single-pass)
2026-07-09 09:09:05,858 | INFO | enrich_content_tags | Dagshai 2002/01 JAN - 2002/DAGSHAI 2 - 11 JAN 2002/10 JAN - 8$ - 6 PM/01 MEDITATION.json: tagged in 3.0s (event_type=meditation, lang=hindi, topics=['meditation', 'self-awareness', 'inner-light', 'sadhana', 'consciousness'])
2026-07-09 09:09:05,859 | INFO | enrich_content_tags | tagging Dagshai 2002/01 JAN - 2002/DAGSHAI 2 - 11 JAN 2002/10 JAN - 8$ - 6 PM/02 OM GURUVE NAMAH.json (chars=1413, est_tokens=353, strategy=single-pass)
2026-07-09 09:09:08,373 | INFO | enrich_content_tags | Dagshai 2002/01 JAN - 2002/DAGSHAI 2 - 11 JAN 2002/10 JAN - 8$ - 6 PM/02 OM GURUVE NAMAH.json: tagged in 2.5s (event_type=bhajan, lang=hindi, topics=['guru-bhakti', 'devotional-songs', 'spiritual-longing', 'human-duties'])
2026-07-09 09:09:08,375 | INFO | enrich_content_tags | tagging Dagshai 2002/01 JAN - 2002/DAGSHAI 2 - 11 JAN 2002/10 JAN - 8$ - 6 PM/03 KOI MANE YA NA MANE DILDARA.json (chars=21638, est_tokens=5409, strategy=single-pass)
2026-07-09 09:09:25,873 | ERROR | enrich_content_tags | Dagshai 2002/01 JAN - 2002/DAGSHAI 2 - 11 JAN 2002/10 JAN - 8$ - 6 PM/03 KOI MANE YA NA MANE DILDARA.json: tagging failed (json decode failed: Unterminated string starting at: line 5 column 5155 (char 5292)) — dead-letter dead_letter/tag_failures/Dagshai_2002_01_JAN_-_2002_DAGSHAI_2_-_11_JAN_2002_10_JAN_-_8__-_6_PM_03_KOI_MANE_YA_NA_MANE_DILDARA.0aa6d3b4d4a5.txt
2026-07-09 09:09:25,874 | ERROR | enrich_content_tags | [1125/9168] Dagshai 2002/01 JAN - 2002/DAGSHAI 2 - 11 JAN 2002/10 JAN - 8$ - 6 PM/03 KOI MANE YA NA MANE DILDARA.json: json decode failed: Unterminated string starting at: line 5 column 5155 (char 5292)
2026-07-09 09:09:25,875 | INFO | enrich_content_tags | tagging Dagshai 2002/01 JAN - 2002/DAGSHAI 2 - 11 JAN 2002/11 JAN - 10$ - 6 PM/01 MEDITATION.json (chars=1222, est_tokens=305, strategy=single-pass)
2026-07-09 09:09:28,653 | INFO | enrich_content_tags | Dagshai 2002/01 JAN - 2002/DAGSHAI 2 - 11 JAN 2002/11 JAN - 10$ - 6 PM/01 MEDITATION.json: tagged in 2.8s (event_type=meditation, lang=hindi, topics=['meditation', 'mindfulness', 'self-awareness', 'present-moment', 'spiritual-practice'])
2026-07-09 09:09:28,655 | INFO | enrich_content_tags | tagging Dagshai 2002/01 JAN - 2002/DAGSHAI 2 - 11 JAN 2002/11 JAN - 10$ - 6 PM/02 HEY MERE GURUDEV KARUNA SINDHU.json (chars=21419, est_tokens=5354, strategy=single-pass)
2026-07-09 09:09:46,132 | ERROR | enrich_content_tags | Dagshai 2002/01 JAN - 2002/DAGSHAI 2 - 11 JAN 2002/11 JAN - 10$ - 6 PM/02 HEY MERE GURUDEV KARUNA SINDHU.json: tagging failed (json decode failed: Unterminated string starting at: line 5 column 4499 (char 4654)) — dead-letter dead_letter/tag_failures/Dagshai_2002_01_JAN_-_2002_DAGSHAI_2_-_11_JAN_2002_11_JAN_-_10__-_6_PM_02_HEY_MERE_GURUDEV_KARUNA_SI.d8cd40745959.txt
2026-07-09 09:09:46,133 | ERROR | enrich_content_tags | [1127/9168] Dagshai 2002/01 JAN - 2002/DAGSHAI 2 - 11 JAN 2002/11 JAN - 10$ - 6 PM/02 HEY MERE GURUDEV KARUNA SINDHU.json: json decode failed: Unterminated string starting at: line 5 column 4499 (char 4654)
2026-07-09 09:09:46,134 | INFO | enrich_content_tags | tagging Dagshai 2002/01 JAN - 2002/DAGSHAI 2 - 11 JAN 2002/11 JAN - 10$ - 6 PM/03 OM GURUVE NAMAH.json (chars=1485, est_tokens=371, strategy=single-pass)
2026-07-09 09:09:50,069 | INFO | enrich_content_tags | Dagshai 2002/01 JAN - 2002/DAGSHAI 2 - 11 JAN 2002/11 JAN - 10$ - 6 PM/03 OM GURUVE NAMAH.json: tagged in 3.9s (event_type=bhajan, lang=hindi, topics=['bhakti', 'guru-bhakti', 'sufi-poetry', 'devotion', 'spiritual-songs'])
2026-07-09 09:09:50,070 | INFO | enrich_content_tags | tagging Dagshai 2002/01 JAN - 2002/DAGSHAI 2 - 11 JAN 2002/11 JAN - 10$ - 6 PM/04 SAMBODHAN.json (chars=1718, est_tokens=429, strategy=single-pass)
2026-07-09 09:09:54,399 | INFO | enrich_content_tags | Dagshai 2002/01 JAN - 2002/DAGSHAI 2 - 11 JAN 2002/11 JAN - 10$ - 6 PM/04 SAMBODHAN.json: tagged in 4.3s (event_type=discourse, lang=hindi, topics=['compassion', 'meditation', 'social-service', 'global-outreach', 'spiritual-growth'])
2026-07-09 09:09:54,401 | INFO | enrich_content_tags | tagging Dagshai 2002/01 JAN - 2002/DAGSHAI 2 - 11 JAN 2002/11 JAN - 9$ - 6 AM/01 MEDITATION.json (chars=1337, est_tokens=334, strategy=single-pass)
2026-07-09 09:09:57,362 | INFO | enrich_content_tags | Dagshai 2002/01 JAN - 2002/DAGSHAI 2 - 11 JAN 2002/11 JAN - 9$ - 6 AM/01 MEDITATION.json: tagged in 3.0s (event_type=meditation, lang=hindi, topics=['meditation', 'self-inquiry', 'consciousness', 'devotion', 'awareness'])
2026-07-09 09:09:57,364 | INFO | enrich_content_tags | tagging Dagshai 2002/01 JAN - 2002/DAGSHAI 2 - 11 JAN 2002/11 JAN - 9$ - 6 AM/02 OM GURUVE NAMAH.json (chars=858, est_tokens=214, strategy=single-pass)
2026-07-09 09:09:59,637 | INFO | enrich_content_tags | Dagshai 2002/01 JAN - 2002/DAGSHAI 2 - 11 JAN 2002/11 JAN - 9$ - 6 AM/02 OM GURUVE NAMAH.json: tagged in 2.3s (event_type=bhajan, lang=sanskrit, topics=['chanting', 'devotion', 'om-guruve-namah'])
2026-07-09 09:09:59,638 | INFO | enrich_content_tags | tagging Dagshai 2002/01 JAN - 2002/DAGSHAI 2 - 11 JAN 2002/11 JAN - 9$ - 6 AM/03 MERI ZINDAGI MEIN KYA THA.json (chars=26387, est_tokens=6596, strategy=single-pass)
2026-07-09 09:11:09,790 | ERROR | enrich_content_tags | Dagshai 2002/01 JAN - 2002/DAGSHAI 2 - 11 JAN 2002/11 JAN - 9$ - 6 AM/03 MERI ZINDAGI MEIN KYA THA.json: tagging failed (json decode failed: Unterminated string starting at: line 9 column 1310 (char 3713)) — dead-letter dead_letter/tag_failures/Dagshai_2002_01_JAN_-_2002_DAGSHAI_2_-_11_JAN_2002_11_JAN_-_9__-_6_AM_03_MERI_ZINDAGI_MEIN_KYA_THA.j.472410d7ad91.txt
2026-07-09 09:11:09,791 | ERROR | enrich_content_tags | [1132/9168] Dagshai 2002/01 JAN - 2002/DAGSHAI 2 - 11 JAN 2002/11 JAN - 9$ - 6 AM/03 MERI ZINDAGI MEIN KYA THA.json: json decode failed: Unterminated string starting at: line 9 column 1310 (char 3713)
2026-07-09 09:11:09,792 | INFO | enrich_content_tags | tagging Dagshai 2002/01 JAN - 2002/DAGSHAI 2 - 11 JAN 2002/4 JAN - 1$ - 6 PM/01 MEDITATION.json (chars=5373, est_tokens=1343, strategy=single-pass)
2026-07-09 09:10:22,220 | INFO | enrich_content_tags | Dagshai 2002/01 JAN - 2002/DAGSHAI 2 - 11 JAN 2002/4 JAN - 1$ - 6 PM/01 MEDITATION.json: tagged in 4.0s (event_type=meditation, lang=hindi, topics=['meditation', 'self-awareness', 'mind-control', 'presence', 'spiritual-practice'])
2026-07-09 09:10:22,222 | INFO | enrich_content_tags | tagging Dagshai 2002/01 JAN - 2002/DAGSHAI 2 - 11 JAN 2002/4 JAN - 1$ - 6 PM/02 TU NISHANE BE NISHAN HAIN (INCOMPLETE).json (chars=5392, est_tokens=1348, strategy=single-pass)
2026-07-09 09:10:25,767 | INFO | enrich_content_tags | Dagshai 2002/01 JAN - 2002/DAGSHAI 2 - 11 JAN 2002/4 JAN - 1$ - 6 PM/02 TU NISHANE BE NISHAN HAIN (INCOMPLETE).json: tagged in 3.5s (event_type=bhajan, lang=hindi, topics=['devotion', 'longing', 'suffering', 'divine-love', 'self-realization'])
2026-07-09 09:10:25,768 | INFO | enrich_content_tags | tagging Dagshai 2002/01 JAN - 2002/DAGSHAI 2 - 11 JAN 2002/5 JAN - 2$ - 6 AM/01 MEDITATION.json (chars=1768, est_tokens=442, strategy=single-pass)
2026-07-09 09:10:28,436 | INFO | enrich_content_tags | Dagshai 2002/01 JAN - 2002/DAGSHAI 2 - 11 JAN 2002/5 JAN - 2$ - 6 AM/01 MEDITATION.json: tagged in 2.7s (event_type=meditation, lang=hindi, topics=['meditation', 'self-inquiry', 'mindfulness', 'thoughtlessness', 'present-moment'])
2026-07-09 09:10:28,437 | INFO | enrich_content_tags | tagging Dagshai 2002/01 JAN - 2002/DAGSHAI 2 - 11 JAN 2002/5 JAN - 2$ - 6 AM/02 OM GURUVE NAMAH.json (chars=724, est_tokens=181, strategy=single-pass)
2026-07-09 09:10:30,933 | INFO | enrich_content_tags | Dagshai 2002/01 JAN - 2002/DAGSHAI 2 - 11 JAN 2002/5 JAN - 2$ - 6 AM/02 OM GURUVE NAMAH.json: tagged in 2.5s (event_type=bhajan, lang=sanskrit, topics=['devotion', 'chanting', 'gratitude', 'divine-mercy'])
2026-07-09 09:10:30,934 | INFO | enrich_content_tags | tagging Dagshai 2002/01 JAN - 2002/DAGSHAI 2 - 11 JAN 2002/5 JAN - 2$ - 6 AM/03 TERI MEHARBANI KA HAI BOJH.json (chars=24351, est_tokens=6087, strategy=single-pass)
2026-07-09 09:10:48,923 | ERROR | enrich_content_tags | Dagshai 2002/01 JAN - 2002/DAGSHAI 2 - 11 JAN 2002/5 JAN - 2$ - 6 AM/03 TERI MEHARBANI KA HAI BOJH.json: tagging failed (json decode failed: Unterminated string starting at: line 4 column 5567 (char 5625)) — dead-letter dead_letter/tag_failures/Dagshai_2002_01_JAN_-_2002_DAGSHAI_2_-_11_JAN_2002_5_JAN_-_2__-_6_AM_03_TERI_MEHARBANI_KA_HAI_BOJH.j.c1b3eae4fb5b.txt
2026-07-09 09:10:48,923 | ERROR | enrich_content_tags | [1137/9168] Dagshai 2002/01 JAN - 2002/DAGSHAI 2 - 11 JAN 2002/5 JAN - 2$ - 6 AM/03 TERI MEHARBANI KA HAI BOJH.json: json decode failed: Unterminated string starting at: line 4 column 5567 (char 5625)
2026-07-09 09:10:48,924 | INFO | enrich_content_tags | tagging Dagshai 2002/01 JAN - 2002/DAGSHAI 2 - 11 JAN 2002/5 JAN - 2$ - 6 AM/04 TERE CHARNO MEIN SAR RAKH.json (chars=3358, est_tokens=839, strategy=single-pass)
2026-07-09 09:10:51,614 | INFO | enrich_content_tags | Dagshai 2002/01 JAN - 2002/DAGSHAI 2 - 11 JAN 2002/5 JAN - 2$ - 6 AM/04 TERE CHARNO MEIN SAR RAKH.json: tagged in 2.7s (event_type=bhajan, lang=hindi, topics=['devotion', 'surrender', 'bhakti', 'self-surrender', 'love'])
2026-07-09 09:10:51,615 | INFO | enrich_content_tags | tagging Dagshai 2002/01 JAN - 2002/DAGSHAI 2 - 11 JAN 2002/6 JAN - 3$ - 6 AM/01 MEDITATION.json (chars=5344, est_tokens=1336, strategy=single-pass)
2026-07-09 09:10:54,361 | ERROR | enrich_content_tags | Dagshai 2002/01 JAN - 2002/DAGSHAI 2 - 11 JAN 2002/6 JAN - 3$ - 6 AM/01 MEDITATION.json: tagging failed (missing required keys: ['summary_hindi', 'summary_english']) — dead-letter dead_letter/tag_failures/Dagshai_2002_01_JAN_-_2002_DAGSHAI_2_-_11_JAN_2002_6_JAN_-_3__-_6_AM_01_MEDITATION.json.f4e15edd439e.txt
2026-07-09 09:10:54,362 | ERROR | enrich_content_tags | [1139/9168] Dagshai 2002/01 JAN - 2002/DAGSHAI 2 - 11 JAN 2002/6 JAN - 3$ - 6 AM/01 MEDITATION.json: missing required keys: ['summary_hindi', 'summary_english']
2026-07-09 09:10:54,362 | INFO | enrich_content_tags | tagging Dagshai 2002/01 JAN - 2002/DAGSHAI 2 - 11 JAN 2002/6 JAN - 3$ - 6 AM/02 OM GURUVE NAMAH.json (chars=705, est_tokens=176, strategy=single-pass)
2026-07-09 09:10:57,264 | INFO | enrich_content_tags | Dagshai 2002/01 JAN - 2002/DAGSHAI 2 - 11 JAN 2002/6 JAN - 3$ - 6 AM/02 OM GURUVE NAMAH.json: tagged in 2.9s (event_type=bhajan, lang=sanskrit, topics=['guru-devotion', 'chanting', 'invocation', 'light-and-darkness', 'immortality'])
2026-07-09 09:10:57,265 | INFO | enrich_content_tags | tagging Dagshai 2002/01 JAN - 2002/DAGSHAI 2 - 11 JAN 2002/6 JAN - 3$ - 6 AM/03 DATA TERE CHARNO KI (INCOMPLETE).json (chars=876, est_tokens=219, strategy=single-pass)
2026-07-09 09:10:59,900 | INFO | enrich_content_tags | Dagshai 2002/01 JAN - 2002/DAGSHAI 2 - 11 JAN 2002/6 JAN - 3$ - 6 AM/03 DATA TERE CHARNO KI (INCOMPLETE).json: tagged in 2.6s (event_type=bhajan, lang=hindi, topics=['bhakti', 'divine-love', 'grace', 'surrender'])
2026-07-09 09:10:59,901 | INFO | enrich_content_tags | tagging Dagshai 2002/01 JAN - 2002/DAGSHAI 2 - 11 JAN 2002/7 JAN - 4$ - 6 PM/01 MEDITATION.json (chars=570, est_tokens=142, strategy=single-pass)
2026-07-09 09:11:02,409 | INFO | enrich_content_tags | Dagshai 2002/01 JAN - 2002/DAGSHAI 2 - 11 JAN 2002/7 JAN - 4$ - 6 PM/01 MEDITATION.json: tagged in 2.5s (event_type=meditation, lang=hindi, topics=['mind-control', 'meditation-practice', 'self-awareness', 'chanting', 'spiritual-discipline'])
2026-07-09 09:11:02,410 | INFO | enrich_content_tags | tagging Dagshai 2002/01 JAN - 2002/DAGSHAI 2 - 11 JAN 2002/7 JAN - 4$ - 6 PM/02 OM GURUVE NAMAH.json (chars=678, est_tokens=169, strategy=single-pass)
2026-07-09 09:11:04,857 | INFO | enrich_content_tags | Dagshai 2002/01 JAN - 2002/DAGSHAI 2 - 11 JAN 2002/7 JAN - 4$ - 6 PM/02 OM GURUVE NAMAH.json: tagged in 2.4s (event_type=bhajan, lang=hindi, topics=['devotional-songs', 'prayer', 'chanting'])
2026-07-09 09:11:04,859 | INFO | enrich_content_tags | tagging Dagshai 2002/01 JAN - 2002/DAGSHAI 2 - 11 JAN 2002/7 JAN - 4$ - 6 PM/03 TU MERI SARKAR HAIN.json (chars=23350, est_tokens=5837, strategy=single-pass)
2026-07-09 09:11:12,779 | INFO | enrich_content_tags | Dagshai 2002/01 JAN - 2002/DAGSHAI 2 - 11 JAN 2002/7 JAN - 4$ - 6 PM/03 TU MERI SARKAR HAIN.json: tagged in 7.9s (event_type=bhajan, lang=hindi, topics=['bhakti', 'self-surrender', 'death-bed-scene', 'ego-transformation', 'divine-love'])
2026-07-09 09:11:12,781 | INFO | enrich_content_tags | tagging Dagshai 2002/01 JAN - 2002/DAGSHAI 2 - 11 JAN 2002/8 JAN - 5$ - 6 PM/01 MEDITATION.json (chars=5873, est_tokens=1468, strategy=single-pass)
2026-07-09 09:11:16,910 | INFO | enrich_content_tags | Dagshai 2002/01 JAN - 2002/DAGSHAI 2 - 11 JAN 2002/8 JAN - 5$ - 6 PM/01 MEDITATION.json: tagged in 4.1s (event_type=meditation, lang=hindi, topics=['meditation', 'self-awareness', 'mindfulness', 'consciousness', 'nature'])
2026-07-09 09:11:16,911 | INFO | enrich_content_tags | tagging Dagshai 2002/01 JAN - 2002/DAGSHAI 2 - 11 JAN 2002/8 JAN - 5$ - 6 PM/02 OM GURUVE NAMAH.json (chars=646, est_tokens=161, strategy=single-pass)
2026-07-09 09:11:19,572 | INFO | enrich_content_tags | Dagshai 2002/01 JAN - 2002/DAGSHAI 2 - 11 JAN 2002/8 JAN - 5$ - 6 PM/02 OM GURUVE NAMAH.json: tagged in 2.7s (event_type=bhajan, lang=hindi, topics=['devotional-songs', 'guru-devotion', 'chanting'])
2026-07-09 09:11:19,574 | INFO | enrich_content_tags | tagging Dagshai 2002/01 JAN - 2002/DAGSHAI 2 - 11 JAN 2002/8 JAN - 5$ - 6 PM/03 HEY MERE MURSHID MERI HASRAT.json (chars=11843, est_tokens=2960, strategy=single-pass)
2026-07-09 09:11:25,635 | INFO | enrich_content_tags | Dagshai 2002/01 JAN - 2002/DAGSHAI 2 - 11 JAN 2002/8 JAN - 5$ - 6 PM/03 HEY MERE MURSHID MERI HASRAT.json: tagged in 6.0s (event_type=bhajan, lang=hindi, topics=['bhajan', 'devotion', 'self-surrender', 'spiritual-integration', 'knowledge-vs-experience'])
2026-07-09 09:11:25,636 | INFO | enrich_content_tags | tagging Dagshai 2002/01 JAN - 2002/DAGSHAI 2 - 11 JAN 2002/9 JAN - 6$ - 6 AM/01 MEDITATION.json (chars=765, est_tokens=191, strategy=single-pass)
2026-07-09 09:11:28,704 | INFO | enrich_content_tags | Dagshai 2002/01 JAN - 2002/DAGSHAI 2 - 11 JAN 2002/9 JAN - 6$ - 6 AM/01 MEDITATION.json: tagged in 3.1s (event_type=meditation, lang=hindi, topics=['meditation', 'self-awareness', 'mind-control', 'spiritual-practice', 'inner-light'])
2026-07-09 09:11:28,705 | INFO | enrich_content_tags | tagging Dagshai 2002/01 JAN - 2002/DAGSHAI 2 - 11 JAN 2002/9 JAN - 6$ - 6 AM/02 OM GURUVE NAMAH.json (chars=884, est_tokens=221, strategy=single-pass)
2026-07-09 09:11:31,044 | INFO | enrich_content_tags | Dagshai 2002/01 JAN - 2002/DAGSHAI 2 - 11 JAN 2002/9 JAN - 6$ - 6 AM/02 OM GURUVE NAMAH.json: tagged in 2.3s (event_type=bhajan, lang=sanskrit, topics=['devotion', 'chanting', 'guru-grace'])
2026-07-09 09:11:31,045 | INFO | enrich_content_tags | tagging Dagshai 2002/01 JAN - 2002/DAGSHAI 2 - 11 JAN 2002/9 JAN - 6$ - 6 AM/03 GAFLAT KI NEEND MEIN.json (chars=26197, est_tokens=6549, strategy=single-pass)
2026-07-09 09:11:39,713 | INFO | enrich_content_tags | Dagshai 2002/01 JAN - 2002/DAGSHAI 2 - 11 JAN 2002/9 JAN - 6$ - 6 AM/03 GAFLAT KI NEEND MEIN.json: tagged in 8.6s (event_type=bhajan, lang=hindi, topics=['karma-yoga', 'self-inquiry', 'detachment', 'compassion', 'awakening'])
2026-07-09 09:11:39,715 | INFO | enrich_content_tags | tagging Dagshai 2002/01 JAN - 2002/DAGSHAI 2 - 11 JAN 2002/9 JAN - 6$ - 6 AM/04 DEKH LIYA DUNIYA KA SARA.json (chars=4259, est_tokens=1064, strategy=single-pass)
2026-07-09 09:11:43,118 | INFO | enrich_content_tags | Dagshai 2002/01 JAN - 2002/DAGSHAI 2 - 11 JAN 2002/9 JAN - 6$ - 6 AM/04 DEKH LIYA DUNIYA KA SARA.json: tagged in 3.4s (event_type=bhajan, lang=hindi, topics=['self-realization', 'maya', 'devotion', 'worldly-illusion', 'spiritual-path'])
2026-07-09 09:11:43,120 | INFO | enrich_content_tags | tagging Dagshai 2002/01 JAN - 2002/DAGSHAI 2 - 11 JAN 2002/9 JAN - 6$ - 6 AM/05 PRAVACHAN.json (chars=1430, est_tokens=357, strategy=single-pass)
2026-07-09 09:11:45,850 | INFO | enrich_content_tags | Dagshai 2002/01 JAN - 2002/DAGSHAI 2 - 11 JAN 2002/9 JAN - 6$ - 6 AM/05 PRAVACHAN.json: tagged in 2.7s (event_type=discourse, lang=hindi, topics=['mental-health', 'inner-peace', 'right-action', 'divine-love', 'self-care'])
2026-07-09 09:11:45,851 | INFO | enrich_content_tags | tagging Dagshai 2002/01 JAN - 2002/DAGSHAI 2 - 11 JAN 2002/9 JAN - 7$ - 6 PM/01 MEDITATION.json (chars=765, est_tokens=191, strategy=single-pass)
2026-07-09 09:11:48,584 | INFO | enrich_content_tags | Dagshai 2002/01 JAN - 2002/DAGSHAI 2 - 11 JAN 2002/9 JAN - 7$ - 6 PM/01 MEDITATION.json: tagged in 2.7s (event_type=meditation, lang=hindi, topics=['meditation', 'awareness', 'self-observation', 'spiritual-practice'])
2026-07-09 09:11:48,585 | INFO | enrich_content_tags | tagging Dagshai 2002/01 JAN - 2002/DAGSHAI 2 - 11 JAN 2002/9 JAN - 7$ - 6 PM/02 OM GURUVE NAMAH.json (chars=3259, est_tokens=814, strategy=single-pass)
2026-07-09 09:11:51,952 | INFO | enrich_content_tags | Dagshai 2002/01 JAN - 2002/DAGSHAI 2 - 11 JAN 2002/9 JAN - 7$ - 6 PM/02 OM GURUVE NAMAH.json: tagged in 3.4s (event_type=bhajan, lang=hindi, topics=['guru-bhakti', 'nam-japa', 'self-realization', 'bhakti-yoga', 'divine-love'])
2026-07-09 09:11:51,953 | INFO | enrich_content_tags | tagging Dagshai 2002/01 JAN - 2002/DAGSHAI 2 - 11 JAN 2002/UNKNOWN/01 OM GURUVE NAMAH (INCOMPLETE).json (chars=3135, est_tokens=783, strategy=single-pass)
2026-07-09 09:11:55,049 | INFO | enrich_content_tags | Dagshai 2002/01 JAN - 2002/DAGSHAI 2 - 11 JAN 2002/UNKNOWN/01 OM GURUVE NAMAH (INCOMPLETE).json: tagged in 3.1s (event_type=bhajan, lang=hindi, topics=['bhajan', 'guru-bhakti', 'devotional-singing', 'spiritual-practice'])
2026-07-09 09:11:55,050 | INFO | enrich_content_tags | tagging Dagshai 2002/01 JAN - 2002/DAGSHAI 2 - 11 JAN 2002/UNKNOWN/02 SAMBODHAN (MORNING).json (chars=2397, est_tokens=599, strategy=single-pass)
2026-07-09 09:11:58,705 | INFO | enrich_content_tags | Dagshai 2002/01 JAN - 2002/DAGSHAI 2 - 11 JAN 2002/UNKNOWN/02 SAMBODHAN (MORNING).json: tagged in 3.6s (event_type=bhajan, lang=hindi, topics=['meditation', 'spiritual-discipline', 'community-support', 'vibrations', 'welcome'])
2026-07-09 09:11:58,706 | INFO | enrich_content_tags | tagging Dagshai 2002/01 JAN - 2002/DAGSHAI 2 - 11 JAN 2002/UNKNOWN/03 OM GURUVE NAMAH (INCOMPLETE).json (chars=306, est_tokens=76, strategy=single-pass)
2026-07-09 09:12:00,865 | INFO | enrich_content_tags | Dagshai 2002/01 JAN - 2002/DAGSHAI 2 - 11 JAN 2002/UNKNOWN/03 OM GURUVE NAMAH (INCOMPLETE).json: tagged in 2.2s (event_type=bhajan, lang=hindi, topics=['bhajan', 'devotion', 'spiritual-songs'])
2026-07-09 09:12:00,866 | INFO | enrich_content_tags | tagging Dagshai 2002/01 JAN - 2002/DAGSHAI 2 - 11 JAN 2002/UNKNOWN/04 MEDITATION (INCOMPLETE).json (chars=487, est_tokens=121, strategy=single-pass)
2026-07-09 09:12:03,185 | INFO | enrich_content_tags | Dagshai 2002/01 JAN - 2002/DAGSHAI 2 - 11 JAN 2002/UNKNOWN/04 MEDITATION (INCOMPLETE).json: tagged in 2.3s (event_type=bhajan, lang=hindi, topics=['meditation', 'inner-peace', 'morning-practice', 'spiritual-discipline'])
2026-07-09 09:12:03,186 | ERROR | enrich_content_tags | [1159/9168] Dagshai 2002/01 JAN - 2002/DAGSHAI 2 - 11 JAN 2002/UNKNOWN/05 MEDITATION (INCOMPLETE).json: empty transcript in chunk_meta
2026-07-09 09:12:03,187 | INFO | enrich_content_tags | tagging Dagshai 2002/01 JAN - 2002/DAGSHAI 2 - 11 JAN 2002/UNKNOWN/06 MERI ZINDAGI MEIN KYA THA (INCOMPLETEE).json (chars=416, est_tokens=104, strategy=single-pass)
2026-07-09 09:12:05,817 | INFO | enrich_content_tags | Dagshai 2002/01 JAN - 2002/DAGSHAI 2 - 11 JAN 2002/UNKNOWN/06 MERI ZINDAGI MEIN KYA THA (INCOMPLETEE).json: tagged in 2.6s (event_type=bhajan, lang=hindi, topics=['self-worth', 'spiritual-identity', 'materialism', 'bhajan-singing'])
2026-07-09 09:12:05,819 | INFO | enrich_content_tags | tagging Dagshai 2002/01 JAN - 2002/No Date No Time/03 MERI ZINDAGI MEIN KYA THA (INCOMPLETE).json (chars=231, est_tokens=57, strategy=single-pass)
2026-07-09 09:12:07,892 | INFO | enrich_content_tags | Dagshai 2002/01 JAN - 2002/No Date No Time/03 MERI ZINDAGI MEIN KYA THA (INCOMPLETE).json: tagged in 2.1s (event_type=bhajan, lang=hindi, topics=['bhajan', 'devotion', 'spiritual-songs'])
2026-07-09 09:12:07,894 | INFO | enrich_content_tags | tagging Dagshai 2002/01 JAN - 2002/No Date No Time/03 OM GURUVEE NAMAH.json (chars=602, est_tokens=150, strategy=single-pass)
2026-07-09 09:12:09,910 | INFO | enrich_content_tags | Dagshai 2002/01 JAN - 2002/No Date No Time/03 OM GURUVEE NAMAH.json: tagged in 2.0s (event_type=bhajan, lang=sanskrit, topics=['bhajan', 'devotion', 'chanting', 'guru-bhakti'])
2026-07-09 09:12:09,911 | INFO | enrich_content_tags | tagging Dagshai 2002/01 JAN - 2002/No Date No Time/04 BATON HI BATON MEIN (INCOMPLETE).json (chars=303, est_tokens=75, strategy=single-pass)
2026-07-09 09:12:12,085 | INFO | enrich_content_tags | Dagshai 2002/01 JAN - 2002/No Date No Time/04 BATON HI BATON MEIN (INCOMPLETE).json: tagged in 2.2s (event_type=bhajan, lang=hindi, topics=['bhajan', 'spiritual-wisdom', 'daily-life', 'knowledge-loss'])
2026-07-09 09:12:12,087 | INFO | enrich_content_tags | tagging Dagshai 2002/01 JAN - 2002/No Date No Time/04 MEDITATION (INCOMPLETE-1).json (chars=190, est_tokens=47, strategy=single-pass)
2026-07-09 09:12:14,061 | INFO | enrich_content_tags | Dagshai 2002/01 JAN - 2002/No Date No Time/04 MEDITATION (INCOMPLETE-1).json: tagged in 2.0s (event_type=bhajan, lang=hindi, topics=['bhajan', 'meditation', 'devotion'])
2026-07-09 09:12:14,062 | INFO | enrich_content_tags | tagging Dagshai 2002/01 JAN - 2002/No Date No Time/04 MEDITATION (INCOMPLETE).json (chars=225, est_tokens=56, strategy=single-pass)
2026-07-09 09:12:16,065 | INFO | enrich_content_tags | Dagshai 2002/01 JAN - 2002/No Date No Time/04 MEDITATION (INCOMPLETE).json: tagged in 2.0s (event_type=bhajan, lang=hindi, topics=['bhajan', 'meditation', 'devotion'])
2026-07-09 09:12:16,066 | INFO | enrich_content_tags | tagging Dagshai 2002/02 FEB - 2002/12 FEB - 12 PM/01 MEDITATION.json (chars=1883, est_tokens=470, strategy=single-pass)
2026-07-09 09:12:18,802 | INFO | enrich_content_tags | Dagshai 2002/02 FEB - 2002/12 FEB - 12 PM/01 MEDITATION.json: tagged in 2.7s (event_type=meditation, lang=hindi, topics=['mind-watching', 'self-observation', 'present-moment', 'inner-peace', 'awareness'])
2026-07-09 09:12:18,803 | INFO | enrich_content_tags | tagging Dagshai 2002/02 FEB - 2002/12 FEB - 12 PM/02 OM GURUVE NAMAH.json (chars=2200, est_tokens=550, strategy=single-pass)
2026-07-09 09:12:21,172 | INFO | enrich_content_tags | Dagshai 2002/02 FEB - 2002/12 FEB - 12 PM/02 OM GURUVE NAMAH.json: tagged in 2.4s (event_type=bhajan, lang=sanskrit, topics=['guru-bhakti', 'moral-conduct', 'spiritual-awakening', 'devotion', 'inner-purity'])
2026-07-09 09:12:21,173 | INFO | enrich_content_tags | tagging Dagshai 2002/02 FEB - 2002/12 FEB - 12 PM/03 DATA TERE CHARNO KI.json (chars=9369, est_tokens=2342, strategy=single-pass)
2026-07-09 09:12:24,739 | INFO | enrich_content_tags | Dagshai 2002/02 FEB - 2002/12 FEB - 12 PM/03 DATA TERE CHARNO KI.json: tagged in 3.6s (event_type=bhajan, lang=hindi, topics=['mind-control', 'self-awareness', 'bhakti', 'guru-sharan', 'inner-peace'])
2026-07-09 09:12:24,740 | INFO | enrich_content_tags | tagging Dagshai 2002/02 FEB - 2002/12 FEB - 6 PM/01 MEDITATION (INCOMPLETE).json (chars=191, est_tokens=47, strategy=single-pass)
2026-07-09 09:12:26,905 | INFO | enrich_content_tags | Dagshai 2002/02 FEB - 2002/12 FEB - 6 PM/01 MEDITATION (INCOMPLETE).json: tagged in 2.2s (event_type=bhajan, lang=hindi, topics=['bhajan', 'meditation', 'chanting'])
2026-07-09 09:12:26,906 | INFO | enrich_content_tags | tagging Dagshai 2002/02 FEB - 2002/12 FEB - 6 PM/02 PRAVACHAN (INCOMPLETE).json (chars=1560, est_tokens=390, strategy=single-pass)
2026-07-09 09:12:29,818 | INFO | enrich_content_tags | Dagshai 2002/02 FEB - 2002/12 FEB - 6 PM/02 PRAVACHAN (INCOMPLETE).json: tagged in 2.9s (event_type=bhajan, lang=hindi, topics=['divine-love', 'nature', 'selfless-service', 'faith', 'compassion'])
2026-07-09 09:12:29,820 | INFO | enrich_content_tags | tagging Dagshai 2002/02 FEB - 2002/12 FEB - 6 PM/03 BATON HI BATON MEIN .json (chars=8208, est_tokens=2052, strategy=single-pass)
2026-07-09 09:13:25,149 | INFO | enrich_content_tags | Dagshai 2002/02 FEB - 2002/12 FEB - 6 PM/03 BATON HI BATON MEIN .json: tagged in 3.7s (event_type=bhajan, lang=hindi, topics=['bhajan', 'satsang', 'surrender', 'service', 'devotion'])
2026-07-09 09:13:25,150 | INFO | enrich_content_tags | tagging Dagshai 2002/02 FEB - 2002/12 FEB - 6 PM/04 SAMBODHAN.json (chars=2377, est_tokens=594, strategy=single-pass)
2026-07-09 09:12:37,435 | INFO | enrich_content_tags | Dagshai 2002/02 FEB - 2002/12 FEB - 6 PM/04 SAMBODHAN.json: tagged in 3.9s (event_type=discourse, lang=hindi, topics=['spiritual-transformation', 'dedication', 'simplicity', 'service', 'meditation'])
2026-07-09 09:12:37,436 | INFO | enrich_content_tags | tagging Dagshai 2002/02 FEB - 2002/12 FEB - 7 AM/01 MEDITATION.json (chars=792, est_tokens=198, strategy=single-pass)
2026-07-09 09:12:39,980 | INFO | enrich_content_tags | Dagshai 2002/02 FEB - 2002/12 FEB - 7 AM/01 MEDITATION.json: tagged in 2.5s (event_type=meditation, lang=hindi, topics=['meditation', 'awareness', 'inner-observation', 'om-chanting', 'mind-control'])
2026-07-09 09:12:39,982 | INFO | enrich_content_tags | tagging Dagshai 2002/02 FEB - 2002/12 FEB - 7 AM/02 OM GURUVE NAMAH.json (chars=513, est_tokens=128, strategy=single-pass)
2026-07-09 09:12:41,978 | INFO | enrich_content_tags | Dagshai 2002/02 FEB - 2002/12 FEB - 7 AM/02 OM GURUVE NAMAH.json: tagged in 2.0s (event_type=bhajan, lang=sanskrit, topics=['guru-devotion', 'chanting', 'spiritual-practice'])
2026-07-09 09:12:41,980 | INFO | enrich_content_tags | tagging Dagshai 2002/02 FEB - 2002/12 FEB - 7 AM/03 MAIN PYASA TERE DARSHAN KA (INCOMPLETE).json (chars=14919, est_tokens=3729, strategy=single-pass)
2026-07-09 09:12:47,047 | INFO | enrich_content_tags | Dagshai 2002/02 FEB - 2002/12 FEB - 7 AM/03 MAIN PYASA TERE DARSHAN KA (INCOMPLETE).json: tagged in 5.0s (event_type=bhajan, lang=hindi, topics=['bhakti', 'self-surrender', 'death-awareness', 'satsang', 'inner-awakening'])
2026-07-09 09:12:47,048 | INFO | enrich_content_tags | tagging Dagshai 2002/02 FEB - 2002/13 FEB - 630 PM/01 MEDITATION.json (chars=882, est_tokens=220, strategy=single-pass)
2026-07-09 09:12:49,369 | INFO | enrich_content_tags | Dagshai 2002/02 FEB - 2002/13 FEB - 630 PM/01 MEDITATION.json: tagged in 2.3s (event_type=meditation, lang=hindi, topics=['self-awareness', 'inner-light', 'meditation-practice', 'consciousness'])
2026-07-09 09:12:49,371 | INFO | enrich_content_tags | tagging Dagshai 2002/02 FEB - 2002/13 FEB - 630 PM/02 OM GURUVE NAMAH.json (chars=1337, est_tokens=334, strategy=single-pass)
2026-07-09 09:12:51,725 | INFO | enrich_content_tags | Dagshai 2002/02 FEB - 2002/13 FEB - 630 PM/02 OM GURUVE NAMAH.json: tagged in 2.4s (event_type=bhajan, lang=hindi, topics=['bhajan', 'devotion', 'gratitude', 'spiritual-sound'])
2026-07-09 09:12:51,726 | INFO | enrich_content_tags | tagging Dagshai 2002/02 FEB - 2002/13 FEB - 630 PM/03 KAISE SAKOON & MERI AANKHO KO & SAMBODHAN.json (chars=11208, est_tokens=2802, strategy=single-pass)
2026-07-09 09:12:56,876 | INFO | enrich_content_tags | Dagshai 2002/02 FEB - 2002/13 FEB - 630 PM/03 KAISE SAKOON & MERI AANKHO KO & SAMBODHAN.json: tagged in 5.1s (event_type=bhajan, lang=hindi, topics=['bhakti', 'mirabai', 'divine-love', 'self-surrender', 'spiritual-crisis'])
2026-07-09 09:12:56,877 | INFO | enrich_content_tags | tagging Dagshai 2002/02 FEB - 2002/13 FEB - 630 PM/13 FEB - 6 PM (CASS REC)/01 MEDITATION.json (chars=693, est_tokens=173, strategy=single-pass)
2026-07-09 09:12:59,281 | INFO | enrich_content_tags | Dagshai 2002/02 FEB - 2002/13 FEB - 630 PM/13 FEB - 6 PM (CASS REC)/01 MEDITATION.json: tagged in 2.4s (event_type=meditation, lang=hindi, topics=['mindfulness', 'inner-awareness', 'spiritual-thirst', 'self-observation'])
2026-07-09 09:12:59,282 | INFO | enrich_content_tags | tagging Dagshai 2002/02 FEB - 2002/13 FEB - 630 PM/13 FEB - 6 PM (CASS REC)/02 OM GURUVE NAMAH.json (chars=657, est_tokens=164, strategy=single-pass)
2026-07-09 09:13:01,759 | INFO | enrich_content_tags | Dagshai 2002/02 FEB - 2002/13 FEB - 630 PM/13 FEB - 6 PM (CASS REC)/02 OM GURUVE NAMAH.json: tagged in 2.5s (event_type=bhajan, lang=sanskrit, topics=['devotion', 'chanting', 'guru-devotion'])
2026-07-09 09:13:01,760 | INFO | enrich_content_tags | tagging Dagshai 2002/02 FEB - 2002/13 FEB - 630 PM/13 FEB - 6 PM (CASS REC)/03 KAISE SAKOON PAOON.json (chars=5069, est_tokens=1267, strategy=single-pass)
2026-07-09 09:13:05,188 | INFO | enrich_content_tags | Dagshai 2002/02 FEB - 2002/13 FEB - 630 PM/13 FEB - 6 PM (CASS REC)/03 KAISE SAKOON PAOON.json: tagged in 3.4s (event_type=bhajan, lang=hindi, topics=['bhakti', 'guru-grace', 'spiritual-realization', 'devotion', 'inner-peace'])
2026-07-09 09:13:05,190 | INFO | enrich_content_tags | tagging Dagshai 2002/02 FEB - 2002/13 FEB - 630 PM/13 FEB - 6 PM (CASS REC)/04 MERI AAKHON KO BAKSHE HAIN (INCOMPLETE).json (chars=3449, est_tokens=862, strategy=single-pass)
2026-07-09 09:13:09,168 | INFO | enrich_content_tags | Dagshai 2002/02 FEB - 2002/13 FEB - 630 PM/13 FEB - 6 PM (CASS REC)/04 MERI AAKHON KO BAKSHE HAIN (INCOMPLETE).json: tagged in 4.0s (event_type=bhajan, lang=hindi, topics=['bhakti', 'mirabai', 'divine-love', 'surrender', 'devotion'])
2026-07-09 09:13:09,169 | INFO | enrich_content_tags | tagging Dagshai 2002/02 FEB - 2002/14 FEB - 630 PM/01 MEDITATION & OM GURUVE NAMAH.json (chars=1384, est_tokens=346, strategy=single-pass)
2026-07-09 09:13:11,715 | INFO | enrich_content_tags | Dagshai 2002/02 FEB - 2002/14 FEB - 630 PM/01 MEDITATION & OM GURUVE NAMAH.json: tagged in 2.5s (event_type=bhajan, lang=hindi, topics=['meditation', 'mindfulness', 'devotion', 'thoughtlessness', 'spiritual-practice'])
2026-07-09 09:13:11,716 | INFO | enrich_content_tags | tagging Dagshai 2002/02 FEB - 2002/14 FEB - 630 PM/02 MERE SADGURU BINA.json (chars=8417, est_tokens=2104, strategy=single-pass)
2026-07-09 09:13:15,385 | INFO | enrich_content_tags | Dagshai 2002/02 FEB - 2002/14 FEB - 630 PM/02 MERE SADGURU BINA.json: tagged in 3.7s (event_type=bhajan, lang=hindi, topics=['bhajan', 'devotion', 'self-reflection', 'surrender', 'grace'])
2026-07-09 09:13:15,387 | INFO | enrich_content_tags | tagging Dagshai 2002/02 FEB - 2002/14 FEB - 6 AM/01 TERI MEHARBANI KA HAI.json (chars=1990, est_tokens=497, strategy=single-pass)
2026-07-09 09:13:17,835 | INFO | enrich_content_tags | Dagshai 2002/02 FEB - 2002/14 FEB - 6 AM/01 TERI MEHARBANI KA HAI.json: tagged in 2.5s (event_type=bhajan, lang=hindi, topics=['devotion', 'gratitude', 'surrender', 'divine-love', 'spiritual-debt'])
2026-07-09 09:13:17,836 | INFO | enrich_content_tags | tagging Dagshai 2002/02 FEB - 2002/15 FEB - 630 PM/01 DHYAN MEIN UTRO & MEDITATION.json (chars=9293, est_tokens=2323, strategy=single-pass)
2026-07-09 09:13:21,811 | INFO | enrich_content_tags | Dagshai 2002/02 FEB - 2002/15 FEB - 630 PM/01 DHYAN MEIN UTRO & MEDITATION.json: tagged in 3.9s (event_type=bhajan, lang=hindi, topics=['meditation', 'self-inquiry', 'mind-detachment', 'inner-witness', 'stress-relief'])
2026-07-09 09:13:21,812 | INFO | enrich_content_tags | tagging Dagshai 2002/02 FEB - 2002/15 FEB - 630 PM/02 DHYAN HARI KA.json (chars=10784, est_tokens=2696, strategy=single-pass)
2026-07-09 09:13:25,807 | INFO | enrich_content_tags | Dagshai 2002/02 FEB - 2002/15 FEB - 630 PM/02 DHYAN HARI KA.json: tagged in 4.0s (event_type=bhajan, lang=mixed, topics=['self-inquiry', 'meditation', 'inner-awareness', 'spiritual-life', 'vedic-knowledge'])
2026-07-09 09:13:25,808 | INFO | enrich_content_tags | tagging Dagshai 2002/02 FEB - 2002/15 FEB - 630 PM/03 BATON HI BATON & OM GURUVE NAMAH.json (chars=3204, est_tokens=801, strategy=single-pass)
2026-07-09 09:13:28,686 | INFO | enrich_content_tags | Dagshai 2002/02 FEB - 2002/15 FEB - 630 PM/03 BATON HI BATON & OM GURUVE NAMAH.json: tagged in 2.9s (event_type=bhajan, lang=hindi, topics=['wasted-time', 'human-life', 'self-awareness', 'spiritual-wealth', 'guru-devotion'])
2026-07-09 09:13:28,687 | INFO | enrich_content_tags | tagging Dagshai 2002/02 FEB - 2002/16 FEB - 630 PM/01 MEDITATION.json (chars=11730, est_tokens=2932, strategy=single-pass)
2026-07-09 09:14:25,266 | INFO | enrich_content_tags | Dagshai 2002/02 FEB - 2002/16 FEB - 630 PM/01 MEDITATION.json: tagged in 5.0s (event_type=meditation, lang=hindi, topics=['self-inquiry', 'mind-watching', 'ego-transformation', 'divine-presence', 'meditation-practice'])
2026-07-09 09:14:25,268 | INFO | enrich_content_tags | tagging Dagshai 2002/02 FEB - 2002/16 FEB - 630 PM/02 OM GURUVE NAMAH.json (chars=11895, est_tokens=2973, strategy=single-pass)
2026-07-09 09:13:38,045 | INFO | enrich_content_tags | Dagshai 2002/02 FEB - 2002/16 FEB - 630 PM/02 OM GURUVE NAMAH.json: tagged in 4.4s (event_type=discourse, lang=hindi, topics=['guru-disciple', 'self-knowledge', 'ego-transformation', 'science-vs-spirituality', 'meditation'])
2026-07-09 09:13:38,046 | INFO | enrich_content_tags | tagging Dagshai 2002/02 FEB - 2002/16 FEB - 630 PM/03 ZARA TO KHUL KE BARAS.json (chars=8632, est_tokens=2158, strategy=single-pass)
2026-07-09 09:13:41,576 | INFO | enrich_content_tags | Dagshai 2002/02 FEB - 2002/16 FEB - 630 PM/03 ZARA TO KHUL KE BARAS.json: tagged in 3.5s (event_type=bhajan, lang=hindi, topics=['bhajan', 'grace', 'self-surrender', 'ignorance', 'spiritual-craving'])
2026-07-09 09:13:41,578 | INFO | enrich_content_tags | tagging Dagshai 2002/02 FEB - 2002/16 FEB - 630 PM/04 AAYE HAIN TERE MAIKHANE MEIN.json (chars=6749, est_tokens=1687, strategy=single-pass)
2026-07-09 09:13:45,335 | INFO | enrich_content_tags | Dagshai 2002/02 FEB - 2002/16 FEB - 630 PM/04 AAYE HAIN TERE MAIKHANE MEIN.json: tagged in 3.7s (event_type=bhajan, lang=hindi, topics=['bhajan', 'divine-love', 'spiritual-thirst', 'grace', 'self-realization'])
2026-07-09 09:13:45,336 | INFO | enrich_content_tags | tagging Dagshai 2002/02 FEB - 2002/16 FEB - 630 PM/05 SAMBODHAN.json (chars=693, est_tokens=173, strategy=single-pass)
2026-07-09 09:13:47,956 | INFO | enrich_content_tags | Dagshai 2002/02 FEB - 2002/16 FEB - 630 PM/05 SAMBODHAN.json: tagged in 2.6s (event_type=discourse, lang=hindi, topics=['meditation', 'schedule', 'service', 'spiritual-practice'])
2026-07-09 09:13:47,958 | INFO | enrich_content_tags | tagging Dagshai 2002/02 FEB - 2002/17 FEB - 1 PM/01 MEDITATION.json (chars=6273, est_tokens=1568, strategy=single-pass)
2026-07-09 09:13:52,153 | INFO | enrich_content_tags | Dagshai 2002/02 FEB - 2002/17 FEB - 1 PM/01 MEDITATION.json: tagged in 4.2s (event_type=meditation, lang=hindi, topics=['self-inquiry', 'mind-watching', 'maya', 'awareness', 'inner-peace'])
2026-07-09 09:13:52,154 | INFO | enrich_content_tags | tagging Dagshai 2002/02 FEB - 2002/17 FEB - 1 PM/02 MUJHE GURUVAR YAHI VAR DO.json (chars=20807, est_tokens=5201, strategy=single-pass)
2026-07-09 09:14:09,430 | ERROR | enrich_content_tags | Dagshai 2002/02 FEB - 2002/17 FEB - 1 PM/02 MUJHE GURUVAR YAHI VAR DO.json: tagging failed (json decode failed: Unterminated string starting at: line 5 column 5149 (char 5279)) — dead-letter dead_letter/tag_failures/Dagshai_2002_02_FEB_-_2002_17_FEB_-_1_PM_02_MUJHE_GURUVAR_YAHI_VAR_DO.json.83d0c49b1499.txt
2026-07-09 09:14:09,431 | ERROR | enrich_content_tags | [1195/9168] Dagshai 2002/02 FEB - 2002/17 FEB - 1 PM/02 MUJHE GURUVAR YAHI VAR DO.json: json decode failed: Unterminated string starting at: line 5 column 5149 (char 5279)
2026-07-09 09:14:09,432 | INFO | enrich_content_tags | tagging Dagshai 2002/02 FEB - 2002/17 FEB - 1 PM/03 YE ZINDAGI HAI CHAR DIN.json (chars=1010, est_tokens=252, strategy=single-pass)
2026-07-09 09:14:11,715 | INFO | enrich_content_tags | Dagshai 2002/02 FEB - 2002/17 FEB - 1 PM/03 YE ZINDAGI HAI CHAR DIN.json: tagged in 2.3s (event_type=bhajan, lang=hindi, topics=['life-purpose', 'humanity', 'service', 'compassion', 'divine-will'])
2026-07-09 09:14:11,716 | INFO | enrich_content_tags | tagging Dagshai 2002/02 FEB - 2002/17 FEB - 1 PM/04 HE HANSVAHINI.json (chars=1911, est_tokens=477, strategy=single-pass)
2026-07-09 09:14:14,242 | INFO | enrich_content_tags | Dagshai 2002/02 FEB - 2002/17 FEB - 1 PM/04 HE HANSVAHINI.json: tagged in 2.5s (event_type=bhajan, lang=hindi, topics=['bhakti', 'devotion', 'spiritual-songs', 'inner-light', 'self-transformation'])
2026-07-09 09:14:14,244 | INFO | enrich_content_tags | tagging Dagshai 2002/02 FEB - 2002/17 FEB - 1 PM/05 OM GURUVE NAMAH.json (chars=2443, est_tokens=610, strategy=single-pass)
2026-07-09 09:14:17,465 | INFO | enrich_content_tags | Dagshai 2002/02 FEB - 2002/17 FEB - 1 PM/05 OM GURUVE NAMAH.json: tagged in 3.2s (event_type=bhajan, lang=hindi, topics=['bhakti', 'guru-bhakti', 'jnana', 'nam-smaran', 'satsang'])
2026-07-09 09:14:17,466 | INFO | enrich_content_tags | tagging Dagshai 2002/02 FEB - 2002/17 FEB - 1 PM/06 SAMBODHAN.json (chars=1663, est_tokens=415, strategy=single-pass)
2026-07-09 09:14:20,875 | INFO | enrich_content_tags | Dagshai 2002/02 FEB - 2002/17 FEB - 1 PM/06 SAMBODHAN.json: tagged in 3.4s (event_type=satsang, lang=hindi, topics=['seva-sadhana', 'selfless-service', 'spiritual-refreshment', 'life-direction', 'compassion'])
2026-07-09 09:14:20,876 | INFO | enrich_content_tags | tagging Dagshai 2002/02 FEB - 2002/17 FEB - 630 PM/01 MEDITATION.json (chars=3859, est_tokens=964, strategy=single-pass)
2026-07-09 09:14:24,149 | INFO | enrich_content_tags | Dagshai 2002/02 FEB - 2002/17 FEB - 630 PM/01 MEDITATION.json: tagged in 3.3s (event_type=meditation, lang=hindi, topics=['mind-control', 'self-observation', 'inner-light', 'duality', 'stress-relief'])
2026-07-09 09:14:24,150 | INFO | enrich_content_tags | tagging Dagshai 2002/02 FEB - 2002/17 FEB - 630 PM/02 OM GURUVE NAMAH.json (chars=401, est_tokens=100, strategy=single-pass)
2026-07-09 09:14:26,089 | INFO | enrich_content_tags | Dagshai 2002/02 FEB - 2002/17 FEB - 630 PM/02 OM GURUVE NAMAH.json: tagged in 1.9s (event_type=bhajan, lang=sanskrit, topics=['devotion', 'chanting', 'guru-devotion'])
2026-07-09 09:14:26,090 | INFO | enrich_content_tags | tagging Dagshai 2002/02 FEB - 2002/17 FEB - 630 PM/03 GURUDEV MERE GURUDEV MERE.json (chars=6183, est_tokens=1545, strategy=single-pass)
2026-07-09 09:14:29,523 | INFO | enrich_content_tags | Dagshai 2002/02 FEB - 2002/17 FEB - 630 PM/03 GURUDEV MERE GURUDEV MERE.json: tagged in 3.4s (event_type=bhajan, lang=hindi, topics=['guru-bhakti', 'self-inquiry', 'life-purpose', 'detachment', 'divine-love'])
2026-07-09 09:14:29,524 | INFO | enrich_content_tags | tagging Dagshai 2002/02 FEB - 2002/17 FEB - 630 PM/04 GHAM SABHI RAAH KE.json (chars=4671, est_tokens=1167, strategy=single-pass)
2026-07-09 09:14:32,325 | INFO | enrich_content_tags | Dagshai 2002/02 FEB - 2002/17 FEB - 630 PM/04 GHAM SABHI RAAH KE.json: tagged in 2.8s (event_type=bhajan, lang=hindi, topics=['bhakti', 'karma', 'divine-love', 'suffering', 'devotion'])
2026-07-09 09:14:32,326 | INFO | enrich_content_tags | tagging Dagshai 2002/02 FEB - 2002/17 FEB - 630 PM/05 OM GURUVE NAMAH.json (chars=704, est_tokens=176, strategy=single-pass)
2026-07-09 09:14:34,453 | INFO | enrich_content_tags | Dagshai 2002/02 FEB - 2002/17 FEB - 630 PM/05 OM GURUVE NAMAH.json: tagged in 2.1s (event_type=bhajan, lang=sanskrit, topics=['devotion', 'chanting', 'guru-bhakti'])
2026-07-09 09:14:34,455 | INFO | enrich_content_tags | tagging Dagshai 2002/02 FEB - 2002/17 FEB - 630 PM/06 SAMBODHAN.json (chars=911, est_tokens=227, strategy=single-pass)
2026-07-09 09:14:37,752 | INFO | enrich_content_tags | Dagshai 2002/02 FEB - 2002/17 FEB - 630 PM/06 SAMBODHAN.json: tagged in 3.3s (event_type=discourse, lang=hindi, topics=['spiritual-awakening', 'devotion', 'transformation', 'youth-leadership', 'spiritual-gardening'])
2026-07-09 09:14:37,754 | INFO | enrich_content_tags | tagging Dagshai 2002/02 FEB - 2002/17 FEB - 630 PM/07 TERE NOOR TO MAIN.json (chars=1454, est_tokens=363, strategy=single-pass)
2026-07-09 09:14:40,350 | INFO | enrich_content_tags | Dagshai 2002/02 FEB - 2002/17 FEB - 630 PM/07 TERE NOOR TO MAIN.json: tagged in 2.6s (event_type=bhajan, lang=hindi, topics=['bhakti', 'divine-love', 'separation', 'spiritual-longing'])
2026-07-09 09:14:40,351 | INFO | enrich_content_tags | tagging Dagshai 2002/02 FEB - 2002/18 FEB - 630 PM/01 MEDITATION.json (chars=350, est_tokens=87, strategy=single-pass)
2026-07-09 09:14:42,326 | INFO | enrich_content_tags | Dagshai 2002/02 FEB - 2002/18 FEB - 630 PM/01 MEDITATION.json: tagged in 2.0s (event_type=meditation, lang=hindi, topics=['meditation', 'awareness', 'chanting', 'guru-devotion'])
2026-07-09 09:14:42,327 | INFO | enrich_content_tags | tagging Dagshai 2002/02 FEB - 2002/18 FEB - 630 PM/02 OM GURUVE NAMAH.json (chars=612, est_tokens=153, strategy=single-pass)
2026-07-09 09:14:44,345 | INFO | enrich_content_tags | Dagshai 2002/02 FEB - 2002/18 FEB - 630 PM/02 OM GURUVE NAMAH.json: tagged in 2.0s (event_type=bhajan, lang=sanskrit, topics=['devotion', 'chanting', 'guru-bhakti'])
2026-07-09 09:14:44,346 | INFO | enrich_content_tags | tagging Dagshai 2002/02 FEB - 2002/18 FEB - 630 PM/03 DEEDAR KE PYASE HAIN HUM.json (chars=2068, est_tokens=517, strategy=single-pass)
2026-07-09 09:14:47,271 | INFO | enrich_content_tags | Dagshai 2002/02 FEB - 2002/18 FEB - 630 PM/03 DEEDAR KE PYASE HAIN HUM.json: tagged in 2.9s (event_type=bhajan, lang=hindi, topics=['bhakti', 'divine-love', 'devotion', 'surrender', 'spiritual-longing'])
2026-07-09 09:14:47,272 | INFO | enrich_content_tags | tagging Dagshai 2002/02 FEB - 2002/19 FEB - 630 PM/01 MEDITATION.json (chars=1776, est_tokens=444, strategy=single-pass)
2026-07-09 09:14:50,203 | INFO | enrich_content_tags | Dagshai 2002/02 FEB - 2002/19 FEB - 630 PM/01 MEDITATION.json: tagged in 2.9s (event_type=meditation, lang=hindi, topics=['meditation', 'mind-control', 'self-awareness', 'spiritual-practice', 'devotion'])
2026-07-09 09:14:50,205 | INFO | enrich_content_tags | tagging Dagshai 2002/02 FEB - 2002/19 FEB - 630 PM/02 OM GURUVE NAMAH.json (chars=2332, est_tokens=583, strategy=single-pass)
2026-07-09 09:14:52,864 | INFO | enrich_content_tags | Dagshai 2002/02 FEB - 2002/19 FEB - 630 PM/02 OM GURUVE NAMAH.json: tagged in 2.7s (event_type=bhajan, lang=hindi, topics=['bhajan', 'devotion', 'chanting', 'guru-bhakti', 'spiritual-songs'])
2026-07-09 09:14:52,865 | INFO | enrich_content_tags | tagging Dagshai 2002/02 FEB - 2002/19 FEB - 630 PM/03 MERE MURSHID NIGHAHEN KARM.json (chars=4313, est_tokens=1078, strategy=single-pass)
2026-07-09 09:14:55,714 | INFO | enrich_content_tags | Dagshai 2002/02 FEB - 2002/19 FEB - 630 PM/03 MERE MURSHID NIGHAHEN KARM.json: tagged in 2.8s (event_type=bhajan, lang=hindi, topics=['devotion', 'future-worry', 'divine-protection', 'spiritual-courage', 'love-of-god'])
2026-07-09 09:14:55,716 | INFO | enrich_content_tags | tagging Dagshai 2002/02 FEB - 2002/20 FEB - 630 PM/01 MEDITATION.json (chars=1101, est_tokens=275, strategy=single-pass)
2026-07-09 09:14:58,186 | INFO | enrich_content_tags | Dagshai 2002/02 FEB - 2002/20 FEB - 630 PM/01 MEDITATION.json: tagged in 2.5s (event_type=meditation, lang=hindi, topics=['meditation', 'self-inquiry', 'mind-control', 'devotion', 'chanting'])
2026-07-09 09:14:58,187 | INFO | enrich_content_tags | tagging Dagshai 2002/02 FEB - 2002/20 FEB - 630 PM/02 OM GURUVE NAMAH.json (chars=2368, est_tokens=592, strategy=single-pass)
2026-07-09 09:15:01,058 | INFO | enrich_content_tags | Dagshai 2002/02 FEB - 2002/20 FEB - 630 PM/02 OM GURUVE NAMAH.json: tagged in 2.9s (event_type=bhajan, lang=hindi, topics=['guru-bhakti', 'om-guruve-namah', 'devotional-singing', 'spiritual-devotion'])
2026-07-09 09:15:01,059 | INFO | enrich_content_tags | tagging Dagshai 2002/02 FEB - 2002/21 FEB - 630 PM/01 MEDITATION.json (chars=1409, est_tokens=352, strategy=single-pass)
2026-07-09 09:15:03,488 | INFO | enrich_content_tags | Dagshai 2002/02 FEB - 2002/21 FEB - 630 PM/01 MEDITATION.json: tagged in 2.4s (event_type=meditation, lang=hindi, topics=['meditation', 'awareness', 'chanting', 'self-inquiry', 'devotion'])
2026-07-09 09:15:03,489 | INFO | enrich_content_tags | tagging Dagshai 2002/02 FEB - 2002/21 FEB - 630 PM/02 OM GURUVE NAMAH.json (chars=967, est_tokens=241, strategy=single-pass)
2026-07-09 09:15:06,072 | INFO | enrich_content_tags | Dagshai 2002/02 FEB - 2002/21 FEB - 630 PM/02 OM GURUVE NAMAH.json: tagged in 2.6s (event_type=bhajan, lang=hindi, topics=['devotion', 'chanting', 'guru-bhakti', 'spiritual-surrender'])
2026-07-09 09:15:06,073 | INFO | enrich_content_tags | tagging Dagshai 2002/02 FEB - 2002/21 FEB - 630 PM/03 MERO MAN VAIRAGI KAISO.json (chars=7248, est_tokens=1812, strategy=single-pass)
2026-07-09 09:15:09,530 | INFO | enrich_content_tags | Dagshai 2002/02 FEB - 2002/21 FEB - 630 PM/03 MERO MAN VAIRAGI KAISO.json: tagged in 3.4s (event_type=bhajan, lang=hindi, topics=['bhajan', 'self-inquiry', 'karma-yoga', 'maya', 'disease-of-mind'])
2026-07-09 09:15:09,531 | INFO | enrich_content_tags | tagging Dagshai 2002/02 FEB - 2002/21 FEB - 630 PM/04 MAIKHANE MEIN BAITHEN.json (chars=2965, est_tokens=741, strategy=single-pass)
2026-07-09 09:15:12,514 | INFO | enrich_content_tags | Dagshai 2002/02 FEB - 2002/21 FEB - 630 PM/04 MAIKHANE MEIN BAITHEN.json: tagged in 3.0s (event_type=bhajan, lang=hindi, topics=['bhajan', 'devotion', 'longing-for-guru', 'spiritual-longing', 'bhakti'])
2026-07-09 09:15:12,516 | INFO | enrich_content_tags | tagging Dagshai 2002/02 FEB - 2002/22 FEB - 630 PM/01 MEDITATION.json (chars=1462, est_tokens=365, strategy=single-pass)
2026-07-09 09:15:15,374 | INFO | enrich_content_tags | Dagshai 2002/02 FEB - 2002/22 FEB - 630 PM/01 MEDITATION.json: tagged in 2.9s (event_type=meditation, lang=hindi, topics=['meditation', 'self-inquiry', 'awareness', 'mind-control', 'divine-presence'])
2026-07-09 09:15:15,375 | INFO | enrich_content_tags | tagging Dagshai 2002/02 FEB - 2002/22 FEB - 630 PM/02 OM GURUVE NAMAH.json (chars=895, est_tokens=223, strategy=single-pass)
2026-07-09 09:15:17,464 | INFO | enrich_content_tags | Dagshai 2002/02 FEB - 2002/22 FEB - 630 PM/02 OM GURUVE NAMAH.json: tagged in 2.1s (event_type=bhajan, lang=hindi, topics=['devotional-songs', 'guru-devotion', 'chanting', 'spiritual-practice'])
2026-07-09 09:15:17,466 | INFO | enrich_content_tags | tagging Dagshai 2002/02 FEB - 2002/22 FEB - 630 PM/03 SHAMA JALTI PE PARVANE.json (chars=16519, est_tokens=4129, strategy=single-pass)
2026-07-09 09:15:22,874 | INFO | enrich_content_tags | Dagshai 2002/02 FEB - 2002/22 FEB - 630 PM/03 SHAMA JALTI PE PARVANE.json: tagged in 5.4s (event_type=bhajan, lang=hindi, topics=['bhakti', 'devotion', 'public-opinion', 'guru-disciple', 'self-inquiry'])
2026-07-09 09:15:22,875 | INFO | enrich_content_tags | tagging Dagshai 2002/02 FEB - 2002/23 FEB - 630 PM/01 MEDITATION.json (chars=11503, est_tokens=2875, strategy=single-pass)
2026-07-09 09:15:27,755 | INFO | enrich_content_tags | Dagshai 2002/02 FEB - 2002/23 FEB - 630 PM/01 MEDITATION.json: tagged in 4.9s (event_type=meditation, lang=hindi, topics=['self-inquiry', 'mind-witness', 'thoughtlessness', 'inner-seeing', 'detachment'])
2026-07-09 09:15:27,756 | INFO | enrich_content_tags | tagging Dagshai 2002/02 FEB - 2002/23 FEB - 630 PM/02 OM GURUVE NAMAH.json (chars=1725, est_tokens=431, strategy=single-pass)
2026-07-09 09:15:30,654 | INFO | enrich_content_tags | Dagshai 2002/02 FEB - 2002/23 FEB - 630 PM/02 OM GURUVE NAMAH.json: tagged in 2.9s (event_type=bhajan, lang=hindi, topics=['bhakti', 'guru-devotion', 'bhagavad-gita', 'meditation', 'spiritual-songs'])
2026-07-09 09:15:30,656 | INFO | enrich_content_tags | tagging Dagshai 2002/02 FEB - 2002/23 FEB - 630 PM/03 HE MERE MURSHID MERI HASRAT.json (chars=10134, est_tokens=2533, strategy=single-pass)
2026-07-09 09:15:34,483 | INFO | enrich_content_tags | Dagshai 2002/02 FEB - 2002/23 FEB - 630 PM/03 HE MERE MURSHID MERI HASRAT.json: tagged in 3.8s (event_type=bhajan, lang=hindi, topics=['bhajan', 'bhakti', 'devotion', 'self-surrender', 'spiritual-longing'])
2026-07-09 09:15:34,484 | INFO | enrich_content_tags | tagging Dagshai 2002/02 FEB - 2002/23 FEB - 630 PM/04 AAYE HAIN TERE MAIKHANE MEIN.json (chars=5839, est_tokens=1459, strategy=single-pass)
2026-07-09 09:15:38,704 | INFO | enrich_content_tags | Dagshai 2002/02 FEB - 2002/23 FEB - 630 PM/04 AAYE HAIN TERE MAIKHANE MEIN.json: tagged in 4.2s (event_type=bhajan, lang=hindi, topics=['bhajan', 'devotion', 'self-surrender', 'present-moment', 'spiritual-longing'])
2026-07-09 09:15:38,705 | INFO | enrich_content_tags | tagging Dagshai 2002/02 FEB - 2002/24 FEB - 7 PM/01 MEDITATION.json (chars=1029, est_tokens=257, strategy=single-pass)
2026-07-09 09:15:41,401 | INFO | enrich_content_tags | Dagshai 2002/02 FEB - 2002/24 FEB - 7 PM/01 MEDITATION.json: tagged in 2.9s (event_type=meditation, lang=hindi, topics=['meditation', 'self-inquiry', 'inner-light', 'devotion', 'guru-grace'])
2026-07-09 09:15:41,403 | INFO | enrich_content_tags | tagging Dagshai 2002/02 FEB - 2002/24 FEB - 7 PM/02 OM GURUVE NAMAH.json (chars=798, est_tokens=199, strategy=single-pass)
2026-07-09 09:15:43,326 | INFO | enrich_content_tags | Dagshai 2002/02 FEB - 2002/24 FEB - 7 PM/02 OM GURUVE NAMAH.json: tagged in 1.9s (event_type=bhajan, lang=sanskrit, topics=['devotional-singing', 'guru-devotion', 'chanting'])
2026-07-09 09:15:43,327 | INFO | enrich_content_tags | tagging Dagshai 2002/02 FEB - 2002/24 FEB - 7 PM/03 HUM TO TERE MASTANE HAIN.json (chars=2119, est_tokens=529, strategy=single-pass)
2026-07-09 09:15:46,384 | INFO | enrich_content_tags | Dagshai 2002/02 FEB - 2002/24 FEB - 7 PM/03 HUM TO TERE MASTANE HAIN.json: tagged in 3.0s (event_type=bhajan, lang=hindi, topics=['bhakti', 'maya', 'self-inquiry', 'yugas', 'divine-love'])
2026-07-09 09:15:46,385 | INFO | enrich_content_tags | tagging Dagshai 2002/02 FEB - 2002/25 FEB - 715 AM/01 MEDITATION.json (chars=1882, est_tokens=470, strategy=single-pass)
2026-07-09 09:15:49,144 | INFO | enrich_content_tags | Dagshai 2002/02 FEB - 2002/25 FEB - 715 AM/01 MEDITATION.json: tagged in 2.7s (event_type=meditation, lang=hindi, topics=['meditation', 'self-observation', 'mindfulness', 'inner-light', 'thought-awareness'])
2026-07-09 09:15:49,146 | INFO | enrich_content_tags | tagging Dagshai 2002/02 FEB - 2002/25 FEB - 715 AM/02 OM GURUVE NAMAH.json (chars=1682, est_tokens=420, strategy=single-pass)
2026-07-09 09:15:51,888 | INFO | enrich_content_tags | Dagshai 2002/02 FEB - 2002/25 FEB - 715 AM/02 OM GURUVE NAMAH.json: tagged in 2.7s (event_type=bhajan, lang=hindi, topics=['devotion', 'chanting', 'guru-bhakti', 'spiritual-practice'])
2026-07-09 09:15:51,889 | INFO | enrich_content_tags | tagging Dagshai 2002/02 FEB - 2002/25 FEB - 7 PM/01 MEDITATION.json (chars=509, est_tokens=127, strategy=single-pass)
2026-07-09 09:15:54,145 | INFO | enrich_content_tags | Dagshai 2002/02 FEB - 2002/25 FEB - 7 PM/01 MEDITATION.json: tagged in 2.3s (event_type=meditation, lang=hindi, topics=['meditation', 'awareness', 'chanting', 'self-inquiry'])
2026-07-09 09:15:54,147 | INFO | enrich_content_tags | tagging Dagshai 2002/02 FEB - 2002/26 FEB - 630 PM/01 MEDITATION.json (chars=1384, est_tokens=346, strategy=single-pass)
2026-07-09 09:15:56,861 | INFO | enrich_content_tags | Dagshai 2002/02 FEB - 2002/26 FEB - 630 PM/01 MEDITATION.json: tagged in 2.7s (event_type=meditation, lang=hindi, topics=['meditation', 'self-awareness', 'witness-consciousness', 'inner-peace', 'spiritual-practice'])
2026-07-09 09:15:56,862 | INFO | enrich_content_tags | tagging Dagshai 2002/02 FEB - 2002/26 FEB - 630 PM/02 OM GURUVE NAMAH.json (chars=3017, est_tokens=754, strategy=single-pass)
2026-07-09 09:15:59,439 | INFO | enrich_content_tags | Dagshai 2002/02 FEB - 2002/26 FEB - 630 PM/02 OM GURUVE NAMAH.json: tagged in 2.6s (event_type=bhajan, lang=hindi, topics=['guru-bhakti', 'sadhana', 'bhajan', 'devotion', 'spiritual-songs'])
2026-07-09 09:15:59,440 | INFO | enrich_content_tags | tagging Dagshai 2002/02 FEB - 2002/26 FEB - 630 PM/03 MAIKHANE MEIN BAITHEN.json (chars=5230, est_tokens=1307, strategy=single-pass)
2026-07-09 09:16:02,616 | INFO | enrich_content_tags | Dagshai 2002/02 FEB - 2002/26 FEB - 630 PM/03 MAIKHANE MEIN BAITHEN.json: tagged in 3.2s (event_type=bhajan, lang=hindi, topics=['bhajan', 'devotion', 'self-inquiry', 'spiritual-path', 'surrender'])
2026-07-09 09:16:02,617 | INFO | enrich_content_tags | tagging Dagshai 2002/02 FEB - 2002/27 FEB - 630 PM/01 MEDITATION.json (chars=916, est_tokens=229, strategy=single-pass)
2026-07-09 09:16:05,106 | INFO | enrich_content_tags | Dagshai 2002/02 FEB - 2002/27 FEB - 630 PM/01 MEDITATION.json: tagged in 2.5s (event_type=meditation, lang=hindi, topics=['meditation', 'self-awareness', 'spiritual-growth', 'knowledge', 'om-chanting'])
2026-07-09 09:16:05,107 | INFO | enrich_content_tags | tagging Dagshai 2002/02 FEB - 2002/27 FEB - 630 PM/02 OM GURUVE NAMAH.json (chars=1022, est_tokens=255, strategy=single-pass)
2026-07-09 09:16:07,248 | INFO | enrich_content_tags | Dagshai 2002/02 FEB - 2002/27 FEB - 630 PM/02 OM GURUVE NAMAH.json: tagged in 2.1s (event_type=bhajan, lang=sanskrit, topics=['guru-bhakti', 'chanting', 'devotion'])
2026-07-09 09:16:07,250 | INFO | enrich_content_tags | tagging Dagshai 2002/02 FEB - 2002/28 FEB - 630 PM/01 OM GURUVE NAMAH.json (chars=377, est_tokens=94, strategy=single-pass)
2026-07-09 09:16:09,468 | INFO | enrich_content_tags | Dagshai 2002/02 FEB - 2002/28 FEB - 630 PM/01 OM GURUVE NAMAH.json: tagged in 2.2s (event_type=bhajan, lang=hindi, topics=['guru-bhakti', 'mantra-japa', 'devotional-singing'])
2026-07-09 09:16:09,469 | INFO | enrich_content_tags | tagging Dagshai 2002/02 FEB - 2002/28 FEB - 630 PM/02 BAAZI LAGAYI AISEE.json (chars=3576, est_tokens=894, strategy=single-pass)
2026-07-09 09:16:12,332 | INFO | enrich_content_tags | Dagshai 2002/02 FEB - 2002/28 FEB - 630 PM/02 BAAZI LAGAYI AISEE.json: tagged in 2.9s (event_type=bhajan, lang=hindi, topics=['bhakti', 'surrender', 'guru-devotion', 'spiritual-journey', 'detachment'])
2026-07-09 09:16:12,334 | INFO | enrich_content_tags | tagging Dagshai 2002/02 FEB - 2002/28 FEB - 630 PM/03 BAN KE MERA HUMKADAM.json (chars=1664, est_tokens=416, strategy=single-pass)
2026-07-09 09:16:15,087 | INFO | enrich_content_tags | Dagshai 2002/02 FEB - 2002/28 FEB - 630 PM/03 BAN KE MERA HUMKADAM.json: tagged in 2.7s (event_type=bhajan, lang=hindi, topics=['bhajan', 'loneliness', 'devotion', 'life-journey', 'divine-love'])
2026-07-09 09:16:15,089 | INFO | enrich_content_tags | tagging Dagshai 2002/02 FEB - 2002/5 FEB - 6 AM/01 MEDITATION (INCOMPLETE).json (chars=573, est_tokens=143, strategy=single-pass)
2026-07-09 09:16:17,711 | INFO | enrich_content_tags | Dagshai 2002/02 FEB - 2002/5 FEB - 6 AM/01 MEDITATION (INCOMPLETE).json: tagged in 2.6s (event_type=bhajan, lang=hindi, topics=['mindfulness', 'self-awareness', 'present-moment', 'inner-peace', 'meditation'])
2026-07-09 09:16:17,712 | INFO | enrich_content_tags | tagging Dagshai 2002/02 FEB - 2002/5 FEB - 6 AM/02 OM GURUVE NAMAH.json (chars=502, est_tokens=125, strategy=single-pass)
2026-07-09 09:16:19,960 | INFO | enrich_content_tags | Dagshai 2002/02 FEB - 2002/5 FEB - 6 AM/02 OM GURUVE NAMAH.json: tagged in 2.2s (event_type=bhajan, lang=sanskrit, topics=['devotion', 'chanting', 'guru-grace'])
2026-07-09 09:16:19,962 | INFO | enrich_content_tags | tagging Dagshai 2002/02 FEB - 2002/5 FEB - 6 AM/03 MADHAV MAYA PRABAL TIHARI.json (chars=8322, est_tokens=2080, strategy=single-pass)
2026-07-09 09:16:23,506 | INFO | enrich_content_tags | Dagshai 2002/02 FEB - 2002/5 FEB - 6 AM/03 MADHAV MAYA PRABAL TIHARI.json: tagged in 3.5s (event_type=bhajan, lang=hindi, topics=['bhakti', 'prem', 'maya', 'bhagavad-gita', 'devotion'])
2026-07-09 09:16:23,506 | INFO | enrich_content_tags | tagging Dagshai 2002/02 FEB - 2002/5 FEB - 6 PM/01 MEDITATION ( WITHOUT MUSIC).json (chars=1256, est_tokens=314, strategy=single-pass)
2026-07-09 09:16:26,167 | INFO | enrich_content_tags | Dagshai 2002/02 FEB - 2002/5 FEB - 6 PM/01 MEDITATION ( WITHOUT MUSIC).json: tagged in 2.7s (event_type=bhajan, lang=hindi, topics=['meditation', 'self-inquiry', 'fearlessness', 'present-moment', 'spiritual-practice'])
2026-07-09 09:16:26,169 | INFO | enrich_content_tags | tagging Dagshai 2002/02 FEB - 2002/5 FEB - 6 PM/02 OM GURUVE NAMAH.json (chars=791, est_tokens=197, strategy=single-pass)
2026-07-09 09:16:28,205 | INFO | enrich_content_tags | Dagshai 2002/02 FEB - 2002/5 FEB - 6 PM/02 OM GURUVE NAMAH.json: tagged in 2.0s (event_type=bhajan, lang=sanskrit, topics=['devotion', 'chanting', 'guru-bhakti'])
2026-07-09 09:16:28,207 | INFO | enrich_content_tags | tagging Dagshai 2002/02 FEB - 2002/5 FEB - 6 PM/03 MERO MAN VAIRAGI KAISO BANE.json (chars=25597, est_tokens=6399, strategy=single-pass)
2026-07-09 09:16:36,349 | INFO | enrich_content_tags | Dagshai 2002/02 FEB - 2002/5 FEB - 6 PM/03 MERO MAN VAIRAGI KAISO BANE.json: tagged in 8.2s (event_type=bhajan, lang=hindi, topics=['bhajan', 'seva', 'meditation', 'selfless-service', 'transformation'])
2026-07-09 09:16:36,350 | INFO | enrich_content_tags | tagging Dagshai 2002/02 FEB - 2002/UNKNOWN/01 OM.json (chars=161, est_tokens=40, strategy=single-pass)
2026-07-09 09:16:38,548 | INFO | enrich_content_tags | Dagshai 2002/02 FEB - 2002/UNKNOWN/01 OM.json: tagged in 2.2s (event_type=bhajan, lang=hindi, topics=['bhajan', 'om-chanting', 'devotion'])
2026-07-09 09:16:38,549 | INFO | enrich_content_tags | tagging Dagshai 2002/03 MAR - 2002/13 MAR - 630 PM/01 MEDITATION.json (chars=1322, est_tokens=330, strategy=single-pass)
2026-07-09 09:16:40,856 | INFO | enrich_content_tags | Dagshai 2002/03 MAR - 2002/13 MAR - 630 PM/01 MEDITATION.json: tagged in 2.3s (event_type=meditation, lang=hindi, topics=['meditation', 'self-awareness', 'mind-control', 'evening-practice', 'spiritual-awakening'])
2026-07-09 09:16:40,857 | INFO | enrich_content_tags | tagging Dagshai 2002/03 MAR - 2002/13 MAR - 630 PM/02 OM GURUVE NAMAH.json (chars=612, est_tokens=153, strategy=single-pass)
2026-07-09 09:16:42,824 | INFO | enrich_content_tags | Dagshai 2002/03 MAR - 2002/13 MAR - 630 PM/02 OM GURUVE NAMAH.json: tagged in 2.0s (event_type=bhajan, lang=sanskrit, topics=['devotion', 'chanting', 'guru-devotion'])
2026-07-09 09:16:42,826 | INFO | enrich_content_tags | tagging Dagshai 2002/03 MAR - 2002/13 MAR - 630 PM/03 BAAZI LAGAYI AISEE.json (chars=1225, est_tokens=306, strategy=single-pass)
2026-07-09 09:16:45,353 | INFO | enrich_content_tags | Dagshai 2002/03 MAR - 2002/13 MAR - 630 PM/03 BAAZI LAGAYI AISEE.json: tagged in 2.5s (event_type=bhajan, lang=hindi, topics=['bhajan', 'devotion', 'love-of-god', 'spiritual-journey', 'detachment'])
2026-07-09 09:16:45,354 | INFO | enrich_content_tags | tagging Dagshai 2002/03 MAR - 2002/14 MAR - 630 PM/01 MEDITATION.json (chars=1113, est_tokens=278, strategy=single-pass)
2026-07-09 09:16:48,059 | INFO | enrich_content_tags | Dagshai 2002/03 MAR - 2002/14 MAR - 630 PM/01 MEDITATION.json: tagged in 2.7s (event_type=meditation, lang=hindi, topics=['meditation', 'self-inquiry', 'mind-control', 'inner-peace', 'identity'])
2026-07-09 09:16:48,061 | INFO | enrich_content_tags | tagging Dagshai 2002/03 MAR - 2002/14 MAR - 630 PM/02 OM GURUVE NAMAH.json (chars=1183, est_tokens=295, strategy=single-pass)
2026-07-09 09:16:50,454 | INFO | enrich_content_tags | Dagshai 2002/03 MAR - 2002/14 MAR - 630 PM/02 OM GURUVE NAMAH.json: tagged in 2.4s (event_type=bhajan, lang=hindi, topics=['guru-bhakti', 'om-chanting', 'spiritual-longing'])
2026-07-09 09:16:50,456 | INFO | enrich_content_tags | tagging Dagshai 2002/03 MAR - 2002/14 MAR - 630 PM/03 MAIKHANE MEIN BAITHEN HAIN.json (chars=14798, est_tokens=3699, strategy=single-pass)
2026-07-09 09:16:55,006 | INFO | enrich_content_tags | Dagshai 2002/03 MAR - 2002/14 MAR - 630 PM/03 MAIKHANE MEIN BAITHEN HAIN.json: tagged in 4.6s (event_type=bhajan, lang=hindi, topics=['bhakti', 'self-inquiry', 'detachment', 'divine-love', 'meditation'])
2026-07-09 09:16:55,008 | INFO | enrich_content_tags | tagging Dagshai 2002/03 MAR - 2002/15 MAR - 630 PM/01 OM GURUVE NAMAH.json (chars=917, est_tokens=229, strategy=single-pass)
2026-07-09 09:16:57,310 | INFO | enrich_content_tags | Dagshai 2002/03 MAR - 2002/15 MAR - 630 PM/01 OM GURUVE NAMAH.json: tagged in 2.3s (event_type=bhajan, lang=hindi, topics=['guru-bhakti', 'nam-smaran', 'om-chanting'])
2026-07-09 09:16:57,311 | INFO | enrich_content_tags | tagging Dagshai 2002/03 MAR - 2002/15 MAR - 630 PM/02 DEEDAR KE PYASE HAIN.json (chars=21679, est_tokens=5419, strategy=single-pass)
2026-07-09 09:17:14,851 | ERROR | enrich_content_tags | Dagshai 2002/03 MAR - 2002/15 MAR - 630 PM/02 DEEDAR KE PYASE HAIN.json: tagging failed (json decode failed: Unterminated string starting at: line 5 column 4594 (char 4727)) — dead-letter dead_letter/tag_failures/Dagshai_2002_03_MAR_-_2002_15_MAR_-_630_PM_02_DEEDAR_KE_PYASE_HAIN.json.9ce65cea6a9a.txt
2026-07-09 09:17:14,851 | ERROR | enrich_content_tags | [1254/9168] Dagshai 2002/03 MAR - 2002/15 MAR - 630 PM/02 DEEDAR KE PYASE HAIN.json: json decode failed: Unterminated string starting at: line 5 column 4594 (char 4727)
2026-07-09 09:17:14,852 | INFO | enrich_content_tags | tagging Dagshai 2002/03 MAR - 2002/15 MAR - 630 PM/03 NA MAIN BANDA THA NA.json (chars=2947, est_tokens=736, strategy=single-pass)
2026-07-09 09:17:18,359 | INFO | enrich_content_tags | Dagshai 2002/03 MAR - 2002/15 MAR - 630 PM/03 NA MAIN BANDA THA NA.json: tagged in 3.5s (event_type=bhajan, lang=hindi, topics=['self-realization', 'ego-dissolution', 'divine-love', 'spiritual-identity', 'bhakti'])
2026-07-09 09:17:18,361 | INFO | enrich_content_tags | tagging Dagshai 2002/03 MAR - 2002/16 MAR - 645 PM/01 MEDITATION.json (chars=1635, est_tokens=408, strategy=single-pass)
2026-07-09 09:17:21,116 | INFO | enrich_content_tags | Dagshai 2002/03 MAR - 2002/16 MAR - 645 PM/01 MEDITATION.json: tagged in 2.7s (event_type=meditation, lang=hindi, topics=['mindfulness', 'self-observation', 'thought-watching', 'present-moment', 'meditation-practice'])
2026-07-09 09:17:21,118 | INFO | enrich_content_tags | tagging Dagshai 2002/03 MAR - 2002/16 MAR - 645 PM/02 OM GURUVE NAMAH.json (chars=1397, est_tokens=349, strategy=single-pass)
2026-07-09 09:17:23,639 | INFO | enrich_content_tags | Dagshai 2002/03 MAR - 2002/16 MAR - 645 PM/02 OM GURUVE NAMAH.json: tagged in 2.5s (event_type=bhajan, lang=hindi, topics=['devotional-songs', 'guru-devotion', 'chanting', 'spiritual-practice'])
2026-07-09 09:17:23,640 | INFO | enrich_content_tags | tagging Dagshai 2002/03 MAR - 2002/16 MAR - 645 PM/03 TERE CHARNO MEIN SAR.json (chars=7018, est_tokens=1754, strategy=single-pass)
2026-07-09 09:17:26,585 | INFO | enrich_content_tags | Dagshai 2002/03 MAR - 2002/16 MAR - 645 PM/03 TERE CHARNO MEIN SAR.json: tagged in 2.9s (event_type=bhajan, lang=hindi, topics=['bhakti', 'self-knowledge', 'meditation', 'divine-love', 'inner-wisdom'])
2026-07-09 09:17:26,586 | INFO | enrich_content_tags | tagging Dagshai 2002/03 MAR - 2002/16 MAR - 645 PM/04 OM ONKAR.json (chars=169, est_tokens=42, strategy=single-pass)
2026-07-09 09:17:28,615 | INFO | enrich_content_tags | Dagshai 2002/03 MAR - 2002/16 MAR - 645 PM/04 OM ONKAR.json: tagged in 2.0s (event_type=bhajan, lang=hindi, topics=['bhajan', 'om-chanting', 'spiritual-practice'])
2026-07-09 09:17:28,617 | INFO | enrich_content_tags | tagging Dagshai 2002/03 MAR - 2002/17 MAR - 645 PM/01 MEDITATION.json (chars=760, est_tokens=190, strategy=single-pass)
2026-07-09 09:17:31,391 | INFO | enrich_content_tags | Dagshai 2002/03 MAR - 2002/17 MAR - 645 PM/01 MEDITATION.json: tagged in 2.8s (event_type=meditation, lang=hindi, topics=['meditation', 'self-awareness', 'inner-darkness', 'mind-control', 'gratitude'])
2026-07-09 09:17:31,392 | INFO | enrich_content_tags | tagging Dagshai 2002/03 MAR - 2002/17 MAR - 645 PM/02 OM GURUVE NAMAH.json (chars=4103, est_tokens=1025, strategy=single-pass)
2026-07-09 09:17:34,430 | INFO | enrich_content_tags | Dagshai 2002/03 MAR - 2002/17 MAR - 645 PM/02 OM GURUVE NAMAH.json: tagged in 3.0s (event_type=bhajan, lang=hindi, topics=['bhakti', 'guru-bhakti', 'nam-japa', 'devotion', 'spiritual-songs'])
2026-07-09 09:17:34,430 | INFO | enrich_content_tags | tagging Dagshai 2002/03 MAR - 2002/17 MAR - 645 PM/03 MERE MURSHID NIGHAHEN.json (chars=4252, est_tokens=1063, strategy=single-pass)
2026-07-09 09:17:37,403 | INFO | enrich_content_tags | Dagshai 2002/03 MAR - 2002/17 MAR - 645 PM/03 MERE MURSHID NIGHAHEN.json: tagged in 3.0s (event_type=bhajan, lang=hindi, topics=['bhakti', 'divine-love', 'surrender', 'spiritual-healing', 'devotion'])
2026-07-09 09:17:37,404 | INFO | enrich_content_tags | tagging Dagshai 2002/03 MAR - 2002/17 MAR - 645 PM/04 OM ONKAR.json (chars=167, est_tokens=41, strategy=single-pass)
2026-07-09 09:17:39,497 | INFO | enrich_content_tags | Dagshai 2002/03 MAR - 2002/17 MAR - 645 PM/04 OM ONKAR.json: tagged in 2.1s (event_type=bhajan, lang=hindi, topics=['bhajan', 'om-onkar', 'devotional-singing'])
2026-07-09 09:17:39,499 | INFO | enrich_content_tags | tagging Dagshai 2002/03 MAR - 2002/18 MAR - 645 PM/01 MEDITATION.json (chars=6156, est_tokens=1539, strategy=single-pass)
2026-07-09 09:17:43,614 | INFO | enrich_content_tags | Dagshai 2002/03 MAR - 2002/18 MAR - 645 PM/01 MEDITATION.json: tagged in 4.1s (event_type=meditation, lang=hindi, topics=['meditation', 'self-inquiry', 'mind-control', 'grace', 'transformation'])
2026-07-09 09:17:43,615 | INFO | enrich_content_tags | tagging Dagshai 2002/03 MAR - 2002/18 MAR - 645 PM/02 OM GURUVE NAMAH.json (chars=1811, est_tokens=452, strategy=single-pass)
2026-07-09 09:17:46,112 | INFO | enrich_content_tags | Dagshai 2002/03 MAR - 2002/18 MAR - 645 PM/02 OM GURUVE NAMAH.json: tagged in 2.5s (event_type=bhajan, lang=hindi, topics=['devotional-songs', 'guru-devotion', 'chanting', 'spiritual-practice'])
2026-07-09 09:17:46,113 | INFO | enrich_content_tags | tagging Dagshai 2002/03 MAR - 2002/18 MAR - 645 PM/03 BAN KE MERA HUMKADAM.json (chars=6198, est_tokens=1549, strategy=single-pass)
2026-07-09 09:17:49,396 | INFO | enrich_content_tags | Dagshai 2002/03 MAR - 2002/18 MAR - 645 PM/03 BAN KE MERA HUMKADAM.json: tagged in 3.3s (event_type=bhajan, lang=hindi, topics=['bhakti', 'devotion', 'loneliness', 'grace', 'spiritual-journey'])
2026-07-09 09:17:49,398 | INFO | enrich_content_tags | tagging Dagshai 2002/03 MAR - 2002/19 MAR - 645 PM/01 MEDITATION.json (chars=3270, est_tokens=817, strategy=single-pass)
2026-07-09 09:17:52,452 | INFO | enrich_content_tags | Dagshai 2002/03 MAR - 2002/19 MAR - 645 PM/01 MEDITATION.json: tagged in 3.1s (event_type=meditation, lang=hindi, topics=['meditation', 'self-observation', 'heart-ocean', 'thought-management', 'surrender'])
2026-07-09 09:17:52,453 | INFO | enrich_content_tags | tagging Dagshai 2002/03 MAR - 2002/19 MAR - 645 PM/02 MUJHE HAI TALAASH TERI.json (chars=11220, est_tokens=2805, strategy=single-pass)
2026-07-09 09:17:56,499 | INFO | enrich_content_tags | Dagshai 2002/03 MAR - 2002/19 MAR - 645 PM/02 MUJHE HAI TALAASH TERI.json: tagged in 4.3s (event_type=bhajan, lang=hindi, topics=['bhajan', 'divine-love', 'seeking-god', 'spiritual-realization', 'devotion'])
2026-07-09 09:17:56,500 | INFO | enrich_content_tags | tagging Dagshai 2002/03 MAR - 2002/19 MAR - 645 PM/03 AISA LAGTA HAI.json (chars=6377, est_tokens=1594, strategy=single-pass)
2026-07-09 09:18:00,436 | INFO | enrich_content_tags | Dagshai 2002/03 MAR - 2002/19 MAR - 645 PM/03 AISA LAGTA HAI.json: tagged in 3.7s (event_type=bhajan, lang=hindi, topics=['bhajan', 'devotion', 'darkness-light', 'family-worries', 'gratitude'])
2026-07-09 09:18:00,437 | INFO | enrich_content_tags | tagging Dagshai 2002/03 MAR - 2002/19 MAR - 645 PM/04 OM GURUVE NAMAH.json (chars=1388, est_tokens=347, strategy=single-pass)
2026-07-09 09:18:02,813 | INFO | enrich_content_tags | Dagshai 2002/03 MAR - 2002/19 MAR - 645 PM/04 OM GURUVE NAMAH.json: tagged in 2.4s (event_type=bhajan, lang=hindi, topics=['guru-bhakti', 'nam-smaran', 'spiritual-sound'])
2026-07-09 09:18:02,814 | INFO | enrich_content_tags | tagging Dagshai 2002/03 MAR - 2002/19 MAR - 645 PM/05 OM ONKAR.json (chars=165, est_tokens=41, strategy=single-pass)
2026-07-09 09:18:04,977 | INFO | enrich_content_tags | Dagshai 2002/03 MAR - 2002/19 MAR - 645 PM/05 OM ONKAR.json: tagged in 2.2s (event_type=bhajan, lang=hindi, topics=['bhajan', 'om', 'onkar', 'devotional-singing'])
2026-07-09 09:18:04,979 | INFO | enrich_content_tags | tagging Dagshai 2002/03 MAR - 2002/1 MAR - 630 PM/01 MEDITATION.json (chars=1827, est_tokens=456, strategy=single-pass)
2026-07-09 09:18:08,016 | INFO | enrich_content_tags | Dagshai 2002/03 MAR - 2002/1 MAR - 630 PM/01 MEDITATION.json: tagged in 3.0s (event_type=meditation, lang=hindi, topics=['meditation', 'self-awareness', 'mind-control', 'maya', 'om-chanting'])
2026-07-09 09:18:08,017 | INFO | enrich_content_tags | tagging Dagshai 2002/03 MAR - 2002/1 MAR - 630 PM/02 OM GURUVE NAMAH.json (chars=789, est_tokens=197, strategy=single-pass)
2026-07-09 09:18:10,105 | INFO | enrich_content_tags | Dagshai 2002/03 MAR - 2002/1 MAR - 630 PM/02 OM GURUVE NAMAH.json: tagged in 2.1s (event_type=bhajan, lang=hindi, topics=['guru-bhakti', 'nam-sankirtan', 'devotional-singing'])
2026-07-09 09:18:10,106 | INFO | enrich_content_tags | tagging Dagshai 2002/03 MAR - 2002/1 MAR - 630 PM/03 AA TUJHE MAIN DIL MEIN.json (chars=4570, est_tokens=1142, strategy=single-pass)
2026-07-09 09:18:13,282 | INFO | enrich_content_tags | Dagshai 2002/03 MAR - 2002/1 MAR - 630 PM/03 AA TUJHE MAIN DIL MEIN.json: tagged in 3.2s (event_type=bhajan, lang=hindi, topics=['bhakti', 'divine-love', 'self-surrender', 'inner-light', 'spiritual-awakening'])
2026-07-09 09:18:13,283 | INFO | enrich_content_tags | tagging Dagshai 2002/03 MAR - 2002/1 MAR - 715 AM/01 OM GURUVE NAMAH.json (chars=3600, est_tokens=900, strategy=single-pass)
2026-07-09 09:18:16,234 | INFO | enrich_content_tags | Dagshai 2002/03 MAR - 2002/1 MAR - 715 AM/01 OM GURUVE NAMAH.json: tagged in 3.0s (event_type=bhajan, lang=hindi, topics=['bhakti-yoga', 'prem-bhakti', 'guru-tattva', 'moksha-marga', 'divine-love'])
2026-07-09 09:18:16,236 | INFO | enrich_content_tags | tagging Dagshai 2002/03 MAR - 2002/20 MAR - 645 PM/01 MEDITATION.json (chars=2420, est_tokens=605, strategy=single-pass)
2026-07-09 09:18:19,463 | INFO | enrich_content_tags | Dagshai 2002/03 MAR - 2002/20 MAR - 645 PM/01 MEDITATION.json: tagged in 3.3s (event_type=meditation, lang=hindi, topics=['meditation', 'inner-peace', 'self-awareness', 'grace', 'mindfulness'])
2026-07-09 09:18:19,464 | INFO | enrich_content_tags | tagging Dagshai 2002/03 MAR - 2002/20 MAR - 645 PM/02 OM GURUVE NAMAH.json (chars=2594, est_tokens=648, strategy=single-pass)
2026-07-09 09:18:22,111 | INFO | enrich_content_tags | Dagshai 2002/03 MAR - 2002/20 MAR - 645 PM/02 OM GURUVE NAMAH.json: tagged in 2.6s (event_type=bhajan, lang=hindi, topics=['guru-bhakti', 'nam-japa', 'divine-love', 'spiritual-surrender', 'moksha-path'])
2026-07-09 09:18:22,112 | INFO | enrich_content_tags | tagging Dagshai 2002/03 MAR - 2002/20 MAR - 645 PM/03 AAYE HAIN TERE MAIKHANE MEIN.json (chars=3236, est_tokens=809, strategy=single-pass)
2026-07-09 09:18:24,714 | INFO | enrich_content_tags | Dagshai 2002/03 MAR - 2002/20 MAR - 645 PM/03 AAYE HAIN TERE MAIKHANE MEIN.json: tagged in 2.6s (event_type=bhajan, lang=hindi, topics=['bhajan', 'devotion', 'happiness', 'spiritual-joy', 'self-surrender'])
2026-07-09 09:18:24,715 | INFO | enrich_content_tags | tagging Dagshai 2002/03 MAR - 2002/22 MAR - 7 PM/01 MEDITATION.json (chars=1812, est_tokens=453, strategy=single-pass)
2026-07-09 09:18:28,044 | INFO | enrich_content_tags | Dagshai 2002/03 MAR - 2002/22 MAR - 7 PM/01 MEDITATION.json: tagged in 3.3s (event_type=meditation, lang=hindi, topics=['self-inquiry', 'inner-witness', 'mind-observation', 'divine-love', 'spiritual-journey'])
2026-07-09 09:18:28,045 | INFO | enrich_content_tags | tagging Dagshai 2002/03 MAR - 2002/22 MAR - 7 PM/02 OM GURUVE NAMAH.json (chars=2244, est_tokens=561, strategy=single-pass)
2026-07-09 09:18:30,757 | INFO | enrich_content_tags | Dagshai 2002/03 MAR - 2002/22 MAR - 7 PM/02 OM GURUVE NAMAH.json: tagged in 2.7s (event_type=bhajan, lang=hindi, topics=['guru-bhakti', 'man-mukhi', 'jap-tap-sadhana', 'indriya-nigrah', 'guru-nama'])
2026-07-09 09:18:30,758 | INFO | enrich_content_tags | tagging Dagshai 2002/03 MAR - 2002/23 MAR - 7 PM/01 MEDITATION.json (chars=1479, est_tokens=369, strategy=single-pass)
2026-07-09 09:18:33,362 | INFO | enrich_content_tags | Dagshai 2002/03 MAR - 2002/23 MAR - 7 PM/01 MEDITATION.json: tagged in 2.6s (event_type=meditation, lang=hindi, topics=['meditation', 'self-inquiry', 'inner-peace', 'devotion', 'mind-control'])
2026-07-09 09:18:33,363 | INFO | enrich_content_tags | tagging Dagshai 2002/03 MAR - 2002/23 MAR - 7 PM/02 OM GURUVE NAMAH.json (chars=3427, est_tokens=856, strategy=single-pass)
2026-07-09 09:18:35,985 | INFO | enrich_content_tags | Dagshai 2002/03 MAR - 2002/23 MAR - 7 PM/02 OM GURUVE NAMAH.json: tagged in 2.7s (event_type=bhajan, lang=hindi, topics=['guru-bhakti', 'bhajan', 'self-reflection', 'karma', 'devotion'])
2026-07-09 09:18:35,987 | INFO | enrich_content_tags | tagging Dagshai 2002/03 MAR - 2002/23 MAR - 7 PM/03 SAMBODHAN.json (chars=223, est_tokens=55, strategy=single-pass)
2026-07-09 09:18:38,292 | INFO | enrich_content_tags | Dagshai 2002/03 MAR - 2002/23 MAR - 7 PM/03 SAMBODHAN.json: tagged in 2.3s (event_type=qa, lang=hindi, topics=['daily-practice', 'meditation', 'schedule'])
2026-07-09 09:18:38,293 | INFO | enrich_content_tags | tagging Dagshai 2002/03 MAR - 2002/24 MAR - 530 AM/01 SADGURU TERE CHARNO KI.json (chars=727, est_tokens=181, strategy=single-pass)
2026-07-09 09:18:40,579 | INFO | enrich_content_tags | Dagshai 2002/03 MAR - 2002/24 MAR - 530 AM/01 SADGURU TERE CHARNO KI.json: tagged in 2.3s (event_type=bhajan, lang=hindi, topics=['bhajan', 'devotion', 'surrender', 'grace'])
2026-07-09 09:18:40,581 | INFO | enrich_content_tags | tagging Dagshai 2002/03 MAR - 2002/24 MAR - 530 AM/02 OM GURUVE NAMAH.json (chars=1990, est_tokens=497, strategy=single-pass)
2026-07-09 09:18:43,784 | INFO | enrich_content_tags | Dagshai 2002/03 MAR - 2002/24 MAR - 530 AM/02 OM GURUVE NAMAH.json: tagged in 3.2s (event_type=bhajan, lang=hindi, topics=['bhajan', 'devotion', 'self-inquiry', 'meditation', 'guru-bhakti'])
2026-07-09 09:18:43,786 | INFO | enrich_content_tags | tagging Dagshai 2002/03 MAR - 2002/24 MAR - 7 PM/01 MEDITATION.json (chars=845, est_tokens=211, strategy=single-pass)
2026-07-09 09:18:46,143 | INFO | enrich_content_tags | Dagshai 2002/03 MAR - 2002/24 MAR - 7 PM/01 MEDITATION.json: tagged in 2.4s (event_type=meditation, lang=mixed, topics=['meditation', 'self-awareness', 'mindfulness', 'thoughts', 'spiritual-practice'])
2026-07-09 09:18:46,144 | INFO | enrich_content_tags | tagging Dagshai 2002/03 MAR - 2002/24 MAR - 7 PM/02 OM GURUVE NAMAH.json (chars=343, est_tokens=85, strategy=single-pass)
2026-07-09 09:18:48,014 | INFO | enrich_content_tags | Dagshai 2002/03 MAR - 2002/24 MAR - 7 PM/02 OM GURUVE NAMAH.json: tagged in 1.9s (event_type=bhajan, lang=sanskrit, topics=['devotion', 'chanting', 'guru-devotion'])
2026-07-09 09:18:48,016 | INFO | enrich_content_tags | tagging Dagshai 2002/03 MAR - 2002/24 MAR - 7 PM/03 MERE SADGURU MUJHKO DENA.json (chars=32756, est_tokens=8189, strategy=single-pass)
2026-07-09 09:18:56,604 | INFO | enrich_content_tags | Dagshai 2002/03 MAR - 2002/24 MAR - 7 PM/03 MERE SADGURU MUJHKO DENA.json: tagged in 8.6s (event_type=bhajan, lang=hindi, topics=['bhajan', 'surrender', 'ego', 'discipleship', 'self-inquiry'])
2026-07-09 09:18:56,605 | INFO | enrich_content_tags | tagging Dagshai 2002/03 MAR - 2002/24 MAR - 7 PM/04 SAMBODHAN.json (chars=215, est_tokens=53, strategy=single-pass)
2026-07-09 09:18:58,774 | INFO | enrich_content_tags | Dagshai 2002/03 MAR - 2002/24 MAR - 7 PM/04 SAMBODHAN.json: tagged in 2.2s (event_type=satsang, lang=hindi, topics=['chanting', 'spiritual-practice', 'devotion'])
2026-07-09 09:18:58,775 | INFO | enrich_content_tags | tagging Dagshai 2002/03 MAR - 2002/25 MAR - 530 AM/01 MEDITATION.json (chars=797, est_tokens=199, strategy=single-pass)
2026-07-09 09:19:00,987 | INFO | enrich_content_tags | Dagshai 2002/03 MAR - 2002/25 MAR - 530 AM/01 MEDITATION.json: tagged in 2.2s (event_type=meditation, lang=mixed, topics=['meditation', 'chanting', 'mind-control', 'self-observation'])
2026-07-09 09:19:00,989 | INFO | enrich_content_tags | tagging Dagshai 2002/03 MAR - 2002/25 MAR - 530 AM/02 OM GURUVE NAMAH.json (chars=1507, est_tokens=376, strategy=single-pass)
2026-07-09 09:19:03,120 | INFO | enrich_content_tags | Dagshai 2002/03 MAR - 2002/25 MAR - 530 AM/02 OM GURUVE NAMAH.json: tagged in 2.1s (event_type=bhajan, lang=hindi, topics=['guru-bhakti', 'om-chanting', 'spiritual-devotion'])
2026-07-09 09:19:03,121 | INFO | enrich_content_tags | tagging Dagshai 2002/03 MAR - 2002/25 MAR - 530 AM/03 MUJHE GURUVAR YAHI VAR DO.json (chars=9285, est_tokens=2321, strategy=single-pass)
2026-07-09 09:19:07,040 | INFO | enrich_content_tags | Dagshai 2002/03 MAR - 2002/25 MAR - 530 AM/03 MUJHE GURUVAR YAHI VAR DO.json: tagged in 3.9s (event_type=bhajan, lang=hindi, topics=['bhajan', 'meditation', 'hypnosis', 'devotion', 'self-awareness'])
2026-07-09 09:19:07,041 | INFO | enrich_content_tags | tagging Dagshai 2002/03 MAR - 2002/25 MAR - 530 AM/04 OM ONKAR.json (chars=148, est_tokens=37, strategy=single-pass)
2026-07-09 09:19:09,102 | INFO | enrich_content_tags | Dagshai 2002/03 MAR - 2002/25 MAR - 530 AM/04 OM ONKAR.json: tagged in 2.1s (event_type=bhajan, lang=hindi, topics=['bhajan', 'om', 'onkar', 'devotion', 'chanting'])
2026-07-09 09:19:09,103 | INFO | enrich_content_tags | tagging Dagshai 2002/03 MAR - 2002/25 MAR - 7 PM/01 MEDITATION.json (chars=1537, est_tokens=384, strategy=single-pass)
2026-07-09 09:19:11,627 | INFO | enrich_content_tags | Dagshai 2002/03 MAR - 2002/25 MAR - 7 PM/01 MEDITATION.json: tagged in 2.5s (event_type=meditation, lang=hindi, topics=['meditation', 'self-awareness', 'ego-dissolution', 'spiritual-practice', 'inner-purity'])
2026-07-09 09:19:11,629 | INFO | enrich_content_tags | tagging Dagshai 2002/03 MAR - 2002/25 MAR - 7 PM/02 OM GURUVE NAMAH.json (chars=2482, est_tokens=620, strategy=single-pass)
2026-07-09 09:19:13,950 | INFO | enrich_content_tags | Dagshai 2002/03 MAR - 2002/25 MAR - 7 PM/02 OM GURUVE NAMAH.json: tagged in 2.3s (event_type=bhajan, lang=hindi, topics=['bhakti', 'guru-bhakti', 'prem', 'nama-sankirtan', 'devotion'])
2026-07-09 09:19:13,951 | INFO | enrich_content_tags | tagging Dagshai 2002/03 MAR - 2002/26 MAR - 530 AM/01 MEDITATION.json (chars=1110, est_tokens=277, strategy=single-pass)
2026-07-09 09:19:16,446 | INFO | enrich_content_tags | Dagshai 2002/03 MAR - 2002/26 MAR - 530 AM/01 MEDITATION.json: tagged in 2.5s (event_type=meditation, lang=hindi, topics=['meditation', 'awareness', 'present-moment', 'inner-witness', 'chanting'])
2026-07-09 09:19:16,447 | INFO | enrich_content_tags | tagging Dagshai 2002/03 MAR - 2002/26 MAR - 530 AM/02 OM GURUVE NAMAH.json (chars=1767, est_tokens=441, strategy=single-pass)
2026-07-09 09:19:18,907 | INFO | enrich_content_tags | Dagshai 2002/03 MAR - 2002/26 MAR - 530 AM/02 OM GURUVE NAMAH.json: tagged in 2.5s (event_type=bhajan, lang=hindi, topics=['guru-bhakti', 'om-chanting', 'spiritual-purity', 'devotion'])
2026-07-09 09:19:18,908 | INFO | enrich_content_tags | tagging Dagshai 2002/03 MAR - 2002/2 MAR - 630 PM/01 MEDITATION.json (chars=1404, est_tokens=351, strategy=single-pass)
2026-07-09 09:19:22,130 | INFO | enrich_content_tags | Dagshai 2002/03 MAR - 2002/2 MAR - 630 PM/01 MEDITATION.json: tagged in 3.2s (event_type=meditation, lang=hindi, topics=['meditation', 'self-awareness', 'inner-light', 'darkness', 'guru-devotion'])
2026-07-09 09:19:22,131 | INFO | enrich_content_tags | tagging Dagshai 2002/03 MAR - 2002/2 MAR - 630 PM/02 OM GURUVE NAMAH.json (chars=783, est_tokens=195, strategy=single-pass)
2026-07-09 09:20:15,852 | INFO | enrich_content_tags | Dagshai 2002/03 MAR - 2002/2 MAR - 630 PM/02 OM GURUVE NAMAH.json: tagged in 2.2s (event_type=bhajan, lang=hindi, topics=['devotional-songs', 'guru-devotion', 'chanting', 'spiritual-practice'])
2026-07-09 09:20:15,854 | INFO | enrich_content_tags | tagging Dagshai 2002/03 MAR - 2002/2 MAR - 630 PM/03 JAB SE TUNE MUJHE.json (chars=6723, est_tokens=1680, strategy=single-pass)
2026-07-09 09:19:28,784 | INFO | enrich_content_tags | Dagshai 2002/03 MAR - 2002/2 MAR - 630 PM/03 JAB SE TUNE MUJHE.json: tagged in 4.5s (event_type=bhajan, lang=hindi, topics=['bhajan', 'gratitude', 'surrender', 'ego-death', 'divine-love'])
2026-07-09 09:19:28,786 | INFO | enrich_content_tags | tagging Dagshai 2002/03 MAR - 2002/30 MAR - 7 PM/01 MEDITATION.json (chars=1631, est_tokens=407, strategy=single-pass)
2026-07-09 09:19:31,555 | INFO | enrich_content_tags | Dagshai 2002/03 MAR - 2002/30 MAR - 7 PM/01 MEDITATION.json: tagged in 2.7s (event_type=meditation, lang=hindi, topics=['meditation-practice', 'mind-observation', 'self-awareness', 'inner-peace', 'thought-detachment'])
2026-07-09 09:19:31,556 | INFO | enrich_content_tags | tagging Dagshai 2002/03 MAR - 2002/30 MAR - 7 PM/02 OM GURUVE NAMAH.json (chars=3565, est_tokens=891, strategy=single-pass)
2026-07-09 09:19:34,479 | INFO | enrich_content_tags | Dagshai 2002/03 MAR - 2002/30 MAR - 7 PM/02 OM GURUVE NAMAH.json: tagged in 2.9s (event_type=bhajan, lang=hindi, topics=['guru-bhakti', 'self-inquiry', 'immortality', 'vedic-wisdom', 'devotion'])
2026-07-09 09:19:34,481 | INFO | enrich_content_tags | tagging Dagshai 2002/03 MAR - 2002/30 MAR - 7 PM/03 MAIN NAHI MERA NAHI.json (chars=16831, est_tokens=4207, strategy=single-pass)
2026-07-09 09:19:51,108 | ERROR | enrich_content_tags | Dagshai 2002/03 MAR - 2002/30 MAR - 7 PM/03 MAIN NAHI MERA NAHI.json: tagging failed (json decode failed: Unterminated string starting at: line 5 column 4791 (char 4949)) — dead-letter dead_letter/tag_failures/Dagshai_2002_03_MAR_-_2002_30_MAR_-_7_PM_03_MAIN_NAHI_MERA_NAHI.json.e12df6292cd4.txt
2026-07-09 09:19:51,108 | ERROR | enrich_content_tags | [1303/9168] Dagshai 2002/03 MAR - 2002/30 MAR - 7 PM/03 MAIN NAHI MERA NAHI.json: json decode failed: Unterminated string starting at: line 5 column 4791 (char 4949)
2026-07-09 09:19:51,109 | INFO | enrich_content_tags | tagging Dagshai 2002/03 MAR - 2002/30 MAR - 7 PM/04 MERE MURSHID NIGHAHEN KARAM.json (chars=8842, est_tokens=2210, strategy=single-pass)
2026-07-09 09:19:55,689 | INFO | enrich_content_tags | Dagshai 2002/03 MAR - 2002/30 MAR - 7 PM/04 MERE MURSHID NIGHAHEN KARAM.json: tagged in 4.6s (event_type=bhajan, lang=hindi, topics=['bhakti', 'surrender', 'present-moment', 'devotion', 'spiritual-life'])
2026-07-09 09:19:55,690 | INFO | enrich_content_tags | tagging Dagshai 2002/03 MAR - 2002/31 MAR - 7 PM/01 OM GURUVE NAMAH.json (chars=1534, est_tokens=383, strategy=single-pass)
2026-07-09 09:19:57,986 | INFO | enrich_content_tags | Dagshai 2002/03 MAR - 2002/31 MAR - 7 PM/01 OM GURUVE NAMAH.json: tagged in 2.3s (event_type=bhajan, lang=hindi, topics=['devotional-songs', 'guru-devotion', 'chanting', 'spiritual-practice'])
2026-07-09 09:19:57,987 | INFO | enrich_content_tags | tagging Dagshai 2002/03 MAR - 2002/3 MAR - 630 PM/01 MEDITATION.json (chars=1580, est_tokens=395, strategy=single-pass)
2026-07-09 09:20:00,577 | INFO | enrich_content_tags | Dagshai 2002/03 MAR - 2002/3 MAR - 630 PM/01 MEDITATION.json: tagged in 2.6s (event_type=meditation, lang=hindi, topics=['meditation', 'self-observation', 'awareness', 'mind-control', 'spiritual-practice'])
2026-07-09 09:20:00,578 | INFO | enrich_content_tags | tagging Dagshai 2002/03 MAR - 2002/3 MAR - 630 PM/02 OM GURUVE NAMAH.json (chars=1469, est_tokens=367, strategy=single-pass)
2026-07-09 09:20:03,094 | INFO | enrich_content_tags | Dagshai 2002/03 MAR - 2002/3 MAR - 630 PM/02 OM GURUVE NAMAH.json: tagged in 2.5s (event_type=bhajan, lang=hindi, topics=['guru-bhakti', 'nama-smaran', 'om-chanting', 'spiritual-devotion'])
2026-07-09 09:20:03,095 | INFO | enrich_content_tags | tagging Dagshai 2002/03 MAR - 2002/4 MAR - 630 PM/01 MEDITATION.json (chars=945, est_tokens=236, strategy=single-pass)
2026-07-09 09:20:06,137 | INFO | enrich_content_tags | Dagshai 2002/03 MAR - 2002/4 MAR - 630 PM/01 MEDITATION.json: tagged in 3.0s (event_type=meditation, lang=hindi, topics=['self-observation', 'mind-watching', 'present-moment', 'inner-peace', 'awareness'])
2026-07-09 09:20:06,138 | INFO | enrich_content_tags | tagging Dagshai 2002/03 MAR - 2002/4 MAR - 630 PM/02 OM GURUVE NAMAH.json (chars=702, est_tokens=175, strategy=single-pass)
2026-07-09 09:20:08,250 | INFO | enrich_content_tags | Dagshai 2002/03 MAR - 2002/4 MAR - 630 PM/02 OM GURUVE NAMAH.json: tagged in 2.1s (event_type=bhajan, lang=sanskrit, topics=['guru-bhakti', 'chanting', 'devotion'])
2026-07-09 09:20:08,251 | INFO | enrich_content_tags | tagging Dagshai 2002/03 MAR - 2002/4 MAR - 630 PM/03 DEEDAR KE PYASE HAIN.json (chars=2077, est_tokens=519, strategy=single-pass)
2026-07-09 09:20:11,204 | INFO | enrich_content_tags | Dagshai 2002/03 MAR - 2002/4 MAR - 630 PM/03 DEEDAR KE PYASE HAIN.json: tagged in 3.0s (event_type=bhajan, lang=hindi, topics=['bhakti', 'devotion', 'surrender', 'divine-love', 'self-sacrifice'])
2026-07-09 09:20:11,206 | INFO | enrich_content_tags | tagging Dagshai 2002/03 MAR - 2002/5 MAR - 630 PM/01 MEDITATION.json (chars=1188, est_tokens=297, strategy=single-pass)
2026-07-09 09:20:13,793 | INFO | enrich_content_tags | Dagshai 2002/03 MAR - 2002/5 MAR - 630 PM/01 MEDITATION.json: tagged in 2.6s (event_type=meditation, lang=hindi, topics=['bhakti', 'self-surrender', 'meditation', 'divine-mercy', 'spiritual-journey'])
2026-07-09 09:20:13,795 | INFO | enrich_content_tags | tagging Dagshai 2002/03 MAR - 2002/5 MAR - 630 PM/02 OM GURUVE NAMAH.json (chars=1414, est_tokens=353, strategy=single-pass)
2026-07-09 09:20:27,853 | ERROR | enrich_content_tags | Dagshai 2002/03 MAR - 2002/5 MAR - 630 PM/02 OM GURUVE NAMAH.json: tagging failed (json decode failed: Unterminated string starting at: line 20 column 20 (char 344)) — dead-letter dead_letter/tag_failures/Dagshai_2002_03_MAR_-_2002_5_MAR_-_630_PM_02_OM_GURUVE_NAMAH.json.559c3a6de584.txt
2026-07-09 09:20:27,853 | ERROR | enrich_content_tags | [1312/9168] Dagshai 2002/03 MAR - 2002/5 MAR - 630 PM/02 OM GURUVE NAMAH.json: json decode failed: Unterminated string starting at: line 20 column 20 (char 344)
2026-07-09 09:20:27,854 | INFO | enrich_content_tags | tagging Dagshai 2002/03 MAR - 2002/5 MAR - 630 PM/03 HAAL-E-DIL UNKO.json (chars=16920, est_tokens=4230, strategy=single-pass)
2026-07-09 09:20:33,508 | INFO | enrich_content_tags | Dagshai 2002/03 MAR - 2002/5 MAR - 630 PM/03 HAAL-E-DIL UNKO.json: tagged in 5.6s (event_type=bhajan, lang=hindi, topics=['self-surrender', 'ego-death', 'spiritual-longing', 'jealousy', 'devotion'])
2026-07-09 09:20:33,509 | INFO | enrich_content_tags | tagging Dagshai 2002/03 MAR - 2002/6 MAR - 630 PM/01 MEDITATION.json (chars=1730, est_tokens=432, strategy=single-pass)
2026-07-09 09:20:36,362 | INFO | enrich_content_tags | Dagshai 2002/03 MAR - 2002/6 MAR - 630 PM/01 MEDITATION.json: tagged in 2.9s (event_type=meditation, lang=hindi, topics=['meditation', 'self-awareness', 'mindfulness', 'spiritual-practice', 'consciousness'])
2026-07-09 09:20:36,363 | INFO | enrich_content_tags | tagging Dagshai 2002/03 MAR - 2002/6 MAR - 630 PM/02 OM GURUVE NAMAH.json (chars=1300, est_tokens=325, strategy=single-pass)
2026-07-09 09:20:38,668 | INFO | enrich_content_tags | Dagshai 2002/03 MAR - 2002/6 MAR - 630 PM/02 OM GURUVE NAMAH.json: tagged in 2.3s (event_type=bhajan, lang=hindi, topics=['devotional-songs', 'mantra-recitation', 'guru-devotion'])
2026-07-09 09:20:38,669 | INFO | enrich_content_tags | tagging Dagshai 2002/03 MAR - 2002/6 MAR - 630 PM/03 SUNI MALKA MERI KOOK.json (chars=2328, est_tokens=582, strategy=single-pass)
2026-07-09 09:20:41,059 | INFO | enrich_content_tags | Dagshai 2002/03 MAR - 2002/6 MAR - 630 PM/03 SUNI MALKA MERI KOOK.json: tagged in 2.4s (event_type=bhajan, lang=hindi, topics=['bhakti', 'devotion', 'divine-love', 'surrender', 'grace'])
2026-07-09 09:20:41,061 | INFO | enrich_content_tags | tagging Dagshai 2002/03 MAR - 2002/6 MAR - 630 PM/04 SAMBODHAN.json (chars=328, est_tokens=82, strategy=single-pass)
2026-07-09 09:20:43,882 | INFO | enrich_content_tags | Dagshai 2002/03 MAR - 2002/6 MAR - 630 PM/04 SAMBODHAN.json: tagged in 2.8s (event_type=meditation, lang=hindi, topics=['meditation', 'silence', 'spiritual-practice', 'schedule'])
2026-07-09 09:20:43,883 | INFO | enrich_content_tags | tagging Dagshai 2002/03 MAR - 2002/7 MAR - 12 PM/01 MEDITATION.json (chars=5317, est_tokens=1329, strategy=single-pass)
2026-07-09 09:20:47,636 | INFO | enrich_content_tags | Dagshai 2002/03 MAR - 2002/7 MAR - 12 PM/01 MEDITATION.json: tagged in 3.7s (event_type=meditation, lang=hindi, topics=['self-awareness', 'mindfulness', 'meditation-practice', 'detachment-from-thoughts', 'inner-peace'])
2026-07-09 09:20:47,637 | INFO | enrich_content_tags | tagging Dagshai 2002/03 MAR - 2002/7 MAR - 12 PM/02 OM GURUVE NAMAH.json (chars=450, est_tokens=112, strategy=single-pass)
2026-07-09 09:20:49,665 | INFO | enrich_content_tags | Dagshai 2002/03 MAR - 2002/7 MAR - 12 PM/02 OM GURUVE NAMAH.json: tagged in 2.0s (event_type=bhajan, lang=hindi, topics=['guru-bhakti', 'om-chanting', 'devotional-songs'])
2026-07-09 09:20:49,666 | INFO | enrich_content_tags | tagging Dagshai 2002/03 MAR - 2002/7 MAR - 12 PM/03 HUM TO HAMARI MASTI.json (chars=8546, est_tokens=2136, strategy=single-pass)
2026-07-09 09:20:54,057 | INFO | enrich_content_tags | Dagshai 2002/03 MAR - 2002/7 MAR - 12 PM/03 HUM TO HAMARI MASTI.json: tagged in 4.4s (event_type=bhajan, lang=hindi, topics=['bhajan', 'meditation', 'self-inquiry', 'inner-purity', 'duality'])
2026-07-09 09:20:54,059 | INFO | enrich_content_tags | tagging Dagshai 2002/03 MAR - 2002/7 MAR - 12 PM/04 SAMBODHAN.json (chars=14381, est_tokens=3595, strategy=single-pass)
2026-07-09 09:20:59,698 | INFO | enrich_content_tags | Dagshai 2002/03 MAR - 2002/7 MAR - 12 PM/04 SAMBODHAN.json: tagged in 5.6s (event_type=discourse, lang=hindi, topics=['meditation', 'service', 'silence', 'self-inquiry', 'spiritual-history'])
2026-07-09 09:20:59,700 | INFO | enrich_content_tags | tagging Dagshai 2002/03 MAR - 2002/7 MAR - 12 PM/05 OM GURUVE NAMAH.json (chars=4463, est_tokens=1115, strategy=single-pass)
2026-07-09 09:21:02,768 | INFO | enrich_content_tags | Dagshai 2002/03 MAR - 2002/7 MAR - 12 PM/05 OM GURUVE NAMAH.json: tagged in 3.1s (event_type=bhajan, lang=hindi, topics=['bhakti', 'worldly-attachment', 'inner-peace', 'guru-devotion'])
2026-07-09 09:21:02,770 | INFO | enrich_content_tags | tagging Dagshai 2002/03 MAR - 2002/7 MAR - 12 PM/06 SAMBODHAN.json (chars=431, est_tokens=107, strategy=single-pass)
2026-07-09 09:21:05,239 | INFO | enrich_content_tags | Dagshai 2002/03 MAR - 2002/7 MAR - 12 PM/06 SAMBODHAN.json: tagged in 2.5s (event_type=discourse, lang=hindi, topics=['shiv-adhyatma', 'inner-stability', 'detachment', 'spiritual-longing'])
2026-07-09 09:21:05,241 | INFO | enrich_content_tags | tagging Dagshai 2002/03 MAR - 2002/7 MAR - 630 PM/01 OM GURUVE NAMAH.json (chars=1354, est_tokens=338, strategy=single-pass)
2026-07-09 09:21:07,835 | INFO | enrich_content_tags | Dagshai 2002/03 MAR - 2002/7 MAR - 630 PM/01 OM GURUVE NAMAH.json: tagged in 2.6s (event_type=bhajan, lang=hindi, topics=['bhakti', 'guru-devotion', 'chanting', 'om-chanting', 'hari-kirtan'])
2026-07-09 09:21:07,836 | INFO | enrich_content_tags | tagging Dagshai 2002/03 MAR - 2002/7 MAR - 630 PM/02 JE TAINU PRABHU DE MILAN DA.json (chars=4290, est_tokens=1072, strategy=single-pass)
2026-07-09 09:21:10,679 | INFO | enrich_content_tags | Dagshai 2002/03 MAR - 2002/7 MAR - 630 PM/02 JE TAINU PRABHU DE MILAN DA.json: tagged in 2.8s (event_type=bhajan, lang=hindi, topics=['bhajan', 'devotion', 'self-surrender', 'present-moment', 'ego-dissolution'])
2026-07-09 09:21:10,680 | INFO | enrich_content_tags | tagging Dagshai 2002/03 MAR - 2002/7 MAR - 6 AM/01 MEDITATION.json (chars=379, est_tokens=94, strategy=single-pass)
2026-07-09 09:21:13,176 | INFO | enrich_content_tags | Dagshai 2002/03 MAR - 2002/7 MAR - 6 AM/01 MEDITATION.json: tagged in 2.5s (event_type=meditation, lang=hindi, topics=['meditation-practice', 'mind-control', 'inner-observation', 'darkness-of-mind', 'guru-devotion'])
2026-07-09 09:21:13,177 | INFO | enrich_content_tags | tagging Dagshai 2002/03 MAR - 2002/7 MAR - 6 AM/02 OM GURUVE NAMAH.json (chars=1113, est_tokens=278, strategy=single-pass)
2026-07-09 09:21:15,533 | INFO | enrich_content_tags | Dagshai 2002/03 MAR - 2002/7 MAR - 6 AM/02 OM GURUVE NAMAH.json: tagged in 2.3s (event_type=bhajan, lang=sanskrit, topics=['chanting', 'devotion', 'guru-bhakti', 'mantra-recitation'])
2026-07-09 09:21:15,535 | INFO | enrich_content_tags | tagging Dagshai 2002/03 MAR - 2002/7 MAR - 6 AM/03 SAMBODHAN.json (chars=201, est_tokens=50, strategy=single-pass)
2026-07-09 09:21:17,461 | INFO | enrich_content_tags | Dagshai 2002/03 MAR - 2002/7 MAR - 6 AM/03 SAMBODHAN.json: tagged in 1.9s (event_type=meditation, lang=hindi, topics=['meditation', 'individual-practice', 'spiritual-discourse'])
2026-07-09 09:21:17,463 | INFO | enrich_content_tags | tagging Dagshai 2002/03 MAR - 2002/8 MAR - 630 PM/01 OM GURUVE NAMAH.json (chars=1533, est_tokens=383, strategy=single-pass)
2026-07-09 09:21:19,926 | INFO | enrich_content_tags | Dagshai 2002/03 MAR - 2002/8 MAR - 630 PM/01 OM GURUVE NAMAH.json: tagged in 2.5s (event_type=bhajan, lang=hindi, topics=['guru-bhakti', 'nama-smaran', 'devotional-singing'])
2026-07-09 09:21:19,927 | INFO | enrich_content_tags | tagging Dagshai 2002/03 MAR - 2002/8 MAR - 630 PM/02 AAYE HAIN SAMJHANE LOG.json (chars=16227, est_tokens=4056, strategy=single-pass)
2026-07-09 09:21:25,041 | INFO | enrich_content_tags | Dagshai 2002/03 MAR - 2002/8 MAR - 630 PM/02 AAYE HAIN SAMJHANE LOG.json: tagged in 5.1s (event_type=bhajan, lang=hindi, topics=['bhakti', 'self-surrender', 'public-opinion', 'spiritual-realization', 'bhajan'])
2026-07-09 09:21:25,043 | INFO | enrich_content_tags | tagging Dagshai 2002/03 MAR - 2002/9 MAR - 630 PM/01 MEDITATION.json (chars=3730, est_tokens=932, strategy=single-pass)
2026-07-09 09:21:28,895 | INFO | enrich_content_tags | Dagshai 2002/03 MAR - 2002/9 MAR - 630 PM/01 MEDITATION.json: tagged in 3.9s (event_type=meditation, lang=hindi, topics=['self-inquiry', 'meditation', 'mindfulness', 'bhakti', 'present-moment'])
2026-07-09 09:21:28,896 | INFO | enrich_content_tags | tagging Dagshai 2002/03 MAR - 2002/9 MAR - 630 PM/02 OM GURUVE NAMAH.json (chars=1776, est_tokens=444, strategy=single-pass)
2026-07-09 09:21:31,011 | INFO | enrich_content_tags | Dagshai 2002/03 MAR - 2002/9 MAR - 630 PM/02 OM GURUVE NAMAH.json: tagged in 2.1s (event_type=bhajan, lang=hindi, topics=['bhakti', 'meditation', 'divine-love', 'human-life', 'spiritual-practice'])
2026-07-09 09:21:31,013 | INFO | enrich_content_tags | tagging Dagshai 2002/03 MAR - 2002/9 MAR - 630 PM/03 MAIKHANE MEIN BAITHEN HAIN.json (chars=9529, est_tokens=2382, strategy=single-pass)
2026-07-09 09:21:46,622 | ERROR | enrich_content_tags | Dagshai 2002/03 MAR - 2002/9 MAR - 630 PM/03 MAIKHANE MEIN BAITHEN HAIN.json: tagging failed (json decode failed: Expecting value: line 5 column 4793 (char 4941)) — dead-letter dead_letter/tag_failures/Dagshai_2002_03_MAR_-_2002_9_MAR_-_630_PM_03_MAIKHANE_MEIN_BAITHEN_HAIN.json.fc759f1722ef.txt
2026-07-09 09:21:46,623 | ERROR | enrich_content_tags | [1333/9168] Dagshai 2002/03 MAR - 2002/9 MAR - 630 PM/03 MAIKHANE MEIN BAITHEN HAIN.json: json decode failed: Expecting value: line 5 column 4793 (char 4941)
2026-07-09 09:21:46,624 | INFO | enrich_content_tags | tagging Dagshai 2002/03 MAR - 2002/9 MAR - 630 PM/04 SAMBODHAN.json (chars=1000, est_tokens=250, strategy=single-pass)
2026-07-09 09:21:49,022 | INFO | enrich_content_tags | Dagshai 2002/03 MAR - 2002/9 MAR - 630 PM/04 SAMBODHAN.json: tagged in 2.4s (event_type=meditation, lang=hindi, topics=['bhakti', 'self-inquiry', 'gratitude', 'spiritual-longing', 'repentance'])
2026-07-09 09:21:49,023 | INFO | enrich_content_tags | tagging Dagshai 2002/03 MAR - 2002/DAGSHAI 10 - 13 MAR 2002 SHIVRATRI CAMP/10 MAR - 1$ - 7 AM/01 MEDITATION.json (chars=1000, est_tokens=250, strategy=single-pass)
2026-07-09 09:21:52,021 | INFO | enrich_content_tags | Dagshai 2002/03 MAR - 2002/DAGSHAI 10 - 13 MAR 2002 SHIVRATRI CAMP/10 MAR - 1$ - 7 AM/01 MEDITATION.json: tagged in 3.0s (event_type=meditation, lang=hindi, topics=['self-realization', 'divine-consciousness', 'spiritual-awakening', 'bhakti', 'meditation-practice'])
2026-07-09 09:21:52,022 | INFO | enrich_content_tags | tagging Dagshai 2002/03 MAR - 2002/DAGSHAI 10 - 13 MAR 2002 SHIVRATRI CAMP/10 MAR - 1$ - 7 AM/02 OM GURUVE NAMAH.json (chars=3925, est_tokens=981, strategy=single-pass)
2026-07-09 09:21:55,563 | INFO | enrich_content_tags | Dagshai 2002/03 MAR - 2002/DAGSHAI 10 - 13 MAR 2002 SHIVRATRI CAMP/10 MAR - 1$ - 7 AM/02 OM GURUVE NAMAH.json: tagged in 3.5s (event_type=bhajan, lang=hindi, topics=['guru-bhakti', 'divine-love', 'self-surrender', 'spiritual-devotion', 'shiva-worship'])
2026-07-09 09:21:55,564 | INFO | enrich_content_tags | tagging Dagshai 2002/03 MAR - 2002/DAGSHAI 10 - 13 MAR 2002 SHIVRATRI CAMP/10 MAR - 1$ - 7 AM/03 MAINE JAB TAK TUMHE.json (chars=19655, est_tokens=4913, strategy=single-pass)
2026-07-09 09:22:01,170 | INFO | enrich_content_tags | Dagshai 2002/03 MAR - 2002/DAGSHAI 10 - 13 MAR 2002 SHIVRATRI CAMP/10 MAR - 1$ - 7 AM/03 MAINE JAB TAK TUMHE.json: tagged in 5.6s (event_type=bhajan, lang=hindi, topics=['bhakti', 'self-inquiry', 'devotion', 'life-purpose', 'divine-love'])
2026-07-09 09:22:01,172 | INFO | enrich_content_tags | tagging Dagshai 2002/03 MAR - 2002/DAGSHAI 10 - 13 MAR 2002 SHIVRATRI CAMP/10 MAR - 2$ - 1 PM/02 MEDITATION.json (chars=3508, est_tokens=877, strategy=single-pass)
2026-07-09 09:22:04,869 | INFO | enrich_content_tags | Dagshai 2002/03 MAR - 2002/DAGSHAI 10 - 13 MAR 2002 SHIVRATRI CAMP/10 MAR - 2$ - 1 PM/02 MEDITATION.json: tagged in 3.7s (event_type=meditation, lang=hindi, topics=['meditation', 'inner-light', 'self-inquiry', 'kundalini', 'spiritual-wisdom'])
2026-07-09 09:22:04,871 | INFO | enrich_content_tags | tagging Dagshai 2002/03 MAR - 2002/DAGSHAI 10 - 13 MAR 2002 SHIVRATRI CAMP/10 MAR - 2$ - 1 PM/03 MERE MURSHID NIGHAHEN.json (chars=18539, est_tokens=4634, strategy=single-pass)
2026-07-09 09:22:11,857 | INFO | enrich_content_tags | Dagshai 2002/03 MAR - 2002/DAGSHAI 10 - 13 MAR 2002 SHIVRATRI CAMP/10 MAR - 2$ - 1 PM/03 MERE MURSHID NIGHAHEN.json: tagged in 7.0s (event_type=bhajan, lang=hindi, topics=['bhakti', 'divine-love', 'self-inquiry', 'spiritual-awakening', 'surrender'])
2026-07-09 09:22:11,858 | INFO | enrich_content_tags | tagging Dagshai 2002/03 MAR - 2002/DAGSHAI 10 - 13 MAR 2002 SHIVRATRI CAMP/10 MAR - 2$ - 1 PM/04 OM GURUVE NAMAH.json (chars=1495, est_tokens=373, strategy=single-pass)
2026-07-09 09:22:14,846 | INFO | enrich_content_tags | Dagshai 2002/03 MAR - 2002/DAGSHAI 10 - 13 MAR 2002 SHIVRATRI CAMP/10 MAR - 2$ - 1 PM/04 OM GURUVE NAMAH.json: tagged in 3.0s (event_type=bhajan, lang=sanskrit, topics=['devotional-songs', 'mantra-recitation', 'divine-praise'])
2026-07-09 09:22:14,847 | INFO | enrich_content_tags | tagging Dagshai 2002/03 MAR - 2002/DAGSHAI 10 - 13 MAR 2002 SHIVRATRI CAMP/10 MAR - 2$ - 1 PM/05 SAMBODHAN.json (chars=1490, est_tokens=372, strategy=single-pass)
2026-07-09 09:22:18,268 | INFO | enrich_content_tags | Dagshai 2002/03 MAR - 2002/DAGSHAI 10 - 13 MAR 2002 SHIVRATRI CAMP/10 MAR - 2$ - 1 PM/05 SAMBODHAN.json: tagged in 3.4s (event_type=meditation, lang=hindi, topics=['meditation', 'shiv-ratri', 'preparation', 'silence', 'devotion'])
2026-07-09 09:22:18,270 | INFO | enrich_content_tags | tagging Dagshai 2002/03 MAR - 2002/DAGSHAI 10 - 13 MAR 2002 SHIVRATRI CAMP/10 MAR - 3$ - 6 PM/02 MEDITATION.json (chars=10071, est_tokens=2517, strategy=single-pass)
2026-07-09 09:22:22,674 | INFO | enrich_content_tags | Dagshai 2002/03 MAR - 2002/DAGSHAI 10 - 13 MAR 2002 SHIVRATRI CAMP/10 MAR - 3$ - 6 PM/02 MEDITATION.json: tagged in 4.4s (event_type=meditation, lang=hindi, topics=['self-inquiry', 'meditation', 'consciousness', 'inner-energy', 'spiritual-transformation'])
2026-07-09 09:22:22,675 | INFO | enrich_content_tags | tagging Dagshai 2002/03 MAR - 2002/DAGSHAI 10 - 13 MAR 2002 SHIVRATRI CAMP/10 MAR - 3$ - 6 PM/03 OM GURUVE NAMAH.json (chars=5378, est_tokens=1344, strategy=single-pass)
2026-07-09 09:22:26,388 | INFO | enrich_content_tags | Dagshai 2002/03 MAR - 2002/DAGSHAI 10 - 13 MAR 2002 SHIVRATRI CAMP/10 MAR - 3$ - 6 PM/03 OM GURUVE NAMAH.json: tagged in 3.7s (event_type=bhajan, lang=hindi, topics=['bhakti', 'self-love', 'devotion', 'yoga', 'gratitude'])
2026-07-09 09:22:26,390 | INFO | enrich_content_tags | tagging Dagshai 2002/03 MAR - 2002/DAGSHAI 10 - 13 MAR 2002 SHIVRATRI CAMP/10 MAR - 3$ - 6 PM/04 AAYE HAIN TERE MAIKHANE MEIN.json (chars=22409, est_tokens=5602, strategy=single-pass)
2026-07-09 09:22:33,014 | INFO | enrich_content_tags | Dagshai 2002/03 MAR - 2002/DAGSHAI 10 - 13 MAR 2002 SHIVRATRI CAMP/10 MAR - 3$ - 6 PM/04 AAYE HAIN TERE MAIKHANE MEIN.json: tagged in 6.6s (event_type=bhajan, lang=hindi, topics=['bhakti', 'devotion', 'self-inquiry', 'life-purpose', 'spiritual-realization'])
2026-07-09 09:22:33,016 | INFO | enrich_content_tags | tagging Dagshai 2002/03 MAR - 2002/DAGSHAI 10 - 13 MAR 2002 SHIVRATRI CAMP/10 MAR - 3$ - 6 PM/05 MERI AANKHO KO BAKSHE HAIN.json (chars=17541, est_tokens=4385, strategy=single-pass)
2026-07-09 09:22:40,337 | INFO | enrich_content_tags | Dagshai 2002/03 MAR - 2002/DAGSHAI 10 - 13 MAR 2002 SHIVRATRI CAMP/10 MAR - 3$ - 6 PM/05 MERI AANKHO KO BAKSHE HAIN.json: tagged in 7.3s (event_type=bhajan, lang=hindi, topics=['bhakti', 'meditation', 'devotion', 'love-of-god', 'surrender'])
2026-07-09 09:22:40,338 | INFO | enrich_content_tags | tagging Dagshai 2002/03 MAR - 2002/DAGSHAI 10 - 13 MAR 2002 SHIVRATRI CAMP/10 MAR - 3$ - 6 PM/06 OM GURUVE NAMAH.json (chars=311, est_tokens=77, strategy=single-pass)
2026-07-09 09:22:42,996 | INFO | enrich_content_tags | Dagshai 2002/03 MAR - 2002/DAGSHAI 10 - 13 MAR 2002 SHIVRATRI CAMP/10 MAR - 3$ - 6 PM/06 OM GURUVE NAMAH.json: tagged in 2.7s (event_type=bhajan, lang=sanskrit, topics=['invocation', 'chanting', 'guru-devotion'])
2026-07-09 09:22:42,997 | INFO | enrich_content_tags | tagging Dagshai 2002/03 MAR - 2002/DAGSHAI 10 - 13 MAR 2002 SHIVRATRI CAMP/10 MAR - 3$ - 6 PM/07 SAMBODHAN.json (chars=868, est_tokens=217, strategy=single-pass)
2026-07-09 09:22:46,462 | INFO | enrich_content_tags | Dagshai 2002/03 MAR - 2002/DAGSHAI 10 - 13 MAR 2002 SHIVRATRI CAMP/10 MAR - 3$ - 6 PM/07 SAMBODHAN.json: tagged in 3.5s (event_type=meditation, lang=mixed, topics=['meditation', 'satsang', 'devotion', 'discipline', 'spiritual-practice'])
2026-07-09 09:22:46,463 | INFO | enrich_content_tags | tagging Dagshai 2002/03 MAR - 2002/DAGSHAI 10 - 13 MAR 2002 SHIVRATRI CAMP/11 MAR - 4$ - 12 PM/02 MEDITATION.json (chars=5013, est_tokens=1253, strategy=single-pass)
2026-07-09 09:22:50,243 | INFO | enrich_content_tags | Dagshai 2002/03 MAR - 2002/DAGSHAI 10 - 13 MAR 2002 SHIVRATRI CAMP/11 MAR - 4$ - 12 PM/02 MEDITATION.json: tagged in 3.8s (event_type=meditation, lang=hindi, topics=['meditation', 'self-inquiry', 'shivratra', 'inner-journey', 'divine-presence'])
2026-07-09 09:22:50,245 | INFO | enrich_content_tags | tagging Dagshai 2002/03 MAR - 2002/DAGSHAI 10 - 13 MAR 2002 SHIVRATRI CAMP/11 MAR - 4$ - 12 PM/03 SHLOK.json (chars=696, est_tokens=174, strategy=single-pass)
2026-07-09 09:22:53,217 | INFO | enrich_content_tags | Dagshai 2002/03 MAR - 2002/DAGSHAI 10 - 13 MAR 2002 SHIVRATRI CAMP/11 MAR - 4$ - 12 PM/03 SHLOK.json: tagged in 3.0s (event_type=bhajan, lang=hindi, topics=['divine-attributes', 'self-realization', 'bhakti', 'spiritual-union', 'bhagavad-gita'])
2026-07-09 09:22:53,218 | INFO | enrich_content_tags | tagging Dagshai 2002/03 MAR - 2002/DAGSHAI 10 - 13 MAR 2002 SHIVRATRI CAMP/11 MAR - 4$ - 12 PM/04 HARI JI MERE MAN KO.json (chars=26614, est_tokens=6653, strategy=single-pass)
2026-07-09 09:23:00,585 | INFO | enrich_content_tags | Dagshai 2002/03 MAR - 2002/DAGSHAI 10 - 13 MAR 2002 SHIVRATRI CAMP/11 MAR - 4$ - 12 PM/04 HARI JI MERE MAN KO.json: tagged in 7.4s (event_type=bhajan, lang=hindi, topics=['bhakti', 'self-surrender', 'inner-divinity', 'ego-transformation', 'devotion'])
2026-07-09 09:23:00,586 | INFO | enrich_content_tags | tagging Dagshai 2002/03 MAR - 2002/DAGSHAI 10 - 13 MAR 2002 SHIVRATRI CAMP/11 MAR - 4$ - 12 PM/05 GUM SABHI RAAH KE.json (chars=14918, est_tokens=3729, strategy=single-pass)
2026-07-09 09:23:07,149 | INFO | enrich_content_tags | Dagshai 2002/03 MAR - 2002/DAGSHAI 10 - 13 MAR 2002 SHIVRATRI CAMP/11 MAR - 4$ - 12 PM/05 GUM SABHI RAAH KE.json: tagged in 6.6s (event_type=bhajan, lang=hindi, topics=['bhajan', 'divine-love', 'inner-temple', 'surrender', 'spiritual-awakening'])
2026-07-09 09:23:07,150 | INFO | enrich_content_tags | tagging Dagshai 2002/03 MAR - 2002/DAGSHAI 10 - 13 MAR 2002 SHIVRATRI CAMP/11 MAR - 4$ - 12 PM/06 OM GURUVE NAMAH.json (chars=809, est_tokens=202, strategy=single-pass)
2026-07-09 09:23:09,548 | INFO | enrich_content_tags | Dagshai 2002/03 MAR - 2002/DAGSHAI 10 - 13 MAR 2002 SHIVRATRI CAMP/11 MAR - 4$ - 12 PM/06 OM GURUVE NAMAH.json: tagged in 2.4s (event_type=bhajan, lang=hindi, topics=['devotional-singing', 'namo-nama', 'spiritual-practice'])
2026-07-09 09:23:09,549 | INFO | enrich_content_tags | tagging Dagshai 2002/03 MAR - 2002/DAGSHAI 10 - 13 MAR 2002 SHIVRATRI CAMP/11 MAR - 4$ - 12 PM/07 SAMBODHAN.json (chars=670, est_tokens=167, strategy=single-pass)
2026-07-09 09:23:11,983 | INFO | enrich_content_tags | Dagshai 2002/03 MAR - 2002/DAGSHAI 10 - 13 MAR 2002 SHIVRATRI CAMP/11 MAR - 4$ - 12 PM/07 SAMBODHAN.json: tagged in 2.5s (event_type=bhajan, lang=hindi, topics=['bhajan', 'meditation', 'silence', 'gratitude'])
2026-07-09 09:23:11,985 | INFO | enrich_content_tags | tagging Dagshai 2002/03 MAR - 2002/DAGSHAI 10 - 13 MAR 2002 SHIVRATRI CAMP/11 MAR - 5$ - 6 PM/01 MEDITATION.json (chars=5447, est_tokens=1361, strategy=single-pass)
2026-07-09 09:23:16,774 | INFO | enrich_content_tags | Dagshai 2002/03 MAR - 2002/DAGSHAI 10 - 13 MAR 2002 SHIVRATRI CAMP/11 MAR - 5$ - 6 PM/01 MEDITATION.json: tagged in 4.8s (event_type=meditation, lang=hindi, topics=['self-inquiry', 'meditation-practice', 'divine-love', 'inner-witness', 'spiritual-transformation'])
2026-07-09 09:23:16,775 | INFO | enrich_content_tags | tagging Dagshai 2002/03 MAR - 2002/DAGSHAI 10 - 13 MAR 2002 SHIVRATRI CAMP/11 MAR - 5$ - 6 PM/02 OM GURUVE NAMAH.json (chars=2736, est_tokens=684, strategy=single-pass)
2026-07-09 09:23:20,222 | INFO | enrich_content_tags | Dagshai 2002/03 MAR - 2002/DAGSHAI 10 - 13 MAR 2002 SHIVRATRI CAMP/11 MAR - 5$ - 6 PM/02 OM GURUVE NAMAH.json: tagged in 3.5s (event_type=bhajan, lang=hindi, topics=['bhajan', 'devotion', 'meditation', 'spiritual-songs'])
2026-07-09 09:23:20,224 | INFO | enrich_content_tags | tagging Dagshai 2002/03 MAR - 2002/DAGSHAI 10 - 13 MAR 2002 SHIVRATRI CAMP/11 MAR - 5$ - 6 PM/03 HARI BINA KAUN HARE.json (chars=12567, est_tokens=3141, strategy=single-pass)
2026-07-09 09:23:25,568 | INFO | enrich_content_tags | Dagshai 2002/03 MAR - 2002/DAGSHAI 10 - 13 MAR 2002 SHIVRATRI CAMP/11 MAR - 5$ - 6 PM/03 HARI BINA KAUN HARE.json: tagged in 5.3s (event_type=bhajan, lang=hindi, topics=['bhakti', 'mirabai', 'guru-grace', 'devotion', 'spiritual-awakening'])
2026-07-09 09:23:25,570 | INFO | enrich_content_tags | tagging Dagshai 2002/03 MAR - 2002/DAGSHAI 10 - 13 MAR 2002 SHIVRATRI CAMP/11 MAR - 5$ - 6 PM/04 MAHI O MAHI.json (chars=3140, est_tokens=785, strategy=single-pass)
2026-07-09 09:23:28,441 | INFO | enrich_content_tags | Dagshai 2002/03 MAR - 2002/DAGSHAI 10 - 13 MAR 2002 SHIVRATRI CAMP/11 MAR - 5$ - 6 PM/04 MAHI O MAHI.json: tagged in 2.9s (event_type=bhajan, lang=hindi, topics=['bhakti', 'devotion', 'divine-love', 'shivratra', 'meditation'])
2026-07-09 09:23:28,443 | INFO | enrich_content_tags | tagging Dagshai 2002/03 MAR - 2002/DAGSHAI 10 - 13 MAR 2002 SHIVRATRI CAMP/11 MAR - 5$ - 6 PM/05 ISHQ KA RUTBA.json (chars=4142, est_tokens=1035, strategy=single-pass)
2026-07-09 09:23:33,272 | INFO | enrich_content_tags | Dagshai 2002/03 MAR - 2002/DAGSHAI 10 - 13 MAR 2002 SHIVRATRI CAMP/11 MAR - 5$ - 6 PM/05 ISHQ KA RUTBA.json: tagged in 4.8s (event_type=bhajan, lang=hindi, topics=['bhakti', 'divine-love', 'suffering', 'devotion', 'spiritual-wisdom'])
2026-07-09 09:23:33,273 | INFO | enrich_content_tags | tagging Dagshai 2002/03 MAR - 2002/DAGSHAI 10 - 13 MAR 2002 SHIVRATRI CAMP/11 MAR - 5$ - 6 PM/06 OM ONKAR.json (chars=276, est_tokens=69, strategy=single-pass)
2026-07-09 09:23:36,080 | INFO | enrich_content_tags | Dagshai 2002/03 MAR - 2002/DAGSHAI 10 - 13 MAR 2002 SHIVRATRI CAMP/11 MAR - 5$ - 6 PM/06 OM ONKAR.json: tagged in 2.8s (event_type=bhajan, lang=hindi, topics=['chanting', 'peace', 'shiva-ratri'])
2026-07-09 09:23:36,081 | INFO | enrich_content_tags | tagging Dagshai 2002/03 MAR - 2002/DAGSHAI 10 - 13 MAR 2002 SHIVRATRI CAMP/11 MAR - 5$ - 6 PM/07 SAMBODHAN.json (chars=602, est_tokens=150, strategy=single-pass)
2026-07-09 09:23:38,699 | INFO | enrich_content_tags | Dagshai 2002/03 MAR - 2002/DAGSHAI 10 - 13 MAR 2002 SHIVRATRI CAMP/11 MAR - 5$ - 6 PM/07 SAMBODHAN.json: tagged in 2.6s (event_type=meditation, lang=hindi, topics=['meditation', 'evening-program', 'silence', 'devotion'])
2026-07-09 09:23:38,700 | INFO | enrich_content_tags | tagging Dagshai 2002/03 MAR - 2002/DAGSHAI 10 - 13 MAR 2002 SHIVRATRI CAMP/12 MAR - 6$ - 830 AM/02 MEDITATION.json (chars=2458, est_tokens=614, strategy=single-pass)
2026-07-09 09:23:41,480 | INFO | enrich_content_tags | Dagshai 2002/03 MAR - 2002/DAGSHAI 10 - 13 MAR 2002 SHIVRATRI CAMP/12 MAR - 6$ - 830 AM/02 MEDITATION.json: tagged in 2.8s (event_type=meditation, lang=hindi, topics=['shiv-meditation', 'self-inquiry', 'divine-love', 'spiritual-awakening', 'bhakti'])
2026-07-09 09:23:41,481 | INFO | enrich_content_tags | tagging Dagshai 2002/03 MAR - 2002/DAGSHAI 10 - 13 MAR 2002 SHIVRATRI CAMP/12 MAR - 6$ - 830 AM/03 OM GURUVE NAMAH.json (chars=3234, est_tokens=808, strategy=single-pass)
2026-07-09 09:23:44,744 | INFO | enrich_content_tags | Dagshai 2002/03 MAR - 2002/DAGSHAI 10 - 13 MAR 2002 SHIVRATRI CAMP/12 MAR - 6$ - 830 AM/03 OM GURUVE NAMAH.json: tagged in 3.3s (event_type=bhajan, lang=hindi, topics=['guru-bhakti', 'shiva-stuti', 'bhajan-singing', 'spiritual-devotion', 'namaskar'])
2026-07-09 09:23:44,745 | INFO | enrich_content_tags | tagging Dagshai 2002/03 MAR - 2002/DAGSHAI 10 - 13 MAR 2002 SHIVRATRI CAMP/12 MAR - 6$ - 830 AM/04 SUNI MALKA MERI KOOK.json (chars=12071, est_tokens=3017, strategy=single-pass)
2026-07-09 09:23:49,600 | INFO | enrich_content_tags | Dagshai 2002/03 MAR - 2002/DAGSHAI 10 - 13 MAR 2002 SHIVRATRI CAMP/12 MAR - 6$ - 830 AM/04 SUNI MALKA MERI KOOK.json: tagged in 4.9s (event_type=bhajan, lang=hindi, topics=['bhakti', 'shivratra', 'self-inquiry', 'divine-love', 'inner-awakening'])
2026-07-09 09:23:49,601 | INFO | enrich_content_tags | tagging Dagshai 2002/03 MAR - 2002/DAGSHAI 10 - 13 MAR 2002 SHIVRATRI CAMP/12 MAR - 6$ - 830 AM/05 OM ONKAR.json (chars=262, est_tokens=65, strategy=single-pass)
2026-07-09 09:23:52,205 | INFO | enrich_content_tags | Dagshai 2002/03 MAR - 2002/DAGSHAI 10 - 13 MAR 2002 SHIVRATRI CAMP/12 MAR - 6$ - 830 AM/05 OM ONKAR.json: tagged in 2.6s (event_type=bhajan, lang=hindi, topics=['bhajan', 'devotion', 'chanting'])
2026-07-09 09:23:52,207 | INFO | enrich_content_tags | tagging Dagshai 2002/03 MAR - 2002/DAGSHAI 10 - 13 MAR 2002 SHIVRATRI CAMP/12 MAR - 6$ - 830 AM/06 SAMBODHAN.json (chars=1150, est_tokens=287, strategy=single-pass)
2026-07-09 09:23:55,881 | INFO | enrich_content_tags | Dagshai 2002/03 MAR - 2002/DAGSHAI 10 - 13 MAR 2002 SHIVRATRI CAMP/12 MAR - 6$ - 830 AM/06 SAMBODHAN.json: tagged in 3.7s (event_type=meditation, lang=hindi, topics=['meditation', 'shiv-ratri', 'devotion', 'mindfulness', 'spiritual-practice'])
2026-07-09 09:23:55,883 | INFO | enrich_content_tags | tagging Dagshai 2002/03 MAR - 2002/DAGSHAI 10 - 13 MAR 2002 SHIVRATRI CAMP/12 MAR - 7$ - 6 PM/02 MEDITATION.json (chars=8739, est_tokens=2184, strategy=single-pass)
2026-07-09 09:24:01,004 | INFO | enrich_content_tags | Dagshai 2002/03 MAR - 2002/DAGSHAI 10 - 13 MAR 2002 SHIVRATRI CAMP/12 MAR - 7$ - 6 PM/02 MEDITATION.json: tagged in 5.1s (event_type=meditation, lang=hindi, topics=['meditation', 'self-awareness', 'present-moment', 'inner-witness', 'bhakti'])
2026-07-09 09:24:01,006 | INFO | enrich_content_tags | tagging Dagshai 2002/03 MAR - 2002/DAGSHAI 10 - 13 MAR 2002 SHIVRATRI CAMP/12 MAR - 7$ - 6 PM/03 OM GURUVE NAMAH.json (chars=2673, est_tokens=668, strategy=single-pass)
2026-07-09 09:24:04,369 | INFO | enrich_content_tags | Dagshai 2002/03 MAR - 2002/DAGSHAI 10 - 13 MAR 2002 SHIVRATRI CAMP/12 MAR - 7$ - 6 PM/03 OM GURUVE NAMAH.json: tagged in 3.4s (event_type=bhajan, lang=hindi, topics=['bhakti', 'guru-bhakti', 'shiva', 'devotion', 'nam-simaran'])
2026-07-09 09:24:04,371 | INFO | enrich_content_tags | tagging Dagshai 2002/03 MAR - 2002/DAGSHAI 10 - 13 MAR 2002 SHIVRATRI CAMP/12 MAR - 7$ - 6 PM/04 MERO MAN VAIRAGI.json (chars=43727, est_tokens=10931, strategy=single-pass)
2026-07-09 09:24:25,867 | ERROR | enrich_content_tags | Dagshai 2002/03 MAR - 2002/DAGSHAI 10 - 13 MAR 2002 SHIVRATRI CAMP/12 MAR - 7$ - 6 PM/04 MERO MAN VAIRAGI.json: tagging failed (json decode failed: Unterminated string starting at: line 5 column 5268 (char 5413)) — dead-letter dead_letter/tag_failures/Dagshai_2002_03_MAR_-_2002_DAGSHAI_10_-_13_MAR_2002_SHIVRATRI_CAMP_12_MAR_-_7__-_6_PM_04_MERO_MAN_VA.bfc2380376df.txt
2026-07-09 09:24:25,868 | ERROR | enrich_content_tags | [1368/9168] Dagshai 2002/03 MAR - 2002/DAGSHAI 10 - 13 MAR 2002 SHIVRATRI CAMP/12 MAR - 7$ - 6 PM/04 MERO MAN VAIRAGI.json: json decode failed: Unterminated string starting at: line 5 column 5268 (char 5413)
2026-07-09 09:24:25,869 | INFO | enrich_content_tags | tagging Dagshai 2002/03 MAR - 2002/DAGSHAI 10 - 13 MAR 2002 SHIVRATRI CAMP/12 MAR - 7$ - 6 PM/05 BAN KE MERA HUMKADAM.json (chars=8130, est_tokens=2032, strategy=single-pass)
2026-07-09 09:24:30,078 | INFO | enrich_content_tags | Dagshai 2002/03 MAR - 2002/DAGSHAI 10 - 13 MAR 2002 SHIVRATRI CAMP/12 MAR - 7$ - 6 PM/05 BAN KE MERA HUMKADAM.json: tagged in 4.2s (event_type=bhajan, lang=hindi, topics=['bhakti', 'devotion', 'separation', 'spiritual-journey', 'surrender'])
2026-07-09 09:24:30,079 | INFO | enrich_content_tags | tagging Dagshai 2002/03 MAR - 2002/DAGSHAI 10 - 13 MAR 2002 SHIVRATRI CAMP/12 MAR - 7$ - 6 PM/06 SAMBODHAN.json (chars=254, est_tokens=63, strategy=single-pass)
2026-07-09 09:24:32,140 | INFO | enrich_content_tags | Dagshai 2002/03 MAR - 2002/DAGSHAI 10 - 13 MAR 2002 SHIVRATRI CAMP/12 MAR - 7$ - 6 PM/06 SAMBODHAN.json: tagged in 2.1s (event_type=satsang, lang=hindi, topics=['greeting', 'spiritual-practice', 'daily-routine'])
2026-07-09 09:24:32,142 | INFO | enrich_content_tags | tagging Dagshai 2002/03 MAR - 2002/DAGSHAI 10 - 13 MAR 2002 SHIVRATRI CAMP/12 MAR - 7$ - 6 PM/07 SAMBODHAN.json (chars=2153, est_tokens=538, strategy=single-pass)
2026-07-09 09:24:35,928 | INFO | enrich_content_tags | Dagshai 2002/03 MAR - 2002/DAGSHAI 10 - 13 MAR 2002 SHIVRATRI CAMP/12 MAR - 7$ - 6 PM/07 SAMBODHAN.json: tagged in 3.8s (event_type=discourse, lang=hindi, topics=['bhakti-yoga', 'meditation', 'devotion', 'shiv-ratri', 'inner-peace'])
2026-07-09 09:24:35,930 | INFO | enrich_content_tags | tagging Dagshai 2002/03 MAR - 2002/DAGSHAI 10 - 13 MAR 2002 SHIVRATRI CAMP/13 MAR - 8$ - 730 AM/02 MEDITATION.json (chars=2599, est_tokens=649, strategy=single-pass)
2026-07-09 09:24:39,043 | INFO | enrich_content_tags | Dagshai 2002/03 MAR - 2002/DAGSHAI 10 - 13 MAR 2002 SHIVRATRI CAMP/13 MAR - 8$ - 730 AM/02 MEDITATION.json: tagged in 3.1s (event_type=meditation, lang=hindi, topics=['meditation', 'self-awareness', 'inner-witness', 'mindfulness', 'devotion'])
2026-07-09 09:24:39,044 | INFO | enrich_content_tags | tagging Dagshai 2002/03 MAR - 2002/DAGSHAI 10 - 13 MAR 2002 SHIVRATRI CAMP/13 MAR - 8$ - 730 AM/03 OM GURUVE NAMAH.json (chars=642, est_tokens=160, strategy=single-pass)
2026-07-09 09:24:41,678 | INFO | enrich_content_tags | Dagshai 2002/03 MAR - 2002/DAGSHAI 10 - 13 MAR 2002 SHIVRATRI CAMP/13 MAR - 8$ - 730 AM/03 OM GURUVE NAMAH.json: tagged in 2.7s (event_type=bhajan, lang=hindi, topics=['guru-bhakti', 'nam-sankirtan', 'divine-sound', 'spiritual-devotion'])
2026-07-09 09:24:41,679 | INFO | enrich_content_tags | tagging Dagshai 2002/03 MAR - 2002/DAGSHAI 10 - 13 MAR 2002 SHIVRATRI CAMP/13 MAR - 8$ - 730 AM/04 MEHRAM DILAN DE MAHI.json (chars=13565, est_tokens=3391, strategy=single-pass)
2026-07-09 09:24:48,202 | INFO | enrich_content_tags | Dagshai 2002/03 MAR - 2002/DAGSHAI 10 - 13 MAR 2002 SHIVRATRI CAMP/13 MAR - 8$ - 730 AM/04 MEHRAM DILAN DE MAHI.json: tagged in 6.5s (event_type=bhajan, lang=hindi, topics=['bhakti', 'seva', 'divine-love', 'suffering', 'devotion'])
2026-07-09 09:24:48,204 | INFO | enrich_content_tags | tagging Dagshai 2002/03 MAR - 2002/DAGSHAI 10 - 13 MAR 2002 SHIVRATRI CAMP/13 MAR - 8$ - 730 AM/05 AA BHI JAO.json (chars=6138, est_tokens=1534, strategy=single-pass)
2026-07-09 09:24:52,128 | INFO | enrich_content_tags | Dagshai 2002/03 MAR - 2002/DAGSHAI 10 - 13 MAR 2002 SHIVRATRI CAMP/13 MAR - 8$ - 730 AM/05 AA BHI JAO.json: tagged in 3.9s (event_type=bhajan, lang=hindi, topics=['life-transience', 'divine-love', 'separation-pain', 'self-surrender', 'spiritual-longing'])
2026-07-09 09:24:52,130 | INFO | enrich_content_tags | tagging Dagshai 2002/03 MAR - 2002/DAGSHAI 10 - 13 MAR 2002 SHIVRATRI CAMP/13 MAR - 8$ - 730 AM/06 SAMBODHAN.json (chars=853, est_tokens=213, strategy=single-pass)
2026-07-09 09:24:55,141 | INFO | enrich_content_tags | Dagshai 2002/03 MAR - 2002/DAGSHAI 10 - 13 MAR 2002 SHIVRATRI CAMP/13 MAR - 8$ - 730 AM/06 SAMBODHAN.json: tagged in 3.0s (event_type=meditation, lang=hindi, topics=['shivratra', 'meditation', 'spiritual-practice', 'gratitude', 'community'])
2026-07-09 09:24:55,142 | INFO | enrich_content_tags | tagging Dagshai 2002/03 MAR - 2002/DAGSHAI 26 - 29 MAR 2002 HOLI CAMP/26 MAR - 1$ - 7 PM/01 MEDITATION.json (chars=3647, est_tokens=911, strategy=single-pass)
2026-07-09 09:24:58,828 | INFO | enrich_content_tags | Dagshai 2002/03 MAR - 2002/DAGSHAI 26 - 29 MAR 2002 HOLI CAMP/26 MAR - 1$ - 7 PM/01 MEDITATION.json: tagged in 3.7s (event_type=meditation, lang=hindi, topics=['self-inquiry', 'mind-watching', 'inner-light', 'detachment', 'divine-love'])
2026-07-09 09:24:58,830 | INFO | enrich_content_tags | tagging Dagshai 2002/03 MAR - 2002/DAGSHAI 26 - 29 MAR 2002 HOLI CAMP/26 MAR - 1$ - 7 PM/02 OM GURUVE NAMAH.json (chars=3767, est_tokens=941, strategy=single-pass)
2026-07-09 09:25:01,932 | INFO | enrich_content_tags | Dagshai 2002/03 MAR - 2002/DAGSHAI 26 - 29 MAR 2002 HOLI CAMP/26 MAR - 1$ - 7 PM/02 OM GURUVE NAMAH.json: tagged in 3.1s (event_type=bhajan, lang=hindi, topics=['bhakti', 'guru-bhakti', 'satsang', 'devotional-songs', 'spiritual-discourse'])
2026-07-09 09:25:01,933 | INFO | enrich_content_tags | tagging Dagshai 2002/03 MAR - 2002/DAGSHAI 26 - 29 MAR 2002 HOLI CAMP/26 MAR - 1$ - 7 PM/03 SUNI MALKA MERI KOOK.json (chars=3145, est_tokens=786, strategy=single-pass)
2026-07-09 09:25:04,934 | INFO | enrich_content_tags | Dagshai 2002/03 MAR - 2002/DAGSHAI 26 - 29 MAR 2002 HOLI CAMP/26 MAR - 1$ - 7 PM/03 SUNI MALKA MERI KOOK.json: tagged in 3.0s (event_type=bhajan, lang=hindi, topics=['bhakti', 'gratitude', 'self-reflection', 'forgiveness', 'devotion'])
2026-07-09 09:25:04,936 | INFO | enrich_content_tags | tagging Dagshai 2002/03 MAR - 2002/DAGSHAI 26 - 29 MAR 2002 HOLI CAMP/27 MAR - 2$ - 530 AM/01 MEDITATION.json (chars=4253, est_tokens=1063, strategy=single-pass)
2026-07-09 09:25:08,828 | INFO | enrich_content_tags | Dagshai 2002/03 MAR - 2002/DAGSHAI 26 - 29 MAR 2002 HOLI CAMP/27 MAR - 2$ - 530 AM/01 MEDITATION.json: tagged in 4.0s (event_type=meditation, lang=hindi, topics=['meditation', 'self-awareness', 'mind-control', 'inner-peace', 'devotion'])
2026-07-09 09:25:08,829 | INFO | enrich_content_tags | tagging Dagshai 2002/03 MAR - 2002/DAGSHAI 26 - 29 MAR 2002 HOLI CAMP/27 MAR - 2$ - 530 AM/02 HE PRABHU KAR HI DO (1).json (chars=328, est_tokens=82, strategy=single-pass)
2026-07-09 09:25:11,485 | INFO | enrich_content_tags | Dagshai 2002/03 MAR - 2002/DAGSHAI 26 - 29 MAR 2002 HOLI CAMP/27 MAR - 2$ - 530 AM/02 HE PRABHU KAR HI DO (1).json: tagged in 2.6s (event_type=bhajan, lang=hindi, topics=['bhajan', 'om-chanting', 'guru-devotion'])
2026-07-09 09:25:11,486 | INFO | enrich_content_tags | tagging Dagshai 2002/03 MAR - 2002/DAGSHAI 26 - 29 MAR 2002 HOLI CAMP/27 MAR - 2$ - 530 AM/02 HE PRABHU KAR HI DO (2).json (chars=10435, est_tokens=2608, strategy=single-pass)
2026-07-09 09:25:15,386 | INFO | enrich_content_tags | Dagshai 2002/03 MAR - 2002/DAGSHAI 26 - 29 MAR 2002 HOLI CAMP/27 MAR - 2$ - 530 AM/02 HE PRABHU KAR HI DO (2).json: tagged in 3.9s (event_type=bhajan, lang=hindi, topics=['bhakti', 'self-inquiry', 'worldly-dependence', 'inner-peace', 'devotion'])
2026-07-09 09:25:15,387 | INFO | enrich_content_tags | tagging Dagshai 2002/03 MAR - 2002/DAGSHAI 26 - 29 MAR 2002 HOLI CAMP/27 MAR - 2$ - 530 AM/03 OM GURUVE NAMAH.json (chars=1447, est_tokens=361, strategy=single-pass)
2026-07-09 09:25:17,686 | INFO | enrich_content_tags | Dagshai 2002/03 MAR - 2002/DAGSHAI 26 - 29 MAR 2002 HOLI CAMP/27 MAR - 2$ - 530 AM/03 OM GURUVE NAMAH.json: tagged in 2.3s (event_type=bhajan, lang=hindi, topics=['bhakti', 'devotion', 'chanting', 'spiritual-surrender'])
2026-07-09 09:25:17,688 | INFO | enrich_content_tags | tagging Dagshai 2002/03 MAR - 2002/DAGSHAI 26 - 29 MAR 2002 HOLI CAMP/27 MAR - 2$ - 530 AM/04 OM ONKAR.json (chars=255, est_tokens=63, strategy=single-pass)
2026-07-09 09:25:20,455 | INFO | enrich_content_tags | Dagshai 2002/03 MAR - 2002/DAGSHAI 26 - 29 MAR 2002 HOLI CAMP/27 MAR - 2$ - 530 AM/04 OM ONKAR.json: tagged in 2.8s (event_type=bhajan, lang=hindi, topics=['bhajan', 'om-chanting', 'spiritual-practice'])
2026-07-09 09:25:20,456 | INFO | enrich_content_tags | tagging Dagshai 2002/03 MAR - 2002/DAGSHAI 26 - 29 MAR 2002 HOLI CAMP/27 MAR - 2$ - 530 AM/05 SAMBODHAN.json (chars=380, est_tokens=95, strategy=single-pass)
2026-07-09 09:25:22,799 | INFO | enrich_content_tags | Dagshai 2002/03 MAR - 2002/DAGSHAI 26 - 29 MAR 2002 HOLI CAMP/27 MAR - 2$ - 530 AM/05 SAMBODHAN.json: tagged in 2.3s (event_type=meditation, lang=hindi, topics=['meditation', 'prayer', 'vibration', 'holiness'])
2026-07-09 09:25:22,801 | INFO | enrich_content_tags | tagging Dagshai 2002/03 MAR - 2002/DAGSHAI 26 - 29 MAR 2002 HOLI CAMP/27 MAR - 3$ - 7 PM/01 MEDITATION.json (chars=6343, est_tokens=1585, strategy=single-pass)
2026-07-09 09:25:26,981 | INFO | enrich_content_tags | Dagshai 2002/03 MAR - 2002/DAGSHAI 26 - 29 MAR 2002 HOLI CAMP/27 MAR - 3$ - 7 PM/01 MEDITATION.json: tagged in 4.2s (event_type=meditation, lang=hindi, topics=['meditation', 'self-inquiry', 'mind-control', 'inner-peace', 'true-nature'])
2026-07-09 09:25:26,982 | INFO | enrich_content_tags | tagging Dagshai 2002/03 MAR - 2002/DAGSHAI 26 - 29 MAR 2002 HOLI CAMP/27 MAR - 3$ - 7 PM/02 OM GURUVE NAMAH (1).json (chars=1491, est_tokens=372, strategy=single-pass)
2026-07-09 09:25:30,699 | INFO | enrich_content_tags | Dagshai 2002/03 MAR - 2002/DAGSHAI 26 - 29 MAR 2002 HOLI CAMP/27 MAR - 3$ - 7 PM/02 OM GURUVE NAMAH (1).json: tagged in 3.7s (event_type=bhajan, lang=hindi, topics=['bhajan', 'guru-devotion', 'holi', 'self-inquiry', 'seasonal-awareness'])
2026-07-09 09:25:30,700 | INFO | enrich_content_tags | tagging Dagshai 2002/03 MAR - 2002/DAGSHAI 26 - 29 MAR 2002 HOLI CAMP/27 MAR - 3$ - 7 PM/02 OM GURUVE NAMAH (2).json (chars=1962, est_tokens=490, strategy=single-pass)
2026-07-09 09:25:34,461 | INFO | enrich_content_tags | Dagshai 2002/03 MAR - 2002/DAGSHAI 26 - 29 MAR 2002 HOLI CAMP/27 MAR - 3$ - 7 PM/02 OM GURUVE NAMAH (2).json: tagged in 3.8s (event_type=bhajan, lang=hindi, topics=['bhajan', 'devotion', 'guru-bhakti', 'spiritual-songs'])
2026-07-09 09:25:34,462 | INFO | enrich_content_tags | tagging Dagshai 2002/03 MAR - 2002/DAGSHAI 26 - 29 MAR 2002 HOLI CAMP/27 MAR - 3$ - 7 PM/03 TU NISHANE BENISHAN HAI.json (chars=18662, est_tokens=4665, strategy=single-pass)
2026-07-09 09:25:41,163 | INFO | enrich_content_tags | Dagshai 2002/03 MAR - 2002/DAGSHAI 26 - 29 MAR 2002 HOLI CAMP/27 MAR - 3$ - 7 PM/03 TU NISHANE BENISHAN HAI.json: tagged in 6.7s (event_type=bhajan, lang=hindi, topics=['bhakti', 'self-inquiry', 'divine-love', 'surrender', 'meditation'])
2026-07-09 09:25:41,164 | INFO | enrich_content_tags | tagging Dagshai 2002/03 MAR - 2002/DAGSHAI 26 - 29 MAR 2002 HOLI CAMP/27 MAR - 3$ - 7 PM/04 AAYE HAIN TERE (1).json (chars=9216, est_tokens=2304, strategy=single-pass)
2026-07-09 09:26:38,633 | INFO | enrich_content_tags | Dagshai 2002/03 MAR - 2002/DAGSHAI 26 - 29 MAR 2002 HOLI CAMP/27 MAR - 3$ - 7 PM/04 AAYE HAIN TERE (1).json: tagged in 5.9s (event_type=bhajan, lang=hindi, topics=['bhajan', 'divine-love', 'worldly-attachment', 'spiritual-longing', 'self-surrender'])
2026-07-09 09:26:38,635 | INFO | enrich_content_tags | tagging Dagshai 2002/03 MAR - 2002/DAGSHAI 26 - 29 MAR 2002 HOLI CAMP/27 MAR - 3$ - 7 PM/04 AAYE HAIN TERE (2).json (chars=952, est_tokens=238, strategy=single-pass)
2026-07-09 09:25:50,422 | INFO | enrich_content_tags | Dagshai 2002/03 MAR - 2002/DAGSHAI 26 - 29 MAR 2002 HOLI CAMP/27 MAR - 3$ - 7 PM/04 AAYE HAIN TERE (2).json: tagged in 3.3s (event_type=bhajan, lang=hindi, topics=['divine-oneness', 'sadhguru-form', 'spiritual-thirst', 'murshid-role', 'grace'])
2026-07-09 09:25:50,423 | INFO | enrich_content_tags | tagging Dagshai 2002/03 MAR - 2002/DAGSHAI 26 - 29 MAR 2002 HOLI CAMP/27 MAR - 3$ - 7 PM/05 SAMBODHAN.json (chars=1437, est_tokens=359, strategy=single-pass)
2026-07-09 09:25:53,964 | INFO | enrich_content_tags | Dagshai 2002/03 MAR - 2002/DAGSHAI 26 - 29 MAR 2002 HOLI CAMP/27 MAR - 3$ - 7 PM/05 SAMBODHAN.json: tagged in 3.5s (event_type=discourse, lang=hindi, topics=['self-observation', 'mind-control', 'spiritual-realization', 'hypnosis', 'holi-camp'])
2026-07-09 09:25:53,966 | INFO | enrich_content_tags | tagging Dagshai 2002/03 MAR - 2002/DAGSHAI 26 - 29 MAR 2002 HOLI CAMP/28 MAR - 4$ - 530 AM/01 MEDITATION.json (chars=2919, est_tokens=729, strategy=single-pass)
2026-07-09 09:25:57,643 | INFO | enrich_content_tags | Dagshai 2002/03 MAR - 2002/DAGSHAI 26 - 29 MAR 2002 HOLI CAMP/28 MAR - 4$ - 530 AM/01 MEDITATION.json: tagged in 3.7s (event_type=meditation, lang=hindi, topics=['meditation', 'self-inquiry', 'inner-witness', 'mind-control', 'spiritual-retreat'])
2026-07-09 09:25:57,644 | INFO | enrich_content_tags | tagging Dagshai 2002/03 MAR - 2002/DAGSHAI 26 - 29 MAR 2002 HOLI CAMP/28 MAR - 4$ - 530 AM/02 OM GURUVE NAMAH.json (chars=3447, est_tokens=861, strategy=single-pass)
2026-07-09 09:26:00,589 | INFO | enrich_content_tags | Dagshai 2002/03 MAR - 2002/DAGSHAI 26 - 29 MAR 2002 HOLI CAMP/28 MAR - 4$ - 530 AM/02 OM GURUVE NAMAH.json: tagged in 2.9s (event_type=bhajan, lang=hindi, topics=['guru-bhakti', 'devotional-songs', 'spiritual-devotion', 'self-reflection', 'divine-love'])
2026-07-09 09:26:00,590 | INFO | enrich_content_tags | tagging Dagshai 2002/03 MAR - 2002/DAGSHAI 26 - 29 MAR 2002 HOLI CAMP/28 MAR - 4$ - 530 AM/03 PRAVACHAN (1).json (chars=2317, est_tokens=579, strategy=single-pass)
2026-07-09 09:26:04,122 | INFO | enrich_content_tags | Dagshai 2002/03 MAR - 2002/DAGSHAI 26 - 29 MAR 2002 HOLI CAMP/28 MAR - 4$ - 530 AM/03 PRAVACHAN (1).json: tagged in 3.5s (event_type=bhajan, lang=hindi, topics=['surrender', 'parental-duties', 'ego-dissolution', 'divine-protection', 'spiritual-devotion'])
2026-07-09 09:26:04,123 | INFO | enrich_content_tags | tagging Dagshai 2002/03 MAR - 2002/DAGSHAI 26 - 29 MAR 2002 HOLI CAMP/28 MAR - 4$ - 530 AM/03 PRAVACHAN (2).json (chars=3543, est_tokens=885, strategy=single-pass)
2026-07-09 09:26:08,214 | INFO | enrich_content_tags | Dagshai 2002/03 MAR - 2002/DAGSHAI 26 - 29 MAR 2002 HOLI CAMP/28 MAR - 4$ - 530 AM/03 PRAVACHAN (2).json: tagged in 4.1s (event_type=bhajan, lang=hindi, topics=['devotion', 'surrender', 'father-son-dynamics', 'spiritual-awakening', 'bhakti-yoga'])
2026-07-09 09:26:08,215 | INFO | enrich_content_tags | tagging Dagshai 2002/03 MAR - 2002/DAGSHAI 26 - 29 MAR 2002 HOLI CAMP/28 MAR - 4$ - 530 AM/04 BAN KE MERA HUMKADAM.json (chars=4460, est_tokens=1115, strategy=single-pass)
2026-07-09 09:26:12,505 | INFO | enrich_content_tags | Dagshai 2002/03 MAR - 2002/DAGSHAI 26 - 29 MAR 2002 HOLI CAMP/28 MAR - 4$ - 530 AM/04 BAN KE MERA HUMKADAM.json: tagged in 4.3s (event_type=bhajan, lang=hindi, topics=['bhajan', 'prahlad', 'mother-son', 'devotion', 'guru-disciple'])
2026-07-09 09:26:12,506 | INFO | enrich_content_tags | tagging Dagshai 2002/03 MAR - 2002/DAGSHAI 26 - 29 MAR 2002 HOLI CAMP/28 MAR - 4$ - 530 AM/05 GUM SABHI RAAH KE (1).json (chars=343, est_tokens=85, strategy=single-pass)
2026-07-09 09:27:06,724 | INFO | enrich_content_tags | Dagshai 2002/03 MAR - 2002/DAGSHAI 26 - 29 MAR 2002 HOLI CAMP/28 MAR - 4$ - 530 AM/05 GUM SABHI RAAH KE (1).json: tagged in 2.7s (event_type=bhajan, lang=hindi, topics=['bhajan', 'devotion', 'spiritual-path'])
2026-07-09 09:27:06,725 | INFO | enrich_content_tags | tagging Dagshai 2002/03 MAR - 2002/DAGSHAI 26 - 29 MAR 2002 HOLI CAMP/28 MAR - 4$ - 530 AM/05 GUM SABHI RAAH KE (2).json (chars=6943, est_tokens=1735, strategy=single-pass)
2026-07-09 09:27:21,754 | ERROR | enrich_content_tags | Dagshai 2002/03 MAR - 2002/DAGSHAI 26 - 29 MAR 2002 HOLI CAMP/28 MAR - 4$ - 530 AM/05 GUM SABHI RAAH KE (2).json: tagging failed (json decode failed: Unterminated string starting at: line 5 column 4792 (char 4934)) — dead-letter dead_letter/tag_failures/Dagshai_2002_03_MAR_-_2002_DAGSHAI_26_-_29_MAR_2002_HOLI_CAMP_28_MAR_-_4__-_530_AM_05_GUM_SABHI_RAAH.4dd3630a1368.txt
2026-07-09 09:27:21,755 | ERROR | enrich_content_tags | [1399/9168] Dagshai 2002/03 MAR - 2002/DAGSHAI 26 - 29 MAR 2002 HOLI CAMP/28 MAR - 4$ - 530 AM/05 GUM SABHI RAAH KE (2).json: json decode failed: Unterminated string starting at: line 5 column 4792 (char 4934)
2026-07-09 09:27:21,757 | INFO | enrich_content_tags | tagging Dagshai 2002/03 MAR - 2002/DAGSHAI 26 - 29 MAR 2002 HOLI CAMP/28 MAR - 4$ - 530 AM/06 LAGAN HARI SE LAGA.json (chars=9969, est_tokens=2492, strategy=single-pass)
2026-07-09 09:26:45,739 | ERROR | enrich_content_tags | Dagshai 2002/03 MAR - 2002/DAGSHAI 26 - 29 MAR 2002 HOLI CAMP/28 MAR - 4$ - 530 AM/06 LAGAN HARI SE LAGA.json: tagging failed (json decode failed: Unterminated string starting at: line 5 column 4002 (char 4138)) — dead-letter dead_letter/tag_failures/Dagshai_2002_03_MAR_-_2002_DAGSHAI_26_-_29_MAR_2002_HOLI_CAMP_28_MAR_-_4__-_530_AM_06_LAGAN_HARI_SE_.038625bcfaa0.txt
2026-07-09 09:26:45,740 | ERROR | enrich_content_tags | [1400/9168] Dagshai 2002/03 MAR - 2002/DAGSHAI 26 - 29 MAR 2002 HOLI CAMP/28 MAR - 4$ - 530 AM/06 LAGAN HARI SE LAGA.json: json decode failed: Unterminated string starting at: line 5 column 4002 (char 4138)
2026-07-09 09:26:45,741 | INFO | enrich_content_tags | tagging Dagshai 2002/03 MAR - 2002/DAGSHAI 26 - 29 MAR 2002 HOLI CAMP/28 MAR - 4$ - 530 AM/07 TU MANE YA NA MANE.json (chars=2565, est_tokens=641, strategy=single-pass)
2026-07-09 09:26:48,754 | INFO | enrich_content_tags | Dagshai 2002/03 MAR - 2002/DAGSHAI 26 - 29 MAR 2002 HOLI CAMP/28 MAR - 4$ - 530 AM/07 TU MANE YA NA MANE.json: tagged in 3.0s (event_type=bhajan, lang=hindi, topics=['bhakti', 'holi', 'divine-love', 'surrender', 'bhajan'])
2026-07-09 09:26:48,755 | INFO | enrich_content_tags | tagging Dagshai 2002/03 MAR - 2002/DAGSHAI 26 - 29 MAR 2002 HOLI CAMP/28 MAR - 4$ - 530 AM/08 BHAJMAN NARAYAN.json (chars=2248, est_tokens=562, strategy=single-pass)
2026-07-09 09:26:51,842 | INFO | enrich_content_tags | Dagshai 2002/03 MAR - 2002/DAGSHAI 26 - 29 MAR 2002 HOLI CAMP/28 MAR - 4$ - 530 AM/08 BHAJMAN NARAYAN.json: tagged in 3.1s (event_type=bhajan, lang=hindi, topics=['bhajan', 'narayan', 'holi', 'meditation', 'guru-gobind'])
2026-07-09 09:26:51,843 | INFO | enrich_content_tags | tagging Dagshai 2002/03 MAR - 2002/DAGSHAI 26 - 29 MAR 2002 HOLI CAMP/28 MAR - 4$ - 530 AM/09 OM ONKAR.json (chars=260, est_tokens=65, strategy=single-pass)
2026-07-09 09:26:54,353 | INFO | enrich_content_tags | Dagshai 2002/03 MAR - 2002/DAGSHAI 26 - 29 MAR 2002 HOLI CAMP/28 MAR - 4$ - 530 AM/09 OM ONKAR.json: tagged in 2.5s (event_type=bhajan, lang=hindi, topics=['bhajan', 'om-chanting', 'spiritual-practice'])
2026-07-09 09:26:54,354 | INFO | enrich_content_tags | tagging Dagshai 2002/03 MAR - 2002/DAGSHAI 26 - 29 MAR 2002 HOLI CAMP/28 MAR - 5$ - 12 PM/01 MEDITATION.json (chars=2087, est_tokens=521, strategy=single-pass)
2026-07-09 09:26:57,438 | INFO | enrich_content_tags | Dagshai 2002/03 MAR - 2002/DAGSHAI 26 - 29 MAR 2002 HOLI CAMP/28 MAR - 5$ - 12 PM/01 MEDITATION.json: tagged in 3.1s (event_type=meditation, lang=hindi, topics=['meditation-practice', 'mind-control', 'self-awareness', 'inner-peace', 'spiritual-discipline'])
2026-07-09 09:26:57,439 | INFO | enrich_content_tags | tagging Dagshai 2002/03 MAR - 2002/DAGSHAI 26 - 29 MAR 2002 HOLI CAMP/28 MAR - 5$ - 12 PM/02 OM GURUVE NAMAH.json (chars=4080, est_tokens=1020, strategy=single-pass)
2026-07-09 09:27:01,120 | INFO | enrich_content_tags | Dagshai 2002/03 MAR - 2002/DAGSHAI 26 - 29 MAR 2002 HOLI CAMP/28 MAR - 5$ - 12 PM/02 OM GURUVE NAMAH.json: tagged in 3.7s (event_type=bhajan, lang=hindi, topics=['guru-bhakti', 'nam-simran', 'anahat-nad', 'sikhism', 'meditation'])
2026-07-09 09:27:01,122 | INFO | enrich_content_tags | tagging Dagshai 2002/03 MAR - 2002/DAGSHAI 26 - 29 MAR 2002 HOLI CAMP/28 MAR - 5$ - 12 PM/03 BHEETAR KA RAAG.json (chars=8174, est_tokens=2043, strategy=single-pass)
2026-07-09 09:27:05,077 | INFO | enrich_content_tags | Dagshai 2002/03 MAR - 2002/DAGSHAI 26 - 29 MAR 2002 HOLI CAMP/28 MAR - 5$ - 12 PM/03 BHEETAR KA RAAG.json: tagged in 4.0s (event_type=bhajan, lang=hindi, topics=['self-inquiry', 'ego-death', 'holi-devotion', 'inner-peace', 'bhakti'])
2026-07-09 09:27:05,079 | INFO | enrich_content_tags | tagging Dagshai 2002/03 MAR - 2002/DAGSHAI 26 - 29 MAR 2002 HOLI CAMP/28 MAR - 5$ - 12 PM/04 SUNI MALKA MERI KOOK (1).json (chars=7012, est_tokens=1753, strategy=single-pass)
2026-07-09 09:27:19,986 | ERROR | enrich_content_tags | Dagshai 2002/03 MAR - 2002/DAGSHAI 26 - 29 MAR 2002 HOLI CAMP/28 MAR - 5$ - 12 PM/04 SUNI MALKA MERI KOOK (1).json: tagging failed (json decode failed: Unterminated string starting at: line 5 column 4984 (char 5130)) — dead-letter dead_letter/tag_failures/Dagshai_2002_03_MAR_-_2002_DAGSHAI_26_-_29_MAR_2002_HOLI_CAMP_28_MAR_-_5__-_12_PM_04_SUNI_MALKA_MERI.03eb90943a0d.txt
2026-07-09 09:27:19,986 | ERROR | enrich_content_tags | [1407/9168] Dagshai 2002/03 MAR - 2002/DAGSHAI 26 - 29 MAR 2002 HOLI CAMP/28 MAR - 5$ - 12 PM/04 SUNI MALKA MERI KOOK (1).json: json decode failed: Unterminated string starting at: line 5 column 4984 (char 5130)
2026-07-09 09:27:19,987 | INFO | enrich_content_tags | tagging Dagshai 2002/03 MAR - 2002/DAGSHAI 26 - 29 MAR 2002 HOLI CAMP/28 MAR - 5$ - 12 PM/04 SUNI MALKA MERI KOOK (2).json (chars=9881, est_tokens=2470, strategy=single-pass)
2026-07-09 09:27:26,196 | INFO | enrich_content_tags | Dagshai 2002/03 MAR - 2002/DAGSHAI 26 - 29 MAR 2002 HOLI CAMP/28 MAR - 5$ - 12 PM/04 SUNI MALKA MERI KOOK (2).json: tagged in 6.2s (event_type=bhajan, lang=hindi, topics=['bhakti', 'meditation', 'holi', 'self-transformation', 'divine-love'])
2026-07-09 09:27:26,197 | INFO | enrich_content_tags | tagging Dagshai 2002/03 MAR - 2002/DAGSHAI 26 - 29 MAR 2002 HOLI CAMP/28 MAR - 6$ - 7 PM/01 MEDITATION.json (chars=5577, est_tokens=1394, strategy=single-pass)
2026-07-09 09:27:30,626 | INFO | enrich_content_tags | Dagshai 2002/03 MAR - 2002/DAGSHAI 26 - 29 MAR 2002 HOLI CAMP/28 MAR - 6$ - 7 PM/01 MEDITATION.json: tagged in 4.4s (event_type=meditation, lang=hindi, topics=['self-inquiry', 'meditation', 'detachment', 'inner-peace', 'bhakti'])
2026-07-09 09:27:30,628 | INFO | enrich_content_tags | tagging Dagshai 2002/03 MAR - 2002/DAGSHAI 26 - 29 MAR 2002 HOLI CAMP/28 MAR - 6$ - 7 PM/02 OM GURUVE NAMAH.json (chars=693, est_tokens=173, strategy=single-pass)
2026-07-09 09:27:33,383 | INFO | enrich_content_tags | Dagshai 2002/03 MAR - 2002/DAGSHAI 26 - 29 MAR 2002 HOLI CAMP/28 MAR - 6$ - 7 PM/02 OM GURUVE NAMAH.json: tagged in 2.8s (event_type=bhajan, lang=sanskrit, topics=['guru-devotion', 'chanting', 'spiritual-practice'])
2026-07-09 09:27:33,384 | INFO | enrich_content_tags | tagging Dagshai 2002/03 MAR - 2002/DAGSHAI 26 - 29 MAR 2002 HOLI CAMP/28 MAR - 6$ - 7 PM/03 DEEDAR KE PYASE HAIN (1).json (chars=7262, est_tokens=1815, strategy=single-pass)
2026-07-09 09:27:36,879 | INFO | enrich_content_tags | Dagshai 2002/03 MAR - 2002/DAGSHAI 26 - 29 MAR 2002 HOLI CAMP/28 MAR - 6$ - 7 PM/03 DEEDAR KE PYASE HAIN (1).json: tagged in 3.5s (event_type=bhajan, lang=hindi, topics=['bhakti', 'devotion', 'mirabai', 'self-inquiry', 'family-life'])
2026-07-09 09:27:36,881 | INFO | enrich_content_tags | tagging Dagshai 2002/03 MAR - 2002/DAGSHAI 26 - 29 MAR 2002 HOLI CAMP/28 MAR - 6$ - 7 PM/03 DEEDAR KE PYASE HAIN (2).json (chars=6623, est_tokens=1655, strategy=single-pass)
2026-07-09 09:27:41,712 | INFO | enrich_content_tags | Dagshai 2002/03 MAR - 2002/DAGSHAI 26 - 29 MAR 2002 HOLI CAMP/28 MAR - 6$ - 7 PM/03 DEEDAR KE PYASE HAIN (2).json: tagged in 4.9s (event_type=bhajan, lang=hindi, topics=['bhakti', 'self-inquiry', 'spiritual-poverty', 'guru-grace', 'karma-yoga'])
2026-07-09 09:27:41,713 | INFO | enrich_content_tags | tagging Dagshai 2002/03 MAR - 2002/DAGSHAI 26 - 29 MAR 2002 HOLI CAMP/28 MAR - 6$ - 7 PM/04 AISA LAGTA HAI.json (chars=7247, est_tokens=1811, strategy=single-pass)
2026-07-09 09:27:45,645 | INFO | enrich_content_tags | Dagshai 2002/03 MAR - 2002/DAGSHAI 26 - 29 MAR 2002 HOLI CAMP/28 MAR - 6$ - 7 PM/04 AISA LAGTA HAI.json: tagged in 3.9s (event_type=bhajan, lang=hindi, topics=['bhakti', 'gratitude', 'divine-light', 'suffering', 'devotion'])
2026-07-09 09:27:45,646 | INFO | enrich_content_tags | tagging Dagshai 2002/03 MAR - 2002/DAGSHAI 26 - 29 MAR 2002 HOLI CAMP/28 MAR - 6$ - 7 PM/05 OM ONKAR.json (chars=253, est_tokens=63, strategy=single-pass)
2026-07-09 09:27:48,380 | INFO | enrich_content_tags | Dagshai 2002/03 MAR - 2002/DAGSHAI 26 - 29 MAR 2002 HOLI CAMP/28 MAR - 6$ - 7 PM/05 OM ONKAR.json: tagged in 2.8s (event_type=bhajan, lang=hindi, topics=['bhajan', 'chanting', 'spiritual-practice'])
2026-07-09 09:27:48,381 | INFO | enrich_content_tags | tagging Dagshai 2002/03 MAR - 2002/DAGSHAI 26 - 29 MAR 2002 HOLI CAMP/29 MAR - 7$ - 530 AM/01 MEDITATION (1).json (chars=304, est_tokens=76, strategy=single-pass)
2026-07-09 09:27:51,290 | INFO | enrich_content_tags | Dagshai 2002/03 MAR - 2002/DAGSHAI 26 - 29 MAR 2002 HOLI CAMP/29 MAR - 7$ - 530 AM/01 MEDITATION (1).json: tagged in 2.9s (event_type=bhajan, lang=hindi, topics=['bhajan', 'meditation', 'holi-camp', 'devotion', 'spiritual-practice'])
2026-07-09 09:27:51,291 | INFO | enrich_content_tags | tagging Dagshai 2002/03 MAR - 2002/DAGSHAI 26 - 29 MAR 2002 HOLI CAMP/29 MAR - 7$ - 530 AM/01 MEDITATION (2).json (chars=1501, est_tokens=375, strategy=single-pass)
2026-07-09 09:27:54,256 | INFO | enrich_content_tags | Dagshai 2002/03 MAR - 2002/DAGSHAI 26 - 29 MAR 2002 HOLI CAMP/29 MAR - 7$ - 530 AM/01 MEDITATION (2).json: tagged in 3.0s (event_type=bhajan, lang=hindi, topics=['meditation', 'self-inquiry', 'inner-light', 'holi-celebration', 'mind-observation'])
2026-07-09 09:27:54,257 | INFO | enrich_content_tags | tagging Dagshai 2002/03 MAR - 2002/DAGSHAI 26 - 29 MAR 2002 HOLI CAMP/29 MAR - 7$ - 530 AM/01 MEDITATION (3).json (chars=6467, est_tokens=1616, strategy=single-pass)
2026-07-09 09:27:57,596 | INFO | enrich_content_tags | Dagshai 2002/03 MAR - 2002/DAGSHAI 26 - 29 MAR 2002 HOLI CAMP/29 MAR - 7$ - 530 AM/01 MEDITATION (3).json: tagged in 3.3s (event_type=meditation, lang=hindi, topics=['self-inquiry', 'meditation', 'awareness', 'inner-witness', 'transformation'])
2026-07-09 09:27:57,597 | INFO | enrich_content_tags | tagging Dagshai 2002/03 MAR - 2002/DAGSHAI 26 - 29 MAR 2002 HOLI CAMP/29 MAR - 7$ - 530 AM/02 DATA TERE CHARNO KI.json (chars=7293, est_tokens=1823, strategy=single-pass)
2026-07-09 09:28:01,299 | INFO | enrich_content_tags | Dagshai 2002/03 MAR - 2002/DAGSHAI 26 - 29 MAR 2002 HOLI CAMP/29 MAR - 7$ - 530 AM/02 DATA TERE CHARNO KI.json: tagged in 3.7s (event_type=bhajan, lang=hindi, topics=['bhakti', 'surrender', 'forgiveness', 'self-inquiry', 'devotion'])
2026-07-09 09:28:01,301 | INFO | enrich_content_tags | tagging Dagshai 2002/03 MAR - 2002/DAGSHAI 26 - 29 MAR 2002 HOLI CAMP/29 MAR - 7$ - 530 AM/03 BHAJMAN NARAYAN.json (chars=2217, est_tokens=554, strategy=single-pass)
2026-07-09 09:28:04,238 | INFO | enrich_content_tags | Dagshai 2002/03 MAR - 2002/DAGSHAI 26 - 29 MAR 2002 HOLI CAMP/29 MAR - 7$ - 530 AM/03 BHAJMAN NARAYAN.json: tagged in 2.9s (event_type=bhajan, lang=hindi, topics=['bhakti-yoga', 'narayana-worship', 'prahlad-bhakti', 'guru-vani', 'meditation'])
2026-07-09 09:28:04,240 | INFO | enrich_content_tags | tagging Dagshai 2002/03 MAR - 2002/DAGSHAI 26 - 29 MAR 2002 HOLI CAMP/29 MAR - 7$ - 530 AM/04 OM GURUVE NAMAH.json (chars=878, est_tokens=219, strategy=single-pass)
2026-07-09 09:28:06,969 | INFO | enrich_content_tags | Dagshai 2002/03 MAR - 2002/DAGSHAI 26 - 29 MAR 2002 HOLI CAMP/29 MAR - 7$ - 530 AM/04 OM GURUVE NAMAH.json: tagged in 2.8s (event_type=bhajan, lang=hindi, topics=['devotional-songs', 'guru-devotion', 'spiritual-practice'])
2026-07-09 09:28:06,970 | INFO | enrich_content_tags | tagging Dagshai 2002/04 APR - 2002/16 APRIL/01 OM GURUVE NAMAH.json (chars=3597, est_tokens=899, strategy=single-pass)
2026-07-09 09:28:10,920 | INFO | enrich_content_tags | Dagshai 2002/04 APR - 2002/16 APRIL/01 OM GURUVE NAMAH.json: tagged in 3.9s (event_type=bhajan, lang=hindi, topics=['bhakti', 'chanting', 'guru-devotion', 'spiritual-practice'])
2026-07-09 09:28:10,921 | INFO | enrich_content_tags | tagging Dagshai 2002/04 APR - 2002/16 APRIL/02 SADDA YAAR HI MAN JAYE.json (chars=3092, est_tokens=773, strategy=single-pass)
2026-07-09 09:28:13,711 | INFO | enrich_content_tags | Dagshai 2002/04 APR - 2002/16 APRIL/02 SADDA YAAR HI MAN JAYE.json: tagged in 2.8s (event_type=bhajan, lang=hindi, topics=['bhajan', 'devotion', 'love', 'friendship', 'spiritual-songs'])
2026-07-09 09:28:13,712 | INFO | enrich_content_tags | tagging Dagshai 2002/04 APR - 2002/17 APRIL/01 MAIKHANE MEIN BAITHEN HAIN.json (chars=5207, est_tokens=1301, strategy=single-pass)
2026-07-09 09:28:16,717 | INFO | enrich_content_tags | Dagshai 2002/04 APR - 2002/17 APRIL/01 MAIKHANE MEIN BAITHEN HAIN.json: tagged in 3.0s (event_type=bhajan, lang=hindi, topics=['bhajan', 'devotion', 'self-inquiry', 'worldly-life', 'spiritual-path'])
2026-07-09 09:28:16,718 | INFO | enrich_content_tags | tagging Dagshai 2002/04 APR - 2002/18 APRIL - 7 PM/01 TERI SURAT JO MAN MEIN.json (chars=23154, est_tokens=5788, strategy=single-pass)
2026-07-09 09:28:26,198 | INFO | enrich_content_tags | Dagshai 2002/04 APR - 2002/18 APRIL - 7 PM/01 TERI SURAT JO MAN MEIN.json: tagged in 9.5s (event_type=bhajan, lang=hindi, topics=['bhajan', 'devotion', 'service', 'meditation', 'surrender'])
2026-07-09 09:28:26,200 | INFO | enrich_content_tags | tagging Dagshai 2002/04 APR - 2002/18 APRIL - 7 PM/18 APR - 6 PM (cassette recording)/01 TERI SURAT JO MAN MEIN.json (chars=22847, est_tokens=5711, strategy=single-pass)
2026-07-09 09:28:44,180 | ERROR | enrich_content_tags | Dagshai 2002/04 APR - 2002/18 APRIL - 7 PM/18 APR - 6 PM (cassette recording)/01 TERI SURAT JO MAN MEIN.json: tagging failed (json decode failed: Expecting value: line 5 column 4807 (char 4950)) — dead-letter dead_letter/tag_failures/Dagshai_2002_04_APR_-_2002_18_APRIL_-_7_PM_18_APR_-_6_PM__cassette_recording__01_TERI_SURAT_JO_MAN_M.d3079ad48b17.txt
2026-07-09 09:28:44,181 | ERROR | enrich_content_tags | [1425/9168] Dagshai 2002/04 APR - 2002/18 APRIL - 7 PM/18 APR - 6 PM (cassette recording)/01 TERI SURAT JO MAN MEIN.json: json decode failed: Expecting value: line 5 column 4807 (char 4950)
2026-07-09 09:28:44,182 | INFO | enrich_content_tags | tagging Dagshai 2002/04 APR - 2002/19 APRIL/01 OM GURUVE NAMAH.json (chars=1641, est_tokens=410, strategy=single-pass)
2026-07-09 09:28:46,513 | INFO | enrich_content_tags | Dagshai 2002/04 APR - 2002/19 APRIL/01 OM GURUVE NAMAH.json: tagged in 2.7s (event_type=bhajan, lang=hindi, topics=['guru-bhakti', 'nam-sankirtan', 'devotional-singing'])
2026-07-09 09:28:46,514 | INFO | enrich_content_tags | tagging Dagshai 2002/04 APR - 2002/19 APRIL/02 GUM SABHI RAAH KE.json (chars=2392, est_tokens=598, strategy=single-pass)
2026-07-09 09:28:49,316 | INFO | enrich_content_tags | Dagshai 2002/04 APR - 2002/19 APRIL/02 GUM SABHI RAAH KE.json: tagged in 2.8s (event_type=bhajan, lang=hindi, topics=['bhajan', 'devotion', 'mercy', 'transformation', 'grace'])
2026-07-09 09:28:49,317 | INFO | enrich_content_tags | tagging Dagshai 2002/04 APR - 2002/20 APRIL/01 MEDITATION.json (chars=1692, est_tokens=423, strategy=single-pass)
2026-07-09 09:28:52,274 | INFO | enrich_content_tags | Dagshai 2002/04 APR - 2002/20 APRIL/01 MEDITATION.json: tagged in 3.0s (event_type=meditation, lang=hindi, topics=['meditation', 'mind-control', 'self-awareness', 'inner-peace', 'om-chanting'])
2026-07-09 09:28:52,276 | INFO | enrich_content_tags | tagging Dagshai 2002/04 APR - 2002/20 APRIL/02 OM GURUVE NAMAH (1).json (chars=245, est_tokens=61, strategy=single-pass)
2026-07-09 09:28:54,108 | INFO | enrich_content_tags | Dagshai 2002/04 APR - 2002/20 APRIL/02 OM GURUVE NAMAH (1).json: tagged in 1.8s (event_type=bhajan, lang=sanskrit, topics=['bhajan', 'guru-devotion', 'chanting'])
2026-07-09 09:28:54,109 | INFO | enrich_content_tags | tagging Dagshai 2002/04 APR - 2002/20 APRIL/02 OM GURUVE NAMAH (2).json (chars=4033, est_tokens=1008, strategy=single-pass)
2026-07-09 09:28:57,057 | INFO | enrich_content_tags | Dagshai 2002/04 APR - 2002/20 APRIL/02 OM GURUVE NAMAH (2).json: tagged in 3.0s (event_type=bhajan, lang=hindi, topics=['bhakti', 'guru-devotion', 'self-surrender', 'divine-love', 'spiritual-surrender'])
2026-07-09 09:28:57,058 | INFO | enrich_content_tags | tagging Dagshai 2002/04 APR - 2002/20 APRIL/03 BAN KE MERA HUMKADAM.json (chars=1243, est_tokens=310, strategy=single-pass)
2026-07-09 09:28:59,649 | INFO | enrich_content_tags | Dagshai 2002/04 APR - 2002/20 APRIL/03 BAN KE MERA HUMKADAM.json: tagged in 2.6s (event_type=bhajan, lang=hindi, topics=['devotion', 'spiritual-journey', 'friendship-with-god', 'life-as-pilgrimage', 'forgiveness'])
2026-07-09 09:28:59,651 | INFO | enrich_content_tags | tagging Dagshai 2002/04 APR - 2002/20 APRIL/04 PRAVACHAN.json (chars=7245, est_tokens=1811, strategy=single-pass)
2026-07-09 09:29:04,865 | INFO | enrich_content_tags | Dagshai 2002/04 APR - 2002/20 APRIL/04 PRAVACHAN.json: tagged in 5.2s (event_type=discourse, lang=hindi, topics=['meditation', 'surrender', 'devotion', 'self-sacrifice', 'spiritual-awakening'])
2026-07-09 09:29:04,866 | INFO | enrich_content_tags | tagging Dagshai 2002/04 APR - 2002/20 APRIL/05 OM GURUVE NAMAH.json (chars=2925, est_tokens=731, strategy=single-pass)
2026-07-09 09:29:07,937 | INFO | enrich_content_tags | Dagshai 2002/04 APR - 2002/20 APRIL/05 OM GURUVE NAMAH.json: tagged in 3.1s (event_type=bhajan, lang=sanskrit, topics=['guru-bhakti', 'chanting', 'devotion', 'om-chanting'])
2026-07-09 09:29:07,939 | INFO | enrich_content_tags | tagging Dagshai 2002/04 APR - 2002/20 APRIL/06 JYOT JAG RAHI HAI.json (chars=1139, est_tokens=284, strategy=single-pass)
2026-07-09 09:30:01,994 | INFO | enrich_content_tags | Dagshai 2002/04 APR - 2002/20 APRIL/06 JYOT JAG RAHI HAI.json: tagged in 2.5s (event_type=bhajan, lang=hindi, topics=['inner-light', 'kundalini', 'bhakti', 'divine-presence', 'truth'])
2026-07-09 09:30:01,996 | INFO | enrich_content_tags | tagging Dagshai 2002/04 APR - 2002/21 APRIL/01 DHOOL TERE CHARNON KI.json (chars=15780, est_tokens=3945, strategy=single-pass)
2026-07-09 09:30:07,159 | INFO | enrich_content_tags | Dagshai 2002/04 APR - 2002/21 APRIL/01 DHOOL TERE CHARNON KI.json: tagged in 5.2s (event_type=bhajan, lang=hindi, topics=['bhakti', 'guru-devotion', 'surrender', 'selfless-service', 'divine-love'])
2026-07-09 09:30:07,160 | INFO | enrich_content_tags | tagging Dagshai 2002/04 APR - 2002/22 APRIL/01 HAAL-E-DIL UNKO.json (chars=3406, est_tokens=851, strategy=single-pass)
2026-07-09 09:29:18,943 | INFO | enrich_content_tags | Dagshai 2002/04 APR - 2002/22 APRIL/01 HAAL-E-DIL UNKO.json: tagged in 3.3s (event_type=bhajan, lang=hindi, topics=['bhajan', 'devotion', 'self-realization', 'inner-light', 'surrender'])
2026-07-09 09:29:18,944 | INFO | enrich_content_tags | tagging Dagshai 2002/04 APR - 2002/23 APRIL/01 OM GURUVE NAMAH.json (chars=2531, est_tokens=632, strategy=single-pass)
2026-07-09 09:29:21,553 | INFO | enrich_content_tags | Dagshai 2002/04 APR - 2002/23 APRIL/01 OM GURUVE NAMAH.json: tagged in 2.6s (event_type=bhajan, lang=hindi, topics=['guru-bhakti', 'nam-japa', 'devotional-songs', 'spiritual-awakening'])
2026-07-09 09:29:21,554 | INFO | enrich_content_tags | tagging Dagshai 2002/04 APR - 2002/23 APRIL/02 AISEE NIGAH BANA & SAMBODHAN.json (chars=2169, est_tokens=542, strategy=single-pass)
2026-07-09 09:29:24,841 | INFO | enrich_content_tags | Dagshai 2002/04 APR - 2002/23 APRIL/02 AISEE NIGAH BANA & SAMBODHAN.json: tagged in 3.3s (event_type=bhajan, lang=hindi, topics=['bhajan', 'devotion', 'divine-love', 'daily-schedule', 'community'])
2026-07-09 09:29:24,842 | INFO | enrich_content_tags | tagging Dagshai 2002/04 APR - 2002/30 APRIL/01 MERO MAN VAIRAGI.json (chars=17060, est_tokens=4265, strategy=single-pass)
2026-07-09 09:29:31,256 | INFO | enrich_content_tags | Dagshai 2002/04 APR - 2002/30 APRIL/01 MERO MAN VAIRAGI.json: tagged in 6.4s (event_type=bhajan, lang=hindi, topics=['bhakti', 'self-inquiry', 'caste-prejudice', 'devotion', 'time-space'])
2026-07-09 09:29:31,257 | INFO | enrich_content_tags | tagging Dagshai 2002/05 MAY - 2002/2 MAY - 7 PM/01 MEDITATION.json (chars=1868, est_tokens=467, strategy=single-pass)
2026-07-09 09:29:33,981 | INFO | enrich_content_tags | Dagshai 2002/05 MAY - 2002/2 MAY - 7 PM/01 MEDITATION.json: tagged in 2.7s (event_type=meditation, lang=hindi, topics=['meditation', 'self-awareness', 'mind-control', 'maya', 'spiritual-practice'])
2026-07-09 09:29:33,982 | INFO | enrich_content_tags | tagging Dagshai 2002/05 MAY - 2002/2 MAY - 7 PM/02 OM GURUVE NAMAH.json (chars=2316, est_tokens=579, strategy=single-pass)
2026-07-09 09:29:36,693 | INFO | enrich_content_tags | Dagshai 2002/05 MAY - 2002/2 MAY - 7 PM/02 OM GURUVE NAMAH.json: tagged in 2.7s (event_type=bhajan, lang=hindi, topics=['bhakti', 'guru-bhakti', 'devotion', 'prayer', 'spiritual-surrender'])
2026-07-09 09:29:36,695 | INFO | enrich_content_tags | tagging Dagshai 2002/05 MAY - 2002/2 MAY - 7 PM/03 BAN KE MERA HUMKADAM.json (chars=24474, est_tokens=6118, strategy=single-pass)
2026-07-09 09:29:43,504 | INFO | enrich_content_tags | Dagshai 2002/05 MAY - 2002/2 MAY - 7 PM/03 BAN KE MERA HUMKADAM.json: tagged in 6.8s (event_type=bhajan, lang=hindi, topics=['bhakti', 'guru-grace', 'self-inquiry', 'devotion', 'spiritual-path'])
2026-07-09 09:29:43,505 | INFO | enrich_content_tags | tagging Dagshai 2002/05 MAY - 2002/2 MAY - 7 PM/SECOND RECORDING/01 MEDITATION.json (chars=1443, est_tokens=360, strategy=single-pass)
2026-07-09 09:29:46,229 | INFO | enrich_content_tags | Dagshai 2002/05 MAY - 2002/2 MAY - 7 PM/SECOND RECORDING/01 MEDITATION.json: tagged in 2.7s (event_type=meditation, lang=hindi, topics=['self-awareness', 'mind-control', 'maya', 'meditation-technique', 'inner-witness'])
2026-07-09 09:29:46,230 | INFO | enrich_content_tags | tagging Dagshai 2002/05 MAY - 2002/2 MAY - 7 PM/SECOND RECORDING/02 OM GURUVE NAMAH.json (chars=2191, est_tokens=547, strategy=single-pass)
2026-07-09 09:29:48,803 | INFO | enrich_content_tags | Dagshai 2002/05 MAY - 2002/2 MAY - 7 PM/SECOND RECORDING/02 OM GURUVE NAMAH.json: tagged in 2.6s (event_type=bhajan, lang=hindi, topics=['bhakti', 'guru-bhakti', 'moksha', 'bhajan', 'devotion'])
2026-07-09 09:29:48,804 | INFO | enrich_content_tags | tagging Dagshai 2002/05 MAY - 2002/2 MAY - 7 PM/SECOND RECORDING/03 BAN KE MERA HUMKADAM.json (chars=24363, est_tokens=6090, strategy=single-pass)
2026-07-09 09:29:56,257 | INFO | enrich_content_tags | Dagshai 2002/05 MAY - 2002/2 MAY - 7 PM/SECOND RECORDING/03 BAN KE MERA HUMKADAM.json: tagged in 7.4s (event_type=bhajan, lang=hindi, topics=['bhakti', 'self-inquiry', 'guru-grace', 'devotion', 'spiritual-realization'])
2026-07-09 09:29:56,258 | INFO | enrich_content_tags | tagging Dagshai 2002/05 MAY - 2002/31 MAY - 630 PM/01 DHYAN MEIN UTRO & MEDITATION.json (chars=12964, est_tokens=3241, strategy=single-pass)
2026-07-09 09:30:52,126 | INFO | enrich_content_tags | Dagshai 2002/05 MAY - 2002/31 MAY - 630 PM/01 DHYAN MEIN UTRO & MEDITATION.json: tagged in 4.3s (event_type=meditation, lang=hindi, topics=['meditation', 'self-inquiry', 'mind-witnessing', 'awareness', 'stress-relief'])
2026-07-09 09:30:52,127 | INFO | enrich_content_tags | tagging Dagshai 2002/05 MAY - 2002/5 MAY - 7 PM/01MEDITATION.json (chars=747, est_tokens=186, strategy=single-pass)
2026-07-09 09:30:02,899 | INFO | enrich_content_tags | Dagshai 2002/05 MAY - 2002/5 MAY - 7 PM/01MEDITATION.json: tagged in 2.3s (event_type=bhajan, lang=hindi, topics=['mindfulness', 'awareness', 'meditation', 'spiritual-practice'])
2026-07-09 09:30:02,900 | INFO | enrich_content_tags | tagging Dagshai 2002/05 MAY - 2002/5 MAY - 7 PM/02 OM GURUVE NAMAH.json (chars=413, est_tokens=103, strategy=single-pass)
2026-07-09 09:31:08,253 | ERROR | enrich_content_tags | Dagshai 2002/05 MAY - 2002/5 MAY - 7 PM/02 OM GURUVE NAMAH.json: tagging failed (json decode failed: Unterminated string starting at: line 21 column 20 (char 360)) — dead-letter dead_letter/tag_failures/Dagshai_2002_05_MAY_-_2002_5_MAY_-_7_PM_02_OM_GURUVE_NAMAH.json.7c8e0fc014c8.txt
2026-07-09 09:31:08,254 | ERROR | enrich_content_tags | [1448/9168] Dagshai 2002/05 MAY - 2002/5 MAY - 7 PM/02 OM GURUVE NAMAH.json: json decode failed: Unterminated string starting at: line 21 column 20 (char 360)
2026-07-09 09:31:08,254 | INFO | enrich_content_tags | tagging Dagshai 2002/05 MAY - 2002/5 MAY - 7 PM/03 PRAVACHAN.json (chars=1747, est_tokens=436, strategy=single-pass)
2026-07-09 09:30:19,424 | INFO | enrich_content_tags | Dagshai 2002/05 MAY - 2002/5 MAY - 7 PM/03 PRAVACHAN.json: tagged in 2.7s (event_type=discourse, lang=hindi, topics=['silent-meditation', 'social-detachment', 'inner-liberation', 'concentration', 'self-inquiry'])
2026-07-09 09:30:19,426 | INFO | enrich_content_tags | tagging Dagshai 2002/05 MAY - 2002/5 MAY - 7 PM/04 NA GHAR CHAHIYE.json (chars=5731, est_tokens=1432, strategy=single-pass)
2026-07-09 09:30:22,541 | INFO | enrich_content_tags | Dagshai 2002/05 MAY - 2002/5 MAY - 7 PM/04 NA GHAR CHAHIYE.json: tagged in 3.1s (event_type=bhajan, lang=hindi, topics=['bhakti', 'divine-love', 'self-surrender', 'devotion', 'spiritual-longing'])
2026-07-09 09:30:22,542 | ERROR | enrich_content_tags | [1451/9168] Dagshai 2002/05 MAY - 2002/5 MAY - 7 PM/05 OM ONKAR.json: empty transcript in chunk_meta
2026-07-09 09:30:22,543 | INFO | enrich_content_tags | tagging Dagshai 2002/05 MAY - 2002/6 MAY - 12 PM/01 MEDITATION (1).json (chars=256, est_tokens=64, strategy=single-pass)
2026-07-09 09:30:24,688 | INFO | enrich_content_tags | Dagshai 2002/05 MAY - 2002/6 MAY - 12 PM/01 MEDITATION (1).json: tagged in 2.1s (event_type=bhajan, lang=hindi, topics=['bhajan', 'meditation', 'devotion'])
2026-07-09 09:30:24,689 | INFO | enrich_content_tags | tagging Dagshai 2002/05 MAY - 2002/6 MAY - 12 PM/01 MEDITATION (2).json (chars=2761, est_tokens=690, strategy=single-pass)
2026-07-09 09:30:27,418 | INFO | enrich_content_tags | Dagshai 2002/05 MAY - 2002/6 MAY - 12 PM/01 MEDITATION (2).json: tagged in 2.7s (event_type=bhajan, lang=hindi, topics=['self-awareness', 'mind-control', 'meditation', 'maya', 'inner-observation'])
2026-07-09 09:30:27,420 | INFO | enrich_content_tags | tagging Dagshai 2002/05 MAY - 2002/6 MAY - 12 PM/02 OM GURUVE NAMAH.json (chars=1254, est_tokens=313, strategy=single-pass)
2026-07-09 09:30:29,605 | INFO | enrich_content_tags | Dagshai 2002/05 MAY - 2002/6 MAY - 12 PM/02 OM GURUVE NAMAH.json: tagged in 2.2s (event_type=bhajan, lang=hindi, topics=['devotional-songs', 'guru-devotion', 'chanting', 'spiritual-practice'])
2026-07-09 09:30:29,606 | INFO | enrich_content_tags | tagging Dagshai 2002/05 MAY - 2002/6 MAY - 12 PM/03 GUM-E-YAAR SE SHIKAYAT (1).json (chars=15629, est_tokens=3907, strategy=single-pass)
2026-07-09 09:30:34,700 | INFO | enrich_content_tags | Dagshai 2002/05 MAY - 2002/6 MAY - 12 PM/03 GUM-E-YAAR SE SHIKAYAT (1).json: tagged in 5.1s (event_type=bhajan, lang=hindi, topics=['bhajan', 'guru-shishya', 'self-surrender', 'bhagavad-gita', 'meditation'])
2026-07-09 09:30:34,701 | INFO | enrich_content_tags | tagging Dagshai 2002/05 MAY - 2002/6 MAY - 12 PM/03 GUM-E-YAAR SE SHIKAYAT (2).json (chars=5239, est_tokens=1309, strategy=single-pass)
2026-07-09 09:30:38,448 | INFO | enrich_content_tags | Dagshai 2002/05 MAY - 2002/6 MAY - 12 PM/03 GUM-E-YAAR SE SHIKAYAT (2).json: tagged in 3.7s (event_type=bhajan, lang=hindi, topics=['guru-kripa', 'self-surrender', 'bhakti-yoga', 'arjuna-vishaya', 'bhram-nivaran'])
2026-07-09 09:30:38,450 | INFO | enrich_content_tags | tagging Dagshai 2002/05 MAY - 2002/6 MAY - 12 PM/04 SAMBODHAN.json (chars=514, est_tokens=128, strategy=single-pass)
2026-07-09 09:30:40,876 | INFO | enrich_content_tags | Dagshai 2002/05 MAY - 2002/6 MAY - 12 PM/04 SAMBODHAN.json: tagged in 2.4s (event_type=satsang, lang=hindi, topics=['bhajan', 'meditation', 'discipline', 'devotion'])
2026-07-09 09:30:40,878 | INFO | enrich_content_tags | tagging Dagshai 2002/05 MAY - 2002/6 MAY - 7 PM/01 MEDITATION.json (chars=2960, est_tokens=740, strategy=single-pass)
2026-07-09 09:30:44,406 | INFO | enrich_content_tags | Dagshai 2002/05 MAY - 2002/6 MAY - 7 PM/01 MEDITATION.json: tagged in 3.5s (event_type=meditation, lang=hindi, topics=['self-inquiry', 'mind-control', 'meditation-technique', 'divine-love', 'awareness'])
2026-07-09 09:30:44,407 | INFO | enrich_content_tags | tagging Dagshai 2002/05 MAY - 2002/6 MAY - 7 PM/02 OM GURUVE NAMAH.json (chars=2351, est_tokens=587, strategy=single-pass)
2026-07-09 09:30:47,381 | INFO | enrich_content_tags | Dagshai 2002/05 MAY - 2002/6 MAY - 7 PM/02 OM GURUVE NAMAH.json: tagged in 3.0s (event_type=bhajan, lang=hindi, topics=['guru-bhakti', 'nam-sankirtan', 'bhagat-ka-ghana', 'vivek', 'kripa'])
2026-07-09 09:30:47,382 | INFO | enrich_content_tags | tagging Dagshai 2002/05 MAY - 2002/6 MAY - 7 PM/03 TU MERI SARKAR HAI (1).json (chars=7996, est_tokens=1999, strategy=single-pass)
2026-07-09 09:30:51,032 | INFO | enrich_content_tags | Dagshai 2002/05 MAY - 2002/6 MAY - 7 PM/03 TU MERI SARKAR HAI (1).json: tagged in 3.6s (event_type=bhajan, lang=hindi, topics=['bhakti', 'mirabai', 'lok-raj', 'divine-love', 'surrender'])
2026-07-09 09:30:51,033 | INFO | enrich_content_tags | tagging Dagshai 2002/05 MAY - 2002/6 MAY - 7 PM/03 TU MERI SARKAR HAI (2).json (chars=240, est_tokens=60, strategy=single-pass)
2026-07-09 09:30:53,061 | INFO | enrich_content_tags | Dagshai 2002/05 MAY - 2002/6 MAY - 7 PM/03 TU MERI SARKAR HAI (2).json: tagged in 2.0s (event_type=bhajan, lang=hindi, topics=['devotion', 'surrender', 'bhakti-yoga'])
2026-07-09 09:30:53,063 | INFO | enrich_content_tags | tagging Dagshai 2002/05 MAY - 2002/6 MAY - 7 PM/04 PUG GHOONGRU BANDH.json (chars=740, est_tokens=185, strategy=single-pass)
2026-07-09 09:30:55,137 | INFO | enrich_content_tags | Dagshai 2002/05 MAY - 2002/6 MAY - 7 PM/04 PUG GHOONGRU BANDH.json: tagged in 2.1s (event_type=bhajan, lang=hindi, topics=['bhakti', 'miraji', 'devotion', 'spiritual-dance'])
2026-07-09 09:30:55,139 | INFO | enrich_content_tags | tagging Dagshai 2002/05 MAY - 2002/6 MAY - 7 PM/05 SAMBODHAN.json (chars=238, est_tokens=59, strategy=single-pass)
2026-07-09 09:30:57,516 | INFO | enrich_content_tags | Dagshai 2002/05 MAY - 2002/6 MAY - 7 PM/05 SAMBODHAN.json: tagged in 2.4s (event_type=discourse, lang=hindi, topics=['daily-routine', 'meditation', 'discipline'])
2026-07-09 09:30:57,518 | INFO | enrich_content_tags | tagging Dagshai 2002/05 MAY - 2002/7 MAY - 5 AM/01 MEDITATION.json (chars=4540, est_tokens=1135, strategy=single-pass)
2026-07-09 09:31:00,830 | INFO | enrich_content_tags | Dagshai 2002/05 MAY - 2002/7 MAY - 5 AM/01 MEDITATION.json: tagged in 3.3s (event_type=meditation, lang=hindi, topics=['self-observation', 'mind-watching', 'third-eye', 'inner-peace', 'detachment'])
2026-07-09 09:31:00,831 | INFO | enrich_content_tags | tagging Dagshai 2002/05 MAY - 2002/7 MAY - 5 AM/02 MUJHE GURUVAR YAHI VAR.json (chars=1739, est_tokens=434, strategy=single-pass)
2026-07-09 09:31:03,614 | INFO | enrich_content_tags | Dagshai 2002/05 MAY - 2002/7 MAY - 5 AM/02 MUJHE GURUVAR YAHI VAR.json: tagged in 2.8s (event_type=bhajan, lang=hindi, topics=['bhakti', 'meditation', 'divine-love', 'self-purification', 'union-with-divine'])
2026-07-09 09:31:03,615 | INFO | enrich_content_tags | tagging Dagshai 2002/05 MAY - 2002/7 MAY - 5 AM/03 OM GURUVE NAMAH & SAMBODHAN.json (chars=327, est_tokens=81, strategy=single-pass)
2026-07-09 09:31:57,257 | INFO | enrich_content_tags | Dagshai 2002/05 MAY - 2002/7 MAY - 5 AM/03 OM GURUVE NAMAH & SAMBODHAN.json: tagged in 2.1s (event_type=bhajan, lang=mixed, topics=['bhajan', 'guru-puja', 'personal-practice', 'meditation'])
2026-07-09 09:31:57,258 | INFO | enrich_content_tags | tagging Dagshai 2002/05 MAY - 2002/7 MAY - 7 PM/01 MEDITATION.json (chars=317, est_tokens=79, strategy=single-pass)
2026-07-09 09:31:07,857 | INFO | enrich_content_tags | Dagshai 2002/05 MAY - 2002/7 MAY - 7 PM/01 MEDITATION.json: tagged in 2.1s (event_type=meditation, lang=hindi, topics=['meditation', 'chanting', 'devotion'])
2026-07-09 09:31:07,858 | INFO | enrich_content_tags | tagging Dagshai 2002/05 MAY - 2002/7 MAY - 7 PM/02 OM GURUVE NAMAH.json (chars=525, est_tokens=131, strategy=single-pass)
2026-07-09 09:31:10,166 | INFO | enrich_content_tags | Dagshai 2002/05 MAY - 2002/7 MAY - 7 PM/02 OM GURUVE NAMAH.json: tagged in 2.3s (event_type=bhajan, lang=hindi, topics=['guru-bhakti', 'mantra-japa', 'devotional-singing'])
2026-07-09 09:31:10,168 | INFO | enrich_content_tags | tagging Dagshai 2002/05 MAY - 2002/7 MAY - 7 PM/03 DEEDAR KE PYASE HAIN (1).json (chars=574, est_tokens=143, strategy=single-pass)
2026-07-09 09:31:12,509 | INFO | enrich_content_tags | Dagshai 2002/05 MAY - 2002/7 MAY - 7 PM/03 DEEDAR KE PYASE HAIN (1).json: tagged in 2.3s (event_type=bhajan, lang=hindi, topics=['bhajan', 'devotion', 'divine-love', 'spiritual-longing'])
2026-07-09 09:31:12,511 | INFO | enrich_content_tags | tagging Dagshai 2002/05 MAY - 2002/7 MAY - 7 PM/03 DEEDAR KE PYASE HAIN (2).json (chars=20298, est_tokens=5074, strategy=single-pass)
2026-07-09 09:31:19,492 | INFO | enrich_content_tags | Dagshai 2002/05 MAY - 2002/7 MAY - 7 PM/03 DEEDAR KE PYASE HAIN (2).json: tagged in 7.0s (event_type=bhajan, lang=hindi, topics=['bhakti', 'divine-love', 'inner-pain', 'fear-and-doubt', 'meditation-states'])
2026-07-09 09:31:19,493 | INFO | enrich_content_tags | tagging Dagshai 2002/05 MAY - 2002/7 MAY - 7 PM/04 MAIKHANE MEIN BAITHE HAIN.json (chars=9906, est_tokens=2476, strategy=single-pass)
2026-07-09 09:31:24,932 | INFO | enrich_content_tags | Dagshai 2002/05 MAY - 2002/7 MAY - 7 PM/04 MAIKHANE MEIN BAITHE HAIN.json: tagged in 5.4s (event_type=bhajan, lang=hindi, topics=['family-ties', 'renunciation', 'spiritual-relationship', 'reincarnation', 'devotion'])
2026-07-09 09:31:24,933 | ERROR | enrich_content_tags | [1472/9168] Dagshai 2002/05 MAY - 2002/8 MAY - 7 PM/01 MEDITATION (1).json: empty transcript in chunk_meta
2026-07-09 09:31:24,934 | INFO | enrich_content_tags | tagging Dagshai 2002/05 MAY - 2002/8 MAY - 7 PM/01 MEDITATION (2).json (chars=5965, est_tokens=1491, strategy=single-pass)
2026-07-09 09:31:29,115 | INFO | enrich_content_tags | Dagshai 2002/05 MAY - 2002/8 MAY - 7 PM/01 MEDITATION (2).json: tagged in 4.2s (event_type=meditation, lang=mixed, topics=['self-inquiry', 'witness-consciousness', 'mind-control', 'meditation-practice', 'spiritual-awakening'])
2026-07-09 09:31:29,116 | INFO | enrich_content_tags | tagging Dagshai 2002/05 MAY - 2002/8 MAY - 7 PM/02 OM GURUVE NAMAH.json (chars=7754, est_tokens=1938, strategy=single-pass)
2026-07-09 09:31:32,896 | INFO | enrich_content_tags | Dagshai 2002/05 MAY - 2002/8 MAY - 7 PM/02 OM GURUVE NAMAH.json: tagged in 3.8s (event_type=bhajan, lang=hindi, topics=['bhakti', 'guru-bhakti', 'jnana', 'meditation', 'devotion'])
2026-07-09 09:31:32,897 | INFO | enrich_content_tags | tagging Dagshai 2002/05 MAY - 2002/8 MAY - 7 PM/03 AAYE HAIN TERE MAIKHANE (1).json (chars=9612, est_tokens=2403, strategy=single-pass)
2026-07-09 09:31:36,874 | INFO | enrich_content_tags | Dagshai 2002/05 MAY - 2002/8 MAY - 7 PM/03 AAYE HAIN TERE MAIKHANE (1).json: tagged in 4.0s (event_type=bhajan, lang=hindi, topics=['bhajan', 'devotion', 'self-surrender', 'spiritual-intoxication', 'grace'])
2026-07-09 09:31:36,875 | INFO | enrich_content_tags | tagging Dagshai 2002/05 MAY - 2002/8 MAY - 7 PM/03 AAYE HAIN TERE MAIKHANE (2).json (chars=191, est_tokens=47, strategy=single-pass)
2026-07-09 09:31:39,069 | INFO | enrich_content_tags | Dagshai 2002/05 MAY - 2002/8 MAY - 7 PM/03 AAYE HAIN TERE MAIKHANE (2).json: tagged in 2.2s (event_type=bhajan, lang=hindi, topics=['bhajan', 'devotion', 'spiritual-songs'])
2026-07-09 09:31:39,070 | INFO | enrich_content_tags | tagging Dagshai 2002/05 MAY - 2002/8 MAY - 7 PM/04 MAIKADA BHI APNA HAI.json (chars=2173, est_tokens=543, strategy=single-pass)
2026-07-09 09:31:41,804 | INFO | enrich_content_tags | Dagshai 2002/05 MAY - 2002/8 MAY - 7 PM/04 MAIKADA BHI APNA HAI.json: tagged in 2.7s (event_type=bhajan, lang=hindi, topics=['bhakti', 'self-realization', 'divine-love', 'surrender', 'spiritual-identity'])
2026-07-09 09:31:41,805 | INFO | enrich_content_tags | tagging Dagshai 2002/05 MAY - 2002/9 MAY - 7 PM/01 OM GURUVE NAMAH.json (chars=661, est_tokens=165, strategy=single-pass)
2026-07-09 09:31:43,974 | INFO | enrich_content_tags | Dagshai 2002/05 MAY - 2002/9 MAY - 7 PM/01 OM GURUVE NAMAH.json: tagged in 2.2s (event_type=bhajan, lang=hindi, topics=['guru-bhakti', 'mantra-japa', 'spiritual-devotion'])
2026-07-09 09:31:43,976 | INFO | enrich_content_tags | tagging Dagshai 2002/05 MAY - 2002/9 MAY - 7 PM/02 MAIN PYASA TERE DARSHAN KA.json (chars=17574, est_tokens=4393, strategy=single-pass)
2026-07-09 09:32:00,682 | ERROR | enrich_content_tags | Dagshai 2002/05 MAY - 2002/9 MAY - 7 PM/02 MAIN PYASA TERE DARSHAN KA.json: tagging failed (json decode failed: Unterminated string starting at: line 5 column 5200 (char 5361)) — dead-letter dead_letter/tag_failures/Dagshai_2002_05_MAY_-_2002_9_MAY_-_7_PM_02_MAIN_PYASA_TERE_DARSHAN_KA.json.ee00d4ca82b4.txt
2026-07-09 09:32:00,683 | ERROR | enrich_content_tags | [1479/9168] Dagshai 2002/05 MAY - 2002/9 MAY - 7 PM/02 MAIN PYASA TERE DARSHAN KA.json: json decode failed: Unterminated string starting at: line 5 column 5200 (char 5361)
2026-07-09 09:32:00,683 | INFO | enrich_content_tags | tagging Dagshai 2002/05 MAY - 2002/9 MAY - 7 PM/03 SAMBODHAN.json (chars=790, est_tokens=197, strategy=single-pass)
2026-07-09 09:32:03,662 | INFO | enrich_content_tags | Dagshai 2002/05 MAY - 2002/9 MAY - 7 PM/03 SAMBODHAN.json: tagged in 3.0s (event_type=discourse, lang=hindi, topics=['devotion', 'service', 'community', 'spiritual-practice'])
2026-07-09 09:32:03,663 | INFO | enrich_content_tags | tagging Dagshai 2002/05 MAY - 2002/DAGSHAI 15 - 16 MAY 2002/15 MAY - 1$ - 6 PM/01 MEDITATION.json (chars=3791, est_tokens=947, strategy=single-pass)
2026-07-09 09:32:07,436 | INFO | enrich_content_tags | Dagshai 2002/05 MAY - 2002/DAGSHAI 15 - 16 MAY 2002/15 MAY - 1$ - 6 PM/01 MEDITATION.json: tagged in 3.8s (event_type=meditation, lang=hindi, topics=['self-inquiry', 'witness-consciousness', 'mind-control', 'inner-peace', 'meditation-practice'])
2026-07-09 09:32:07,437 | INFO | enrich_content_tags | tagging Dagshai 2002/05 MAY - 2002/DAGSHAI 15 - 16 MAY 2002/15 MAY - 1$ - 6 PM/02 KATHIN HAI RAHGUZAR.json (chars=8105, est_tokens=2026, strategy=single-pass)
2026-07-09 09:32:11,986 | INFO | enrich_content_tags | Dagshai 2002/05 MAY - 2002/DAGSHAI 15 - 16 MAY 2002/15 MAY - 1$ - 6 PM/02 KATHIN HAI RAHGUZAR.json: tagged in 4.6s (event_type=bhajan, lang=hindi, topics=['guru-grace', 'self-surrender', 'present-moment', 'inner-realization', 'renunciation'])
2026-07-09 09:32:11,988 | INFO | enrich_content_tags | tagging Dagshai 2002/05 MAY - 2002/DAGSHAI 15 - 16 MAY 2002/15 MAY - 1$ - 6 PM/03 SAYA BHI SAATH JAB.json (chars=7615, est_tokens=1903, strategy=single-pass)
2026-07-09 09:32:16,958 | INFO | enrich_content_tags | Dagshai 2002/05 MAY - 2002/DAGSHAI 15 - 16 MAY 2002/15 MAY - 1$ - 6 PM/03 SAYA BHI SAATH JAB.json: tagged in 5.0s (event_type=bhajan, lang=hindi, topics=['bhakti', 'separation', 'swami- Vivekananda', 'surrender', 'divine-love'])
2026-07-09 09:32:16,960 | INFO | enrich_content_tags | tagging Dagshai 2002/05 MAY - 2002/DAGSHAI 15 - 16 MAY 2002/15 MAY - 1$ - 6 PM/04 DHOOL TERE CHARNO KI.json (chars=3250, est_tokens=812, strategy=single-pass)
2026-07-09 09:33:12,444 | INFO | enrich_content_tags | Dagshai 2002/05 MAY - 2002/DAGSHAI 15 - 16 MAY 2002/15 MAY - 1$ - 6 PM/04 DHOOL TERE CHARNO KI.json: tagged in 4.0s (event_type=bhajan, lang=hindi, topics=['bhajan', 'guru-devotion', 'karma-yoga', 'self-purification', 'spiritual-liberation'])
2026-07-09 09:33:12,446 | INFO | enrich_content_tags | tagging Dagshai 2002/05 MAY - 2002/DAGSHAI 15 - 16 MAY 2002/15 MAY - 1$ - 6 PM/05 OM GURUVE NAMAH.json (chars=1121, est_tokens=280, strategy=single-pass)
2026-07-09 09:32:23,625 | INFO | enrich_content_tags | Dagshai 2002/05 MAY - 2002/DAGSHAI 15 - 16 MAY 2002/15 MAY - 1$ - 6 PM/05 OM GURUVE NAMAH.json: tagged in 2.7s (event_type=bhajan, lang=sanskrit, topics=['devotion', 'chanting', 'prayer', 'spiritual-sound'])
2026-07-09 09:32:23,627 | INFO | enrich_content_tags | tagging Dagshai 2002/05 MAY - 2002/DAGSHAI 15 - 16 MAY 2002/15 MAY - 1$ - 6 PM/Again Recorded & Exported - 26 Feb 2025/02 KATHIN HAI RAHGUZAR.json (chars=8733, est_tokens=2183, strategy=single-pass)
2026-07-09 09:32:28,012 | INFO | enrich_content_tags | Dagshai 2002/05 MAY - 2002/DAGSHAI 15 - 16 MAY 2002/15 MAY - 1$ - 6 PM/Again Recorded & Exported - 26 Feb 2025/02 KATHIN HAI RAHGUZAR.json: tagged in 4.4s (event_type=bhajan, lang=hindi, topics=['guru-grace', 'self-inquiry', 'meditation', 'devotion', 'surrender'])
2026-07-09 09:32:28,014 | INFO | enrich_content_tags | tagging Dagshai 2002/05 MAY - 2002/DAGSHAI 15 - 16 MAY 2002/15 MAY - 1$ - 6 PM/Again Recorded & Exported - 26 Feb 2025/03 SAYA BHI SAATH JAB.json (chars=7708, est_tokens=1927, strategy=single-pass)
2026-07-09 09:32:32,284 | INFO | enrich_content_tags | Dagshai 2002/05 MAY - 2002/DAGSHAI 15 - 16 MAY 2002/15 MAY - 1$ - 6 PM/Again Recorded & Exported - 26 Feb 2025/03 SAYA BHI SAATH JAB.json: tagged in 4.3s (event_type=bhajan, lang=hindi, topics=['bhakti', 'separation', 'guru-grace', 'renunciation', 'devotion'])
2026-07-09 09:32:32,286 | INFO | enrich_content_tags | tagging Dagshai 2002/05 MAY - 2002/DAGSHAI 15 - 16 MAY 2002/15 MAY - 1$ - 6 PM/Again Recorded & Exported - 26 Feb 2025/04 DHOOL TERE CHARNO KI.json (chars=2723, est_tokens=680, strategy=single-pass)
2026-07-09 09:33:27,370 | INFO | enrich_content_tags | Dagshai 2002/05 MAY - 2002/DAGSHAI 15 - 16 MAY 2002/15 MAY - 1$ - 6 PM/Again Recorded & Exported - 26 Feb 2025/04 DHOOL TERE CHARNO KI.json: tagged in 3.6s (event_type=bhajan, lang=hindi, topics=['guru-devotion', 'karma-yoga', 'samskaras', 'self-inquiry', 'moksha'])
2026-07-09 09:33:27,372 | INFO | enrich_content_tags | tagging Dagshai 2002/05 MAY - 2002/DAGSHAI 15 - 16 MAY 2002/15 MAY - 1$ - 6 PM/Again Recorded & Exported - 26 Feb 2025/05 OM GURUVE NAMAH.json (chars=1115, est_tokens=278, strategy=single-pass)
2026-07-09 09:32:38,747 | INFO | enrich_content_tags | Dagshai 2002/05 MAY - 2002/DAGSHAI 15 - 16 MAY 2002/15 MAY - 1$ - 6 PM/Again Recorded & Exported - 26 Feb 2025/05 OM GURUVE NAMAH.json: tagged in 2.9s (event_type=bhajan, lang=hindi, topics=['devotional-songs', 'guru-devotion', 'chanting', 'spiritual-practice'])
2026-07-09 09:32:38,749 | INFO | enrich_content_tags | tagging Dagshai 2002/05 MAY - 2002/DAGSHAI 15 - 16 MAY 2002/16 MAY - 2$ - 6 PM/01 MEDITATION (INCOMPLETE).json (chars=559, est_tokens=139, strategy=single-pass)
2026-07-09 09:32:41,370 | INFO | enrich_content_tags | Dagshai 2002/05 MAY - 2002/DAGSHAI 15 - 16 MAY 2002/16 MAY - 2$ - 6 PM/01 MEDITATION (INCOMPLETE).json: tagged in 2.6s (event_type=bhajan, lang=hindi, topics=['meditation', 'inner-focus', 'divine-nature', 'energy-control', 'spiritual-practice'])
2026-07-09 09:32:41,371 | INFO | enrich_content_tags | tagging Dagshai 2002/05 MAY - 2002/DAGSHAI 15 - 16 MAY 2002/16 MAY - 2$ - 6 PM/02 OM GURUVE NAMAH.json (chars=1994, est_tokens=498, strategy=single-pass)
2026-07-09 09:32:44,604 | INFO | enrich_content_tags | Dagshai 2002/05 MAY - 2002/DAGSHAI 15 - 16 MAY 2002/16 MAY - 2$ - 6 PM/02 OM GURUVE NAMAH.json: tagged in 3.2s (event_type=bhajan, lang=sanskrit, topics=['bhajan', 'guru-bhakti', 'devotional-songs', 'spiritual-practice'])
2026-07-09 09:32:44,605 | INFO | enrich_content_tags | tagging Dagshai 2002/05 MAY - 2002/DAGSHAI 15 - 16 MAY 2002/16 MAY - 2$ - 6 PM/03 BAAZI LAGAI AISEE.json (chars=19035, est_tokens=4758, strategy=single-pass)
2026-07-09 09:32:59,430 | INFO | enrich_content_tags | Dagshai 2002/05 MAY - 2002/DAGSHAI 15 - 16 MAY 2002/16 MAY - 2$ - 6 PM/03 BAAZI LAGAI AISEE.json: tagged in 14.8s (event_type=bhajan, lang=hindi, topics=['bhakti', 'self-surrender', 'ego-death', 'inner-sight', 'devotion'])
2026-07-09 09:32:59,432 | INFO | enrich_content_tags | tagging Dagshai 2002/05 MAY - 2002/DAGSHAI 15 - 16 MAY 2002/16 MAY - 2$ - 6 PM/Again Recorded & Exported - 26 Feb 2025/02 OM GURUVE NAMAH.json (chars=1990, est_tokens=497, strategy=single-pass)
2026-07-09 09:33:02,310 | INFO | enrich_content_tags | Dagshai 2002/05 MAY - 2002/DAGSHAI 15 - 16 MAY 2002/16 MAY - 2$ - 6 PM/Again Recorded & Exported - 26 Feb 2025/02 OM GURUVE NAMAH.json: tagged in 2.9s (event_type=bhajan, lang=hindi, topics=['bhakti', 'devotion', 'chanting', 'spiritual-practice'])
2026-07-09 09:33:02,312 | INFO | enrich_content_tags | tagging Dagshai 2002/05 MAY - 2002/DAGSHAI 15 - 16 MAY 2002/16 MAY - 2$ - 6 PM/Again Recorded & Exported - 26 Feb 2025/03 BAAZI LAGAI AISEE.json (chars=20118, est_tokens=5029, strategy=single-pass)
2026-07-09 09:33:09,041 | INFO | enrich_content_tags | Dagshai 2002/05 MAY - 2002/DAGSHAI 15 - 16 MAY 2002/16 MAY - 2$ - 6 PM/Again Recorded & Exported - 26 Feb 2025/03 BAAZI LAGAI AISEE.json: tagged in 6.7s (event_type=bhajan, lang=hindi, topics=['bhakti', 'self-surrender', 'illusion-of-mirror', 'asceticism', 'divine-love'])
2026-07-09 09:33:09,042 | INFO | enrich_content_tags | tagging Dagshai 2002/05 MAY - 2002/DAGSHAI 24 - 26 MAY 2002/24 MAY - 1$ - 7 PM/01 MEDITATION.json (chars=4803, est_tokens=1200, strategy=single-pass)
2026-07-09 09:33:12,646 | INFO | enrich_content_tags | Dagshai 2002/05 MAY - 2002/DAGSHAI 24 - 26 MAY 2002/24 MAY - 1$ - 7 PM/01 MEDITATION.json: tagged in 3.6s (event_type=meditation, lang=mixed, topics=['meditation', 'self-inquiry', 'mind-watching', 'neutral-energy', 'thought-transformation'])
2026-07-09 09:33:12,648 | INFO | enrich_content_tags | tagging Dagshai 2002/05 MAY - 2002/DAGSHAI 24 - 26 MAY 2002/24 MAY - 1$ - 7 PM/02 DHYAN HARI KA (1).json (chars=24386, est_tokens=6096, strategy=single-pass)
2026-07-09 09:33:19,602 | INFO | enrich_content_tags | Dagshai 2002/05 MAY - 2002/DAGSHAI 24 - 26 MAY 2002/24 MAY - 1$ - 7 PM/02 DHYAN HARI KA (1).json: tagged in 6.9s (event_type=bhajan, lang=mixed, topics=['self-inquiry', 'meditation', 'human-nature', 'inner-wealth', 'mind-mastery'])
2026-07-09 09:33:19,604 | INFO | enrich_content_tags | tagging Dagshai 2002/05 MAY - 2002/DAGSHAI 24 - 26 MAY 2002/24 MAY - 1$ - 7 PM/02 DHYAN HARI KA (2).json (chars=4856, est_tokens=1214, strategy=single-pass)
2026-07-09 09:33:23,396 | INFO | enrich_content_tags | Dagshai 2002/05 MAY - 2002/DAGSHAI 24 - 26 MAY 2002/24 MAY - 1$ - 7 PM/02 DHYAN HARI KA (2).json: tagged in 3.8s (event_type=bhajan, lang=hindi, topics=['meditation', 'self-realization', 'mind-control', 'inner-witness', 'stress-free-life'])
2026-07-09 09:33:23,397 | INFO | enrich_content_tags | tagging Dagshai 2002/05 MAY - 2002/DAGSHAI 24 - 26 MAY 2002/24 MAY - 1$ - 7 PM/03 HE MERE MURSHID & 04 DHYAN HARI.json (chars=5947, est_tokens=1486, strategy=single-pass)
2026-07-09 09:33:27,599 | INFO | enrich_content_tags | Dagshai 2002/05 MAY - 2002/DAGSHAI 24 - 26 MAY 2002/24 MAY - 1$ - 7 PM/03 HE MERE MURSHID & 04 DHYAN HARI.json: tagged in 4.2s (event_type=bhajan, lang=hindi, topics=['bhajan', 'self-realization', 'inner-poverty', 'meditation', 'devotion'])
2026-07-09 09:33:27,600 | INFO | enrich_content_tags | tagging Dagshai 2002/05 MAY - 2002/DAGSHAI 24 - 26 MAY 2002/24 MAY - 1$ - 7 PM/05 SAMBODHAN.json (chars=560, est_tokens=140, strategy=single-pass)
2026-07-09 09:33:30,273 | INFO | enrich_content_tags | Dagshai 2002/05 MAY - 2002/DAGSHAI 24 - 26 MAY 2002/24 MAY - 1$ - 7 PM/05 SAMBODHAN.json: tagged in 2.7s (event_type=meditation, lang=hindi, topics=['evening-meditation', 'silence', 'inner-focus', 'morning-meditation', 'devotion'])
2026-07-09 09:33:30,274 | INFO | enrich_content_tags | tagging Dagshai 2002/05 MAY - 2002/DAGSHAI 24 - 26 MAY 2002/25 MAY - 2$ - 11 AM/02 MEDITATION.json (chars=5476, est_tokens=1369, strategy=single-pass)
2026-07-09 09:33:34,381 | INFO | enrich_content_tags | Dagshai 2002/05 MAY - 2002/DAGSHAI 24 - 26 MAY 2002/25 MAY - 2$ - 11 AM/02 MEDITATION.json: tagged in 4.1s (event_type=meditation, lang=hindi, topics=['self-awareness', 'meditation-practice', 'love-of-divine', 'mind-observation', 'spiritual-awakening'])
2026-07-09 09:33:34,382 | INFO | enrich_content_tags | tagging Dagshai 2002/05 MAY - 2002/DAGSHAI 24 - 26 MAY 2002/25 MAY - 2$ - 11 AM/02 SAMBODHAN.json (chars=664, est_tokens=166, strategy=single-pass)
2026-07-09 09:33:36,908 | INFO | enrich_content_tags | Dagshai 2002/05 MAY - 2002/DAGSHAI 24 - 26 MAY 2002/25 MAY - 2$ - 11 AM/02 SAMBODHAN.json: tagged in 2.5s (event_type=satsang, lang=mixed, topics=['prema', 'meditation', 'faith', 'inner-search'])
2026-07-09 09:33:36,910 | INFO | enrich_content_tags | tagging Dagshai 2002/05 MAY - 2002/DAGSHAI 24 - 26 MAY 2002/25 MAY - 2$ - 11 AM/03 OM GURUVE NAMAH.json (chars=784, est_tokens=196, strategy=single-pass)
2026-07-09 09:33:39,699 | INFO | enrich_content_tags | Dagshai 2002/05 MAY - 2002/DAGSHAI 24 - 26 MAY 2002/25 MAY - 2$ - 11 AM/03 OM GURUVE NAMAH.json: tagged in 2.8s (event_type=bhajan, lang=sanskrit, topics=['devotion', 'chanting', 'guru-grace', 'spiritual-practice'])
2026-07-09 09:33:39,700 | INFO | enrich_content_tags | tagging Dagshai 2002/05 MAY - 2002/DAGSHAI 24 - 26 MAY 2002/25 MAY - 2$ - 11 AM/04 TUM NA MANO MAGAR.json (chars=30524, est_tokens=7631, strategy=single-pass)
2026-07-09 09:33:49,248 | INFO | enrich_content_tags | Dagshai 2002/05 MAY - 2002/DAGSHAI 24 - 26 MAY 2002/25 MAY - 2$ - 11 AM/04 TUM NA MANO MAGAR.json: tagged in 9.5s (event_type=bhajan, lang=hindi, topics=['love-of-god', 'self-inquiry', 'detachment', 'security', 'meditation'])
2026-07-09 09:33:49,249 | INFO | enrich_content_tags | tagging Dagshai 2002/05 MAY - 2002/DAGSHAI 24 - 26 MAY 2002/25 MAY - 3$ - 7 PM/01 MEDITATION.json (chars=6651, est_tokens=1662, strategy=single-pass)
2026-07-09 09:33:52,907 | INFO | enrich_content_tags | Dagshai 2002/05 MAY - 2002/DAGSHAI 24 - 26 MAY 2002/25 MAY - 3$ - 7 PM/01 MEDITATION.json: tagged in 3.6s (event_type=meditation, lang=hindi, topics=['meditation', 'self-inquiry', 'inner-peace', 'mind-control', 'divine-light'])
2026-07-09 09:33:52,908 | INFO | enrich_content_tags | tagging Dagshai 2002/05 MAY - 2002/DAGSHAI 24 - 26 MAY 2002/25 MAY - 3$ - 7 PM/02 OM GURUVE NAMAH.json (chars=2367, est_tokens=591, strategy=single-pass)
2026-07-09 09:34:47,588 | INFO | enrich_content_tags | Dagshai 2002/05 MAY - 2002/DAGSHAI 24 - 26 MAY 2002/25 MAY - 3$ - 7 PM/02 OM GURUVE NAMAH.json: tagged in 3.2s (event_type=bhajan, lang=hindi, topics=['bhakti', 'guru-bhakti', 'surrender', 'devotion', 'spiritual-songs'])
2026-07-09 09:34:47,590 | INFO | enrich_content_tags | tagging Dagshai 2002/05 MAY - 2002/DAGSHAI 24 - 26 MAY 2002/25 MAY - 3$ - 7 PM/03 DEEDAR KE PYASE (1).json (chars=15731, est_tokens=3932, strategy=single-pass)
2026-07-09 09:34:02,197 | INFO | enrich_content_tags | Dagshai 2002/05 MAY - 2002/DAGSHAI 24 - 26 MAY 2002/25 MAY - 3$ - 7 PM/03 DEEDAR KE PYASE (1).json: tagged in 6.1s (event_type=bhajan, lang=hindi, topics=['bhakti', 'divine-love', 'madness-of-devotion', 'self-surrender', 'spiritual-transformation'])
2026-07-09 09:34:02,199 | INFO | enrich_content_tags | tagging Dagshai 2002/05 MAY - 2002/DAGSHAI 24 - 26 MAY 2002/25 MAY - 3$ - 7 PM/03 DEEDAR KE PYASE (2).json (chars=15669, est_tokens=3917, strategy=single-pass)
2026-07-09 09:34:07,111 | INFO | enrich_content_tags | Dagshai 2002/05 MAY - 2002/DAGSHAI 24 - 26 MAY 2002/25 MAY - 3$ - 7 PM/03 DEEDAR KE PYASE (2).json: tagged in 4.9s (event_type=bhajan, lang=hindi, topics=['bhakti', 'self-inquiry', 'marriage', 'ego', 'devotion'])
2026-07-09 09:34:07,113 | INFO | enrich_content_tags | tagging Dagshai 2002/05 MAY - 2002/DAGSHAI 24 - 26 MAY 2002/25 MAY - 3$ - 7 PM/04 MAIKHANE MEIN BAITHEN.json (chars=10053, est_tokens=2513, strategy=single-pass)
2026-07-09 09:34:11,839 | INFO | enrich_content_tags | Dagshai 2002/05 MAY - 2002/DAGSHAI 24 - 26 MAY 2002/25 MAY - 3$ - 7 PM/04 MAIKHANE MEIN BAITHEN.json: tagged in 4.7s (event_type=bhajan, lang=hindi, topics=['bhakti', 'tulsidas', 'ratnavali', 'self-realization', 'dharma'])
2026-07-09 09:34:11,840 | INFO | enrich_content_tags | tagging Dagshai 2002/05 MAY - 2002/DAGSHAI 24 - 26 MAY 2002/25 MAY - 3$ - 7 PM/05 SAMBODHAN (1).json (chars=285, est_tokens=71, strategy=single-pass)
2026-07-09 09:34:14,482 | INFO | enrich_content_tags | Dagshai 2002/05 MAY - 2002/DAGSHAI 24 - 26 MAY 2002/25 MAY - 3$ - 7 PM/05 SAMBODHAN (1).json: tagged in 2.6s (event_type=bhajan, lang=hindi, topics=['bhajan', 'devotion', 'spiritual-songs'])
2026-07-09 09:34:14,484 | INFO | enrich_content_tags | tagging Dagshai 2002/05 MAY - 2002/DAGSHAI 24 - 26 MAY 2002/25 MAY - 3$ - 7 PM/06 SAMBODHAN (2).json (chars=628, est_tokens=157, strategy=single-pass)
2026-07-09 09:34:17,336 | INFO | enrich_content_tags | Dagshai 2002/05 MAY - 2002/DAGSHAI 24 - 26 MAY 2002/25 MAY - 3$ - 7 PM/06 SAMBODHAN (2).json: tagged in 2.9s (event_type=bhajan, lang=hindi, topics=['bhakti-rasa', 'jnana-rasa', 'satsang-protocol', 'evening-sessions'])
2026-07-09 09:34:17,337 | INFO | enrich_content_tags | tagging Dagshai 2002/05 MAY - 2002/DAGSHAI 24 - 26 MAY 2002/25 MAY - 3$ - 7 PM/EXTRA 1.json (chars=268, est_tokens=67, strategy=single-pass)
2026-07-09 09:34:19,742 | INFO | enrich_content_tags | Dagshai 2002/05 MAY - 2002/DAGSHAI 24 - 26 MAY 2002/25 MAY - 3$ - 7 PM/EXTRA 1.json: tagged in 2.4s (event_type=bhajan, lang=hindi, topics=['bhajan', 'devotion', 'spiritual-songs'])
2026-07-09 09:34:19,743 | INFO | enrich_content_tags | tagging Dagshai 2002/05 MAY - 2002/DAGSHAI 24 - 26 MAY 2002/25 MAY - 3$ - 7 PM/EXTRA 2.json (chars=235, est_tokens=58, strategy=single-pass)
2026-07-09 09:34:21,941 | INFO | enrich_content_tags | Dagshai 2002/05 MAY - 2002/DAGSHAI 24 - 26 MAY 2002/25 MAY - 3$ - 7 PM/EXTRA 2.json: tagged in 2.2s (event_type=bhajan, lang=hindi, topics=['bhajan', 'devotion', 'chanting'])
2026-07-09 09:34:21,942 | INFO | enrich_content_tags | tagging Dagshai 2002/05 MAY - 2002/DAGSHAI 24 - 26 MAY 2002/26 MAY - 4$ - 11 AM/02 MEDITATION.json (chars=9633, est_tokens=2408, strategy=single-pass)
2026-07-09 09:34:26,246 | INFO | enrich_content_tags | Dagshai 2002/05 MAY - 2002/DAGSHAI 24 - 26 MAY 2002/26 MAY - 4$ - 11 AM/02 MEDITATION.json: tagged in 4.3s (event_type=meditation, lang=hindi, topics=['meditation', 'mindfulness', 'self-inquiry', 'inner-peace', 'consciousness'])
2026-07-09 09:34:26,247 | INFO | enrich_content_tags | tagging Dagshai 2002/05 MAY - 2002/DAGSHAI 24 - 26 MAY 2002/26 MAY - 4$ - 11 AM/03 PRAVACHAN (1).json (chars=18298, est_tokens=4574, strategy=single-pass)
2026-07-09 09:34:31,918 | INFO | enrich_content_tags | Dagshai 2002/05 MAY - 2002/DAGSHAI 24 - 26 MAY 2002/26 MAY - 4$ - 11 AM/03 PRAVACHAN (1).json: tagged in 5.7s (event_type=bhajan, lang=hindi, topics=['inner-awakening', 'devotion', 'surrender', 'right-listening', 'sacrifice'])
2026-07-09 09:34:31,920 | INFO | enrich_content_tags | tagging Dagshai 2002/05 MAY - 2002/DAGSHAI 24 - 26 MAY 2002/26 MAY - 4$ - 11 AM/03 PRAVACHAN (2).json (chars=15065, est_tokens=3766, strategy=single-pass)
2026-07-09 09:34:38,002 | INFO | enrich_content_tags | Dagshai 2002/05 MAY - 2002/DAGSHAI 24 - 26 MAY 2002/26 MAY - 4$ - 11 AM/03 PRAVACHAN (2).json: tagged in 6.1s (event_type=bhajan, lang=hindi, topics=['sacrifice', 'selfless-service', 'right-listening', 'dharma', 'devotion'])
2026-07-09 09:34:38,003 | INFO | enrich_content_tags | tagging Dagshai 2002/05 MAY - 2002/DAGSHAI 24 - 26 MAY 2002/26 MAY - 4$ - 11 AM/04 AAYE HAIN TERE MAIKHANE MEIN.json (chars=4914, est_tokens=1228, strategy=single-pass)
2026-07-09 09:34:41,707 | INFO | enrich_content_tags | Dagshai 2002/05 MAY - 2002/DAGSHAI 24 - 26 MAY 2002/26 MAY - 4$ - 11 AM/04 AAYE HAIN TERE MAIKHANE MEIN.json: tagged in 3.7s (event_type=bhajan, lang=hindi, topics=['bhajan', 'spiritual-intoxication', 'meditation', 'self-inquiry', 'devotion'])
2026-07-09 09:34:41,708 | INFO | enrich_content_tags | tagging Dagshai 2002/05 MAY - 2002/DAGSHAI 24 - 26 MAY 2002/26 MAY - 4$ - 11 AM/05 GUM SABHI RAAH KE.json (chars=1391, est_tokens=347, strategy=single-pass)
2026-07-09 09:34:44,803 | INFO | enrich_content_tags | Dagshai 2002/05 MAY - 2002/DAGSHAI 24 - 26 MAY 2002/26 MAY - 4$ - 11 AM/05 GUM SABHI RAAH KE.json: tagged in 3.1s (event_type=bhajan, lang=hindi, topics=['bhakti', 'karuna', 'prem', 'surrender', 'transformation'])
2026-07-09 09:34:44,804 | INFO | enrich_content_tags | tagging Dagshai 2002/05 MAY - 2002/DAGSHAI 24 - 26 MAY 2002/26 MAY - 4$ - 11 AM/06 OM ONKAR.json (chars=242, est_tokens=60, strategy=single-pass)
2026-07-09 09:34:47,679 | INFO | enrich_content_tags | Dagshai 2002/05 MAY - 2002/DAGSHAI 24 - 26 MAY 2002/26 MAY - 4$ - 11 AM/06 OM ONKAR.json: tagged in 2.9s (event_type=bhajan, lang=hindi, topics=['bhajan', 'om-chanting', 'spiritual-practice'])
2026-07-09 09:34:47,681 | INFO | enrich_content_tags | tagging Dagshai 2002/05 MAY - 2002/DAGSHAI 24 - 26 MAY 2002/26 MAY - 4$ - 11 AM/07 SAMBODHAN.json (chars=1168, est_tokens=292, strategy=single-pass)
2026-07-09 09:34:50,786 | INFO | enrich_content_tags | Dagshai 2002/05 MAY - 2002/DAGSHAI 24 - 26 MAY 2002/26 MAY - 4$ - 11 AM/07 SAMBODHAN.json: tagged in 3.1s (event_type=satsang, lang=hindi, topics=['meditation', 'health', 'camp-schedule', 'gratitude', 'spiritual-growth'])
2026-07-09 09:34:50,787 | INFO | enrich_content_tags | tagging Dagshai 2002/05 MAY - 2002/DAGSHAI 27 - 31 MAY 2002 TEACHERS CAMP/27 MAY - 1$ - 630 PM/01 MEDITATION.json (chars=9759, est_tokens=2439, strategy=single-pass)
2026-07-09 09:34:55,414 | INFO | enrich_content_tags | Dagshai 2002/05 MAY - 2002/DAGSHAI 27 - 31 MAY 2002 TEACHERS CAMP/27 MAY - 1$ - 630 PM/01 MEDITATION.json: tagged in 4.6s (event_type=meditation, lang=hindi, topics=['self-inquiry', 'mind-witnessing', 'meditation-practice', 'stress-relief', 'present-moment-awareness'])
2026-07-09 09:34:55,415 | INFO | enrich_content_tags | tagging Dagshai 2002/05 MAY - 2002/DAGSHAI 27 - 31 MAY 2002 TEACHERS CAMP/27 MAY - 1$ - 630 PM/02 SHLOK (1).json (chars=500, est_tokens=125, strategy=single-pass)
2026-07-09 09:34:58,144 | INFO | enrich_content_tags | Dagshai 2002/05 MAY - 2002/DAGSHAI 27 - 31 MAY 2002 TEACHERS CAMP/27 MAY - 1$ - 630 PM/02 SHLOK (1).json: tagged in 2.8s (event_type=bhajan, lang=hindi, topics=['bhakti', 'divine-attributes', 'guru-devotion', 'spiritual-songs'])
2026-07-09 09:34:58,145 | INFO | enrich_content_tags | tagging Dagshai 2002/05 MAY - 2002/DAGSHAI 27 - 31 MAY 2002 TEACHERS CAMP/27 MAY - 1$ - 630 PM/02 SHLOK (2).json (chars=451, est_tokens=112, strategy=single-pass)
2026-07-09 09:35:00,901 | INFO | enrich_content_tags | Dagshai 2002/05 MAY - 2002/DAGSHAI 27 - 31 MAY 2002 TEACHERS CAMP/27 MAY - 1$ - 630 PM/02 SHLOK (2).json: tagged in 2.8s (event_type=bhajan, lang=hindi, topics=['divine-presence', 'equality', 'bhakti', 'nature-of-god'])
2026-07-09 09:35:00,903 | INFO | enrich_content_tags | tagging Dagshai 2002/05 MAY - 2002/DAGSHAI 27 - 31 MAY 2002 TEACHERS CAMP/27 MAY - 1$ - 630 PM/03 AA CHHOD KE SABHI SAHARE.json (chars=15549, est_tokens=3887, strategy=single-pass)
2026-07-09 09:35:06,837 | INFO | enrich_content_tags | Dagshai 2002/05 MAY - 2002/DAGSHAI 27 - 31 MAY 2002 TEACHERS CAMP/27 MAY - 1$ - 630 PM/03 AA CHHOD KE SABHI SAHARE.json: tagged in 5.9s (event_type=bhajan, lang=hindi, topics=['bhajan', 'meditation', 'guru-shishya', 'self-inquiry', 'bhagavad-gita'])
2026-07-09 09:35:06,839 | INFO | enrich_content_tags | tagging Dagshai 2002/05 MAY - 2002/DAGSHAI 27 - 31 MAY 2002 TEACHERS CAMP/27 MAY - 1$ - 630 PM/04 OM GURUVE NAMAH.json (chars=1732, est_tokens=433, strategy=single-pass)
2026-07-09 09:35:10,080 | INFO | enrich_content_tags | Dagshai 2002/05 MAY - 2002/DAGSHAI 27 - 31 MAY 2002 TEACHERS CAMP/27 MAY - 1$ - 630 PM/04 OM GURUVE NAMAH.json: tagged in 3.2s (event_type=bhajan, lang=hindi, topics=['bhakti', 'devotion', 'self-realization', 'divine-love', 'meditation'])
2026-07-09 09:35:10,081 | INFO | enrich_content_tags | tagging Dagshai 2002/05 MAY - 2002/DAGSHAI 27 - 31 MAY 2002 TEACHERS CAMP/27 MAY - 1$ - 630 PM/05 SAMBODHAN.json (chars=2806, est_tokens=701, strategy=single-pass)
2026-07-09 09:35:13,582 | INFO | enrich_content_tags | Dagshai 2002/05 MAY - 2002/DAGSHAI 27 - 31 MAY 2002 TEACHERS CAMP/27 MAY - 1$ - 630 PM/05 SAMBODHAN.json: tagged in 3.5s (event_type=discourse, lang=hindi, topics=['diksha', 'education', 'self-inquiry', 'dharma', 'awakening'])
2026-07-09 09:35:13,584 | INFO | enrich_content_tags | tagging Dagshai 2002/05 MAY - 2002/DAGSHAI 27 - 31 MAY 2002 TEACHERS CAMP/28 MAY - 2$ - 530 AM/01 MEDITATION & PRAVACHAN (1).json (chars=27488, est_tokens=6872, strategy=single-pass)
2026-07-09 09:35:22,191 | INFO | enrich_content_tags | Dagshai 2002/05 MAY - 2002/DAGSHAI 27 - 31 MAY 2002 TEACHERS CAMP/28 MAY - 2$ - 530 AM/01 MEDITATION & PRAVACHAN (1).json: tagged in 8.6s (event_type=bhajan, lang=hindi, topics=['meditation', 'self-inquiry', 'guru-grace', 'bhakti', 'present-moment'])
2026-07-09 09:35:22,193 | INFO | enrich_content_tags | tagging Dagshai 2002/05 MAY - 2002/DAGSHAI 27 - 31 MAY 2002 TEACHERS CAMP/28 MAY - 2$ - 530 AM/01 MEDITATION & PRAVACHAN (2).json (chars=755, est_tokens=188, strategy=single-pass)
2026-07-09 09:35:25,427 | INFO | enrich_content_tags | Dagshai 2002/05 MAY - 2002/DAGSHAI 27 - 31 MAY 2002 TEACHERS CAMP/28 MAY - 2$ - 530 AM/01 MEDITATION & PRAVACHAN (2).json: tagged in 3.2s (event_type=bhajan, lang=hindi, topics=['inner-realization', 'universal-essence', 'spiritual-cleansing', 'scripture-understanding', 'self-inquiry'])
2026-07-09 09:35:25,428 | INFO | enrich_content_tags | tagging Dagshai 2002/05 MAY - 2002/DAGSHAI 27 - 31 MAY 2002 TEACHERS CAMP/28 MAY - 2$ - 530 AM/02 KAHAN JA RAHA HAI.json (chars=6964, est_tokens=1741, strategy=single-pass)
2026-07-09 09:35:30,119 | INFO | enrich_content_tags | Dagshai 2002/05 MAY - 2002/DAGSHAI 27 - 31 MAY 2002 TEACHERS CAMP/28 MAY - 2$ - 530 AM/02 KAHAN JA RAHA HAI.json: tagged in 4.7s (event_type=bhajan, lang=hindi, topics=['life-journey', 'self-inquiry', 'bhakti', 'discipleship', 'worldly-attachment'])
2026-07-09 09:35:30,120 | INFO | enrich_content_tags | tagging Dagshai 2002/05 MAY - 2002/DAGSHAI 27 - 31 MAY 2002 TEACHERS CAMP/28 MAY - 2$ - 530 AM/03 SAMBODHAN (1).json (chars=1437, est_tokens=359, strategy=single-pass)
2026-07-09 09:35:33,652 | INFO | enrich_content_tags | Dagshai 2002/05 MAY - 2002/DAGSHAI 27 - 31 MAY 2002 TEACHERS CAMP/28 MAY - 2$ - 530 AM/03 SAMBODHAN (1).json: tagged in 3.5s (event_type=bhajan, lang=hindi, topics=['meditation', 'schedule', 'nature', 'spiritual-practice', 'community-meeting'])
2026-07-09 09:35:33,653 | INFO | enrich_content_tags | tagging Dagshai 2002/05 MAY - 2002/DAGSHAI 27 - 31 MAY 2002 TEACHERS CAMP/28 MAY - 2$ - 530 AM/03 SAMBODHAN (2).json (chars=4356, est_tokens=1089, strategy=single-pass)
2026-07-09 09:35:38,549 | INFO | enrich_content_tags | Dagshai 2002/05 MAY - 2002/DAGSHAI 27 - 31 MAY 2002 TEACHERS CAMP/28 MAY - 2$ - 530 AM/03 SAMBODHAN (2).json: tagged in 4.9s (event_type=bhajan, lang=hindi, topics=['meditation', 'stress-relief', 'spiritual-atmosphere', 'teachers-camp', 'self-inquiry'])
2026-07-09 09:35:38,551 | INFO | enrich_content_tags | tagging Dagshai 2002/05 MAY - 2002/DAGSHAI 27 - 31 MAY 2002 TEACHERS CAMP/28 MAY - 3$ - 1130 AM/01 MEDITATION.json (chars=7978, est_tokens=1994, strategy=single-pass)
2026-07-09 09:35:42,677 | INFO | enrich_content_tags | Dagshai 2002/05 MAY - 2002/DAGSHAI 27 - 31 MAY 2002 TEACHERS CAMP/28 MAY - 3$ - 1130 AM/01 MEDITATION.json: tagged in 4.1s (event_type=meditation, lang=hindi, topics=['meditation', 'self-inquiry', 'detachment', 'mind-control', 'inner-witness'])
2026-07-09 09:35:42,679 | INFO | enrich_content_tags | tagging Dagshai 2002/05 MAY - 2002/DAGSHAI 27 - 31 MAY 2002 TEACHERS CAMP/28 MAY - 3$ - 1130 AM/02 OM GURUVE NAMAH.json (chars=5107, est_tokens=1276, strategy=single-pass)
2026-07-09 09:35:46,078 | INFO | enrich_content_tags | Dagshai 2002/05 MAY - 2002/DAGSHAI 27 - 31 MAY 2002 TEACHERS CAMP/28 MAY - 3$ - 1130 AM/02 OM GURUVE NAMAH.json: tagged in 3.4s (event_type=bhajan, lang=hindi, topics=['bhakti', 'guru-bhakti', 'nam-smaran', 'jnana', 'devotion'])
2026-07-09 09:35:46,080 | INFO | enrich_content_tags | tagging Dagshai 2002/05 MAY - 2002/DAGSHAI 27 - 31 MAY 2002 TEACHERS CAMP/28 MAY - 3$ - 1130 AM/03 ZINDAGI KA SAFAR.json (chars=19302, est_tokens=4825, strategy=single-pass)
2026-07-09 09:35:52,345 | INFO | enrich_content_tags | Dagshai 2002/05 MAY - 2002/DAGSHAI 27 - 31 MAY 2002 TEACHERS CAMP/28 MAY - 3$ - 1130 AM/03 ZINDAGI KA SAFAR.json: tagged in 6.3s (event_type=bhajan, lang=hindi, topics=['self-inquiry', 'meditation', 'inner-light', 'spiritual-journey', 'guru-disciple'])
2026-07-09 09:35:52,347 | INFO | enrich_content_tags | tagging Dagshai 2002/05 MAY - 2002/DAGSHAI 27 - 31 MAY 2002 TEACHERS CAMP/28 MAY - 3$ - 1130 AM/04 OM ONKAR.json (chars=260, est_tokens=65, strategy=single-pass)
2026-07-09 09:35:55,073 | INFO | enrich_content_tags | Dagshai 2002/05 MAY - 2002/DAGSHAI 27 - 31 MAY 2002 TEACHERS CAMP/28 MAY - 3$ - 1130 AM/04 OM ONKAR.json: tagged in 2.7s (event_type=bhajan, lang=hindi, topics=['bhajan', 'om-chanting', 'devotion'])
2026-07-09 09:35:55,074 | INFO | enrich_content_tags | tagging Dagshai 2002/05 MAY - 2002/DAGSHAI 27 - 31 MAY 2002 TEACHERS CAMP/28 MAY - 3$ - 1130 AM/05 SAMBODHAN.json (chars=1778, est_tokens=444, strategy=single-pass)
2026-07-09 09:35:58,838 | INFO | enrich_content_tags | Dagshai 2002/05 MAY - 2002/DAGSHAI 27 - 31 MAY 2002 TEACHERS CAMP/28 MAY - 3$ - 1130 AM/05 SAMBODHAN.json: tagged in 3.8s (event_type=discourse, lang=hindi, topics=['school-results', 'meditation', 'education', 'teacher-recognition', 'moral-values'])
2026-07-09 09:35:58,840 | INFO | enrich_content_tags | tagging Dagshai 2002/05 MAY - 2002/DAGSHAI 27 - 31 MAY 2002 TEACHERS CAMP/28 MAY - 4$ - 630 PM/02 MEDITATION.json (chars=6779, est_tokens=1694, strategy=single-pass)
2026-07-09 09:36:03,215 | INFO | enrich_content_tags | Dagshai 2002/05 MAY - 2002/DAGSHAI 27 - 31 MAY 2002 TEACHERS CAMP/28 MAY - 4$ - 630 PM/02 MEDITATION.json: tagged in 4.4s (event_type=meditation, lang=hindi, topics=['self-inquiry', 'mind-watching', 'third-eye', 'stress-free-living', 'divine-consciousness'])
2026-07-09 09:36:03,216 | INFO | enrich_content_tags | tagging Dagshai 2002/05 MAY - 2002/DAGSHAI 27 - 31 MAY 2002 TEACHERS CAMP/28 MAY - 4$ - 630 PM/03 OM GURUVE NAMAH.json (chars=5148, est_tokens=1287, strategy=single-pass)
2026-07-09 09:36:06,751 | INFO | enrich_content_tags | Dagshai 2002/05 MAY - 2002/DAGSHAI 27 - 31 MAY 2002 TEACHERS CAMP/28 MAY - 4$ - 630 PM/03 OM GURUVE NAMAH.json: tagged in 3.5s (event_type=bhajan, lang=hindi, topics=['guru-bhakti', 'ramayan', 'vasistha', 'devotion', 'self-surrender'])
2026-07-09 09:36:06,753 | INFO | enrich_content_tags | tagging Dagshai 2002/05 MAY - 2002/DAGSHAI 27 - 31 MAY 2002 TEACHERS CAMP/28 MAY - 4$ - 630 PM/04 PRAVACHAN.json (chars=9315, est_tokens=2328, strategy=single-pass)
2026-07-09 09:36:12,219 | INFO | enrich_content_tags | Dagshai 2002/05 MAY - 2002/DAGSHAI 27 - 31 MAY 2002 TEACHERS CAMP/28 MAY - 4$ - 630 PM/04 PRAVACHAN.json: tagged in 5.5s (event_type=discourse, lang=hindi, topics=['meditation', 'renunciation', 'spiritual-search', 'transformation', 'inner-peace'])
2026-07-09 09:36:12,220 | INFO | enrich_content_tags | tagging Dagshai 2002/05 MAY - 2002/DAGSHAI 27 - 31 MAY 2002 TEACHERS CAMP/28 MAY - 4$ - 630 PM/05 HARI JI MERE MAN KO (1).json (chars=924, est_tokens=231, strategy=single-pass)
2026-07-09 09:36:15,089 | INFO | enrich_content_tags | Dagshai 2002/05 MAY - 2002/DAGSHAI 27 - 31 MAY 2002 TEACHERS CAMP/28 MAY - 4$ - 630 PM/05 HARI JI MERE MAN KO (1).json: tagged in 2.9s (event_type=bhajan, lang=hindi, topics=['bhajan', 'meditation', 'divine-communication', 'devotion', 'silence'])
2026-07-09 09:36:15,090 | INFO | enrich_content_tags | tagging Dagshai 2002/05 MAY - 2002/DAGSHAI 27 - 31 MAY 2002 TEACHERS CAMP/28 MAY - 4$ - 630 PM/05 HARI JI MERE MAN KO (2).json (chars=995, est_tokens=248, strategy=single-pass)
2026-07-09 09:36:18,313 | INFO | enrich_content_tags | Dagshai 2002/05 MAY - 2002/DAGSHAI 27 - 31 MAY 2002 TEACHERS CAMP/28 MAY - 4$ - 630 PM/05 HARI JI MERE MAN KO (2).json: tagged in 3.2s (event_type=bhajan, lang=hindi, topics=['bhajan', 'meditation', 'divine-communication', 'silence', 'devotion'])
2026-07-09 09:36:18,314 | INFO | enrich_content_tags | tagging Dagshai 2002/05 MAY - 2002/DAGSHAI 27 - 31 MAY 2002 TEACHERS CAMP/28 MAY - 4$ - 630 PM/05 HARI JI MERE MAN KO (3).json (chars=12590, est_tokens=3147, strategy=single-pass)
2026-07-09 09:36:23,568 | INFO | enrich_content_tags | Dagshai 2002/05 MAY - 2002/DAGSHAI 27 - 31 MAY 2002 TEACHERS CAMP/28 MAY - 4$ - 630 PM/05 HARI JI MERE MAN KO (3).json: tagged in 5.2s (event_type=bhajan, lang=hindi, topics=['bhajan', 'devotion', 'faith', 'inner-light', 'transformation'])
2026-07-09 09:36:23,569 | INFO | enrich_content_tags | tagging Dagshai 2002/05 MAY - 2002/DAGSHAI 27 - 31 MAY 2002 TEACHERS CAMP/28 MAY - 4$ - 630 PM/06 SAMBODHAN.json (chars=997, est_tokens=249, strategy=single-pass)
2026-07-09 09:36:26,871 | INFO | enrich_content_tags | Dagshai 2002/05 MAY - 2002/DAGSHAI 27 - 31 MAY 2002 TEACHERS CAMP/28 MAY - 4$ - 630 PM/06 SAMBODHAN.json: tagged in 3.3s (event_type=mixed, lang=hindi, topics=['meditation', 'bhajan', 'schedule', 'spiritual-questions', 'gratitude'])
2026-07-09 09:36:26,873 | INFO | enrich_content_tags | tagging Dagshai 2002/05 MAY - 2002/DAGSHAI 27 - 31 MAY 2002 TEACHERS CAMP/29 MAY - 5$ - 530 AM/01 MEDITATION.json (chars=6352, est_tokens=1588, strategy=single-pass)
2026-07-09 09:37:22,865 | INFO | enrich_content_tags | Dagshai 2002/05 MAY - 2002/DAGSHAI 27 - 31 MAY 2002 TEACHERS CAMP/29 MAY - 5$ - 530 AM/01 MEDITATION.json: tagged in 4.5s (event_type=meditation, lang=hindi, topics=['meditation', 'self-inquiry', 'mind-control', 'inner-experience', 'divine-presence'])
2026-07-09 09:37:22,866 | INFO | enrich_content_tags | tagging Dagshai 2002/05 MAY - 2002/DAGSHAI 27 - 31 MAY 2002 TEACHERS CAMP/29 MAY - 5$ - 530 AM/02 HE PRABHU KAR HI (1).json (chars=3982, est_tokens=995, strategy=single-pass)
2026-07-09 09:36:35,156 | INFO | enrich_content_tags | Dagshai 2002/05 MAY - 2002/DAGSHAI 27 - 31 MAY 2002 TEACHERS CAMP/29 MAY - 5$ - 530 AM/02 HE PRABHU KAR HI (1).json: tagged in 3.8s (event_type=bhajan, lang=hindi, topics=['bhakti-yoga', 'inner-purity', 'self-reflection', 'devotion', 'spiritual-struggle'])
2026-07-09 09:36:35,158 | INFO | enrich_content_tags | tagging Dagshai 2002/05 MAY - 2002/DAGSHAI 27 - 31 MAY 2002 TEACHERS CAMP/29 MAY - 5$ - 530 AM/02 HE PRABHU KAR HI (2).json (chars=593, est_tokens=148, strategy=single-pass)
2026-07-09 09:36:37,844 | INFO | enrich_content_tags | Dagshai 2002/05 MAY - 2002/DAGSHAI 27 - 31 MAY 2002 TEACHERS CAMP/29 MAY - 5$ - 530 AM/02 HE PRABHU KAR HI (2).json: tagged in 2.7s (event_type=bhajan, lang=hindi, topics=['ego', 'pride', 'spiritual-realization', 'attachment', 'self-inquiry'])
2026-07-09 09:36:37,845 | INFO | enrich_content_tags | tagging Dagshai 2002/05 MAY - 2002/DAGSHAI 27 - 31 MAY 2002 TEACHERS CAMP/29 MAY - 5$ - 530 AM/02 HE PRABHU KAR HI (3).json (chars=18343, est_tokens=4585, strategy=single-pass)
2026-07-09 09:36:44,845 | INFO | enrich_content_tags | Dagshai 2002/05 MAY - 2002/DAGSHAI 27 - 31 MAY 2002 TEACHERS CAMP/29 MAY - 5$ - 530 AM/02 HE PRABHU KAR HI (3).json: tagged in 7.0s (event_type=bhajan, lang=hindi, topics=['bhakti', 'self-surrender', 'human-body', 'ego-transcendence', 'divine-love'])
2026-07-09 09:36:44,846 | INFO | enrich_content_tags | tagging Dagshai 2002/05 MAY - 2002/DAGSHAI 27 - 31 MAY 2002 TEACHERS CAMP/29 MAY - 5$ - 530 AM/03 PRAVACHAN.json (chars=4032, est_tokens=1008, strategy=single-pass)
2026-07-09 09:36:48,791 | INFO | enrich_content_tags | Dagshai 2002/05 MAY - 2002/DAGSHAI 27 - 31 MAY 2002 TEACHERS CAMP/29 MAY - 5$ - 530 AM/03 PRAVACHAN.json: tagged in 4.0s (event_type=discourse, lang=hindi, topics=['simplicity', 'openness', 'nature', 'devotion', 'self-surrender'])
2026-07-09 09:36:48,792 | INFO | enrich_content_tags | tagging Dagshai 2002/05 MAY - 2002/DAGSHAI 27 - 31 MAY 2002 TEACHERS CAMP/29 MAY - 5$ - 530 AM/04 KISI DARVESH KE DIL KA.json (chars=7632, est_tokens=1908, strategy=single-pass)
2026-07-09 09:36:53,323 | INFO | enrich_content_tags | Dagshai 2002/05 MAY - 2002/DAGSHAI 27 - 31 MAY 2002 TEACHERS CAMP/29 MAY - 5$ - 530 AM/04 KISI DARVESH KE DIL KA.json: tagged in 4.5s (event_type=bhajan, lang=hindi, topics=['karma-yoga', 'selfless-service', 'spiritual-wealth', 'social-responsibility', 'inner-light'])
2026-07-09 09:36:53,324 | INFO | enrich_content_tags | tagging Dagshai 2002/05 MAY - 2002/DAGSHAI 27 - 31 MAY 2002 TEACHERS CAMP/29 MAY - 5$ - 530 AM/05 OM ONKAR.json (chars=260, est_tokens=65, strategy=single-pass)
2026-07-09 09:36:56,148 | INFO | enrich_content_tags | Dagshai 2002/05 MAY - 2002/DAGSHAI 27 - 31 MAY 2002 TEACHERS CAMP/29 MAY - 5$ - 530 AM/05 OM ONKAR.json: tagged in 2.8s (event_type=bhajan, lang=hindi, topics=['bhajan', 'om-chanting', 'spiritual-practice'])
2026-07-09 09:36:56,150 | INFO | enrich_content_tags | tagging Dagshai 2002/05 MAY - 2002/DAGSHAI 27 - 31 MAY 2002 TEACHERS CAMP/29 MAY - 5$ - 530 AM/06 SAMBODHAN.json (chars=3398, est_tokens=849, strategy=single-pass)
2026-07-09 09:37:00,437 | INFO | enrich_content_tags | Dagshai 2002/05 MAY - 2002/DAGSHAI 27 - 31 MAY 2002 TEACHERS CAMP/29 MAY - 5$ - 530 AM/06 SAMBODHAN.json: tagged in 4.3s (event_type=satsang, lang=hindi, topics=['meditation', 'separation', 'guru-disciple', 'life-lessons', 'devotion'])
2026-07-09 09:37:00,438 | INFO | enrich_content_tags | tagging Dagshai 2002/05 MAY - 2002/DAGSHAI 27 - 31 MAY 2002 TEACHERS CAMP/29 MAY - 5$ - 530 AM/07 ZARA TO KHUL KE (1).json (chars=4482, est_tokens=1120, strategy=single-pass)
2026-07-09 09:37:03,898 | INFO | enrich_content_tags | Dagshai 2002/05 MAY - 2002/DAGSHAI 27 - 31 MAY 2002 TEACHERS CAMP/29 MAY - 5$ - 530 AM/07 ZARA TO KHUL KE (1).json: tagged in 3.4s (event_type=bhajan, lang=hindi, topics=['devotion', 'longing', 'divine-love', 'spiritual-suffering', 'grace'])
2026-07-09 09:37:03,899 | INFO | enrich_content_tags | tagging Dagshai 2002/05 MAY - 2002/DAGSHAI 27 - 31 MAY 2002 TEACHERS CAMP/29 MAY - 5$ - 530 AM/07 ZARA TO KHUL KE (2).json (chars=384, est_tokens=96, strategy=single-pass)
2026-07-09 09:37:06,911 | INFO | enrich_content_tags | Dagshai 2002/05 MAY - 2002/DAGSHAI 27 - 31 MAY 2002 TEACHERS CAMP/29 MAY - 5$ - 530 AM/07 ZARA TO KHUL KE (2).json: tagged in 3.0s (event_type=bhajan, lang=hindi, topics=['bhajan', 'devotion', 'spiritual-surrender'])
2026-07-09 09:37:06,912 | INFO | enrich_content_tags | tagging Dagshai 2002/05 MAY - 2002/DAGSHAI 27 - 31 MAY 2002 TEACHERS CAMP/29 MAY - 5$ - 530 AM/07 ZARA TO KHUL KE (3).json (chars=2968, est_tokens=742, strategy=single-pass)
2026-07-09 09:37:10,192 | INFO | enrich_content_tags | Dagshai 2002/05 MAY - 2002/DAGSHAI 27 - 31 MAY 2002 TEACHERS CAMP/29 MAY - 5$ - 530 AM/07 ZARA TO KHUL KE (3).json: tagged in 3.3s (event_type=bhajan, lang=hindi, topics=['divine-love', 'spiritual-longing', 'grace', 'meditation', 'devotion'])
2026-07-09 09:37:10,194 | INFO | enrich_content_tags | tagging Dagshai 2002/05 MAY - 2002/DAGSHAI 27 - 31 MAY 2002 TEACHERS CAMP/29 MAY - 6$ - 1130 AM/02 MEDITATION.json (chars=2877, est_tokens=719, strategy=single-pass)
2026-07-09 09:37:13,431 | INFO | enrich_content_tags | Dagshai 2002/05 MAY - 2002/DAGSHAI 27 - 31 MAY 2002 TEACHERS CAMP/29 MAY - 6$ - 1130 AM/02 MEDITATION.json: tagged in 3.2s (event_type=meditation, lang=hindi, topics=['mind-observation', 'self-awareness', 'mental-noise', 'neutral-witness', 'mind-control'])
2026-07-09 09:37:13,432 | INFO | enrich_content_tags | tagging Dagshai 2002/05 MAY - 2002/DAGSHAI 27 - 31 MAY 2002 TEACHERS CAMP/29 MAY - 6$ - 1130 AM/03 OM GURUVE NAMAH.json (chars=770, est_tokens=192, strategy=single-pass)
2026-07-09 09:37:16,057 | INFO | enrich_content_tags | Dagshai 2002/05 MAY - 2002/DAGSHAI 27 - 31 MAY 2002 TEACHERS CAMP/29 MAY - 6$ - 1130 AM/03 OM GURUVE NAMAH.json: tagged in 2.6s (event_type=bhajan, lang=sanskrit, topics=['devotion', 'chanting', 'guru-bhakti'])
2026-07-09 09:37:16,059 | INFO | enrich_content_tags | tagging Dagshai 2002/05 MAY - 2002/DAGSHAI 27 - 31 MAY 2002 TEACHERS CAMP/29 MAY - 6$ - 1130 AM/04 MAIN KHUD APNI.json (chars=11877, est_tokens=2969, strategy=single-pass)
2026-07-09 09:37:20,716 | INFO | enrich_content_tags | Dagshai 2002/05 MAY - 2002/DAGSHAI 27 - 31 MAY 2002 TEACHERS CAMP/29 MAY - 6$ - 1130 AM/04 MAIN KHUD APNI.json: tagged in 4.7s (event_type=bhajan, lang=hindi, topics=['self-inquiry', 'spiritual-search', 'knowledge', 'devotion', 'surrender'])
2026-07-09 09:37:20,717 | INFO | enrich_content_tags | tagging Dagshai 2002/05 MAY - 2002/DAGSHAI 27 - 31 MAY 2002 TEACHERS CAMP/29 MAY - 6$ - 1130 AM/05 GUM SABHI RAAH KE.json (chars=4839, est_tokens=1209, strategy=single-pass)
2026-07-09 09:37:25,177 | INFO | enrich_content_tags | Dagshai 2002/05 MAY - 2002/DAGSHAI 27 - 31 MAY 2002 TEACHERS CAMP/29 MAY - 6$ - 1130 AM/05 GUM SABHI RAAH KE.json: tagged in 4.5s (event_type=bhajan, lang=hindi, topics=['bhajan', 'karma-yoga', 'self-inquiry', 'spiritual-mastery', 'social-service'])
2026-07-09 09:37:25,179 | INFO | enrich_content_tags | tagging Dagshai 2002/05 MAY - 2002/DAGSHAI 27 - 31 MAY 2002 TEACHERS CAMP/29 MAY - 6$ - 1130 AM/06 QUE - 1 (1).json (chars=793, est_tokens=198, strategy=single-pass)
2026-07-09 09:37:27,826 | INFO | enrich_content_tags | Dagshai 2002/05 MAY - 2002/DAGSHAI 27 - 31 MAY 2002 TEACHERS CAMP/29 MAY - 6$ - 1130 AM/06 QUE - 1 (1).json: tagged in 2.7s (event_type=qa, lang=hindi, topics=['meditation', 'mind-waves', 'body-shaking', 'spiritual-practice', 'questions-and-answers'])
2026-07-09 09:37:27,827 | INFO | enrich_content_tags | tagging Dagshai 2002/05 MAY - 2002/DAGSHAI 27 - 31 MAY 2002 TEACHERS CAMP/29 MAY - 6$ - 1130 AM/06 QUE - 1 (2).json (chars=1504, est_tokens=376, strategy=single-pass)
2026-07-09 09:37:31,288 | INFO | enrich_content_tags | Dagshai 2002/05 MAY - 2002/DAGSHAI 27 - 31 MAY 2002 TEACHERS CAMP/29 MAY - 6$ - 1130 AM/06 QUE - 1 (2).json: tagged in 3.5s (event_type=bhajan, lang=hindi, topics=['meditation', 'spiritual-experience', 'consciousness', 'inner-light', 'devotion'])
2026-07-09 09:37:31,289 | INFO | enrich_content_tags | tagging Dagshai 2002/05 MAY - 2002/DAGSHAI 27 - 31 MAY 2002 TEACHERS CAMP/29 MAY - 6$ - 1130 AM/07 QUE - 2 (1).json (chars=5509, est_tokens=1377, strategy=single-pass)
2026-07-09 09:37:34,762 | INFO | enrich_content_tags | Dagshai 2002/05 MAY - 2002/DAGSHAI 27 - 31 MAY 2002 TEACHERS CAMP/29 MAY - 6$ - 1130 AM/07 QUE - 2 (1).json: tagged in 3.5s (event_type=qa, lang=hindi, topics=['childhood-development', 'education-pressure', 'meditation-practice', 'parenting-ambitions', 'youth-innocence'])
2026-07-09 09:37:34,763 | INFO | enrich_content_tags | tagging Dagshai 2002/05 MAY - 2002/DAGSHAI 27 - 31 MAY 2002 TEACHERS CAMP/29 MAY - 6$ - 1130 AM/07 QUE - 2 (2).json (chars=341, est_tokens=85, strategy=single-pass)
2026-07-09 09:37:37,107 | INFO | enrich_content_tags | Dagshai 2002/05 MAY - 2002/DAGSHAI 27 - 31 MAY 2002 TEACHERS CAMP/29 MAY - 6$ - 1130 AM/07 QUE - 2 (2).json: tagged in 2.3s (event_type=bhajan, lang=hindi, topics=['meditation', 'sleep', 'children', 'questions'])
2026-07-09 09:37:37,109 | INFO | enrich_content_tags | tagging Dagshai 2002/05 MAY - 2002/DAGSHAI 27 - 31 MAY 2002 TEACHERS CAMP/29 MAY - 6$ - 1130 AM/07 QUE - 2 (3).json (chars=1834, est_tokens=458, strategy=single-pass)
2026-07-09 09:37:40,429 | INFO | enrich_content_tags | Dagshai 2002/05 MAY - 2002/DAGSHAI 27 - 31 MAY 2002 TEACHERS CAMP/29 MAY - 6$ - 1130 AM/07 QUE - 2 (3).json: tagged in 3.3s (event_type=meditation, lang=hindi, topics=['meditation', 'sleep-hygiene', 'energy-management', 'self-care', 'yoga-practice'])
2026-07-09 09:37:40,430 | INFO | enrich_content_tags | tagging Dagshai 2002/05 MAY - 2002/DAGSHAI 27 - 31 MAY 2002 TEACHERS CAMP/29 MAY - 6$ - 1130 AM/08 QUE - 3.json (chars=4415, est_tokens=1103, strategy=single-pass)
2026-07-09 09:37:44,801 | INFO | enrich_content_tags | Dagshai 2002/05 MAY - 2002/DAGSHAI 27 - 31 MAY 2002 TEACHERS CAMP/29 MAY - 6$ - 1130 AM/08 QUE - 3.json: tagged in 4.4s (event_type=bhajan, lang=hindi, topics=['meditation', 'mind-control', 'thoughts', 'staff-room', 'self-purification'])
2026-07-09 09:37:44,802 | INFO | enrich_content_tags | tagging Dagshai 2002/05 MAY - 2002/DAGSHAI 27 - 31 MAY 2002 TEACHERS CAMP/29 MAY - 6$ - 1130 AM/09 QUE - 4.json (chars=4314, est_tokens=1078, strategy=single-pass)
2026-07-09 09:37:48,400 | INFO | enrich_content_tags | Dagshai 2002/05 MAY - 2002/DAGSHAI 27 - 31 MAY 2002 TEACHERS CAMP/29 MAY - 6$ - 1130 AM/09 QUE - 4.json: tagged in 3.6s (event_type=bhajan, lang=hindi, topics=['meditation', 'self-surrender', 'spiritual-camp', 'mind-purification', 'divine-love'])
2026-07-09 09:37:48,401 | INFO | enrich_content_tags | tagging Dagshai 2002/05 MAY - 2002/DAGSHAI 27 - 31 MAY 2002 TEACHERS CAMP/29 MAY - 6$ - 1130 AM/10 QUE - 5.json (chars=2231, est_tokens=557, strategy=single-pass)
2026-07-09 09:37:52,911 | INFO | enrich_content_tags | Dagshai 2002/05 MAY - 2002/DAGSHAI 27 - 31 MAY 2002 TEACHERS CAMP/29 MAY - 6$ - 1130 AM/10 QUE - 5.json: tagged in 4.5s (event_type=bhajan, lang=hindi, topics=['shimla-trip', 'meditation', 'summer-heat', 'travel-planning', 'spiritual-discourse'])
2026-07-09 09:37:52,913 | INFO | enrich_content_tags | tagging Dagshai 2002/05 MAY - 2002/DAGSHAI 27 - 31 MAY 2002 TEACHERS CAMP/29 MAY - 6$ - 1130 AM/11 QUE - 6.json (chars=1569, est_tokens=392, strategy=single-pass)
2026-07-09 09:37:56,144 | INFO | enrich_content_tags | Dagshai 2002/05 MAY - 2002/DAGSHAI 27 - 31 MAY 2002 TEACHERS CAMP/29 MAY - 6$ - 1130 AM/11 QUE - 6.json: tagged in 3.2s (event_type=bhajan, lang=hindi, topics=['family-responsibility', 'surrender', 'guru-disciple-bond', 'spiritual-commitment', 'devotion'])
2026-07-09 09:37:56,146 | INFO | enrich_content_tags | tagging Dagshai 2002/05 MAY - 2002/DAGSHAI 27 - 31 MAY 2002 TEACHERS CAMP/29 MAY - 6$ - 1130 AM/12 AAYE HAIN TERE MAIKHANE MEIN.json (chars=1402, est_tokens=350, strategy=single-pass)
2026-07-09 09:37:59,017 | INFO | enrich_content_tags | Dagshai 2002/05 MAY - 2002/DAGSHAI 27 - 31 MAY 2002 TEACHERS CAMP/29 MAY - 6$ - 1130 AM/12 AAYE HAIN TERE MAIKHANE MEIN.json: tagged in 2.9s (event_type=bhajan, lang=hindi, topics=['bhajan', 'divine-longing', 'self-realization', 'life-purpose', 'devotion'])
2026-07-09 09:37:59,019 | INFO | enrich_content_tags | tagging Dagshai 2002/05 MAY - 2002/DAGSHAI 27 - 31 MAY 2002 TEACHERS CAMP/29 MAY - 6$ - 1130 AM/13 BATON HI BATON MEIN.json (chars=6583, est_tokens=1645, strategy=single-pass)
2026-07-09 09:38:04,134 | INFO | enrich_content_tags | Dagshai 2002/05 MAY - 2002/DAGSHAI 27 - 31 MAY 2002 TEACHERS CAMP/29 MAY - 6$ - 1130 AM/13 BATON HI BATON MEIN.json: tagged in 5.1s (event_type=bhajan, lang=hindi, topics=['bhajan', 'self-inquiry', 'interiority', 'meditation', 'social-responsibility'])
2026-07-09 09:38:04,135 | INFO | enrich_content_tags | tagging Dagshai 2002/05 MAY - 2002/DAGSHAI 27 - 31 MAY 2002 TEACHERS CAMP/29 MAY - 6$ - 1130 AM/14 QUE - 7.json (chars=6674, est_tokens=1668, strategy=single-pass)
2026-07-09 09:38:08,402 | INFO | enrich_content_tags | Dagshai 2002/05 MAY - 2002/DAGSHAI 27 - 31 MAY 2002 TEACHERS CAMP/29 MAY - 6$ - 1130 AM/14 QUE - 7.json: tagged in 4.3s (event_type=bhajan, lang=hindi, topics=['meditation', 'sleep', 'bhajan', 'concentration', 'spiritual-practice'])
2026-07-09 09:38:08,404 | INFO | enrich_content_tags | tagging Dagshai 2002/05 MAY - 2002/DAGSHAI 27 - 31 MAY 2002 TEACHERS CAMP/29 MAY - 6$ - 1130 AM/15 SAMBODHAN.json (chars=631, est_tokens=157, strategy=single-pass)
2026-07-09 09:38:11,396 | INFO | enrich_content_tags | Dagshai 2002/05 MAY - 2002/DAGSHAI 27 - 31 MAY 2002 TEACHERS CAMP/29 MAY - 6$ - 1130 AM/15 SAMBODHAN.json: tagged in 3.0s (event_type=qa, lang=hindi, topics=['question-answer', 'spiritual-discipline', 'devotion', 'patience'])
2026-07-09 09:38:11,397 | INFO | enrich_content_tags | tagging Dagshai 2002/05 MAY - 2002/DAGSHAI 27 - 31 MAY 2002 TEACHERS CAMP/29 MAY - 6$ - 1130 AM/16 BABA BHUKHIYAN NA MAAR.json (chars=2720, est_tokens=680, strategy=single-pass)
2026-07-09 09:39:08,293 | INFO | enrich_content_tags | Dagshai 2002/05 MAY - 2002/DAGSHAI 27 - 31 MAY 2002 TEACHERS CAMP/29 MAY - 6$ - 1130 AM/16 BABA BHUKHIYAN NA MAAR.json: tagged in 5.4s (event_type=bhajan, lang=hindi, topics=['bhajan', 'devotion', 'retirement', 'service', 'discipleship'])
2026-07-09 09:39:08,294 | INFO | enrich_content_tags | tagging Dagshai 2002/05 MAY - 2002/DAGSHAI 27 - 31 MAY 2002 TEACHERS CAMP/29 MAY - 6$ - 1130 AM/17 SAMBODHAN (1).json (chars=1354, est_tokens=338, strategy=single-pass)
2026-07-09 09:38:19,919 | INFO | enrich_content_tags | Dagshai 2002/05 MAY - 2002/DAGSHAI 27 - 31 MAY 2002 TEACHERS CAMP/29 MAY - 6$ - 1130 AM/17 SAMBODHAN (1).json: tagged in 3.1s (event_type=qa, lang=hindi, topics=['question-answer', 'meditation-camp', 'spiritual-inquiry', 'doubts-removal', 'self-knowledge'])
2026-07-09 09:38:19,920 | INFO | enrich_content_tags | tagging Dagshai 2002/05 MAY - 2002/DAGSHAI 27 - 31 MAY 2002 TEACHERS CAMP/29 MAY - 6$ - 1130 AM/17 SAMBODHAN (2).json (chars=804, est_tokens=201, strategy=single-pass)
2026-07-09 09:38:22,750 | INFO | enrich_content_tags | Dagshai 2002/05 MAY - 2002/DAGSHAI 27 - 31 MAY 2002 TEACHERS CAMP/29 MAY - 6$ - 1130 AM/17 SAMBODHAN (2).json: tagged in 2.8s (event_type=bhajan, lang=hindi, topics=['spiritual-connection', 'love-and-devotion', 'self-realization', 'discourse-importance'])
2026-07-09 09:38:22,751 | INFO | enrich_content_tags | tagging Dagshai 2002/05 MAY - 2002/DAGSHAI 27 - 31 MAY 2002 TEACHERS CAMP/29 MAY - 6$ - 1130 AM/17 SAMBODHAN (3).json (chars=1422, est_tokens=355, strategy=single-pass)
2026-07-09 09:38:25,950 | INFO | enrich_content_tags | Dagshai 2002/05 MAY - 2002/DAGSHAI 27 - 31 MAY 2002 TEACHERS CAMP/29 MAY - 6$ - 1130 AM/17 SAMBODHAN (3).json: tagged in 3.2s (event_type=bhajan, lang=hindi, topics=['meditation', 'silence', 'hospitality', 'discipline', 'community'])
2026-07-09 09:38:25,951 | INFO | enrich_content_tags | tagging Dagshai 2002/05 MAY - 2002/DAGSHAI 27 - 31 MAY 2002 TEACHERS CAMP/29 MAY - 7$ - 7 PM/01 MEDITATION.json (chars=2819, est_tokens=704, strategy=single-pass)
2026-07-09 09:38:29,275 | INFO | enrich_content_tags | Dagshai 2002/05 MAY - 2002/DAGSHAI 27 - 31 MAY 2002 TEACHERS CAMP/29 MAY - 7$ - 7 PM/01 MEDITATION.json: tagged in 3.3s (event_type=meditation, lang=hindi, topics=['meditation', 'self-awareness', 'divine-presence', 'devotion', 'inner-search'])
2026-07-09 09:38:29,276 | INFO | enrich_content_tags | tagging Dagshai 2002/05 MAY - 2002/DAGSHAI 27 - 31 MAY 2002 TEACHERS CAMP/29 MAY - 7$ - 7 PM/02 BAN KE MERA HUMKADAM.json (chars=4905, est_tokens=1226, strategy=single-pass)
2026-07-09 09:38:33,079 | INFO | enrich_content_tags | Dagshai 2002/05 MAY - 2002/DAGSHAI 27 - 31 MAY 2002 TEACHERS CAMP/29 MAY - 7$ - 7 PM/02 BAN KE MERA HUMKADAM.json: tagged in 3.8s (event_type=bhajan, lang=hindi, topics=['bhajan', 'devotion', 'loneliness', 'surrender', 'guru-disciple'])
2026-07-09 09:38:33,081 | INFO | enrich_content_tags | tagging Dagshai 2002/05 MAY - 2002/DAGSHAI 27 - 31 MAY 2002 TEACHERS CAMP/29 MAY - 7$ - 7 PM/03 SUNI MALKA MERO KOOK (1).json (chars=9467, est_tokens=2366, strategy=single-pass)
2026-07-09 09:38:38,382 | INFO | enrich_content_tags | Dagshai 2002/05 MAY - 2002/DAGSHAI 27 - 31 MAY 2002 TEACHERS CAMP/29 MAY - 7$ - 7 PM/03 SUNI MALKA MERO KOOK (1).json: tagged in 5.3s (event_type=bhajan, lang=hindi, topics=['bhajan', 'divine-love', 'self-inquiry', 'spiritual-transformation', 'devotion'])
2026-07-09 09:38:38,383 | INFO | enrich_content_tags | tagging Dagshai 2002/05 MAY - 2002/DAGSHAI 27 - 31 MAY 2002 TEACHERS CAMP/29 MAY - 7$ - 7 PM/03 SUNI MALKA MERO KOOK (2).json (chars=468, est_tokens=117, strategy=single-pass)
2026-07-09 09:38:41,326 | INFO | enrich_content_tags | Dagshai 2002/05 MAY - 2002/DAGSHAI 27 - 31 MAY 2002 TEACHERS CAMP/29 MAY - 7$ - 7 PM/03 SUNI MALKA MERO KOOK (2).json: tagged in 2.9s (event_type=bhajan, lang=hindi, topics=['bhajan', 'separation', 'divine-love', 'devotion'])
2026-07-09 09:38:41,327 | INFO | enrich_content_tags | tagging Dagshai 2002/05 MAY - 2002/DAGSHAI 27 - 31 MAY 2002 TEACHERS CAMP/29 MAY - 7$ - 7 PM/03 SUNI MALKA MERO KOOK (3).json (chars=7217, est_tokens=1804, strategy=single-pass)
2026-07-09 09:38:45,431 | INFO | enrich_content_tags | Dagshai 2002/05 MAY - 2002/DAGSHAI 27 - 31 MAY 2002 TEACHERS CAMP/29 MAY - 7$ - 7 PM/03 SUNI MALKA MERO KOOK (3).json: tagged in 4.1s (event_type=bhajan, lang=hindi, topics=['bhakti', 'self-surrender', 'divine-love', 'human-worth', 'spiritual-search'])
2026-07-09 09:38:45,432 | INFO | enrich_content_tags | tagging Dagshai 2002/05 MAY - 2002/DAGSHAI 27 - 31 MAY 2002 TEACHERS CAMP/29 MAY - 7$ - 7 PM/04 ISHQ KA RUTBA.json (chars=4026, est_tokens=1006, strategy=single-pass)
2026-07-09 09:38:48,923 | INFO | enrich_content_tags | Dagshai 2002/05 MAY - 2002/DAGSHAI 27 - 31 MAY 2002 TEACHERS CAMP/29 MAY - 7$ - 7 PM/04 ISHQ KA RUTBA.json: tagged in 3.5s (event_type=bhajan, lang=hindi, topics=['ishq', 'bhakti', 'prahlad', 'divine-love', 'suffering'])
2026-07-09 09:38:48,924 | INFO | enrich_content_tags | tagging Dagshai 2002/05 MAY - 2002/DAGSHAI 27 - 31 MAY 2002 TEACHERS CAMP/29 MAY - 7$ - 7 PM/05 LAGAN HARI SE LAGA.json (chars=2801, est_tokens=700, strategy=single-pass)
2026-07-09 09:38:52,860 | INFO | enrich_content_tags | Dagshai 2002/05 MAY - 2002/DAGSHAI 27 - 31 MAY 2002 TEACHERS CAMP/29 MAY - 7$ - 7 PM/05 LAGAN HARI SE LAGA.json: tagged in 4.0s (event_type=bhajan, lang=hindi, topics=['bhakti', 'devotion', 'present-moment', 'prahlad', 'fearlessness'])
2026-07-09 09:38:52,862 | INFO | enrich_content_tags | tagging Dagshai 2002/05 MAY - 2002/DAGSHAI 27 - 31 MAY 2002 TEACHERS CAMP/29 MAY - 7$ - 7 PM/06 PRAVACHAN.json (chars=3374, est_tokens=843, strategy=single-pass)
2026-07-09 09:38:56,367 | INFO | enrich_content_tags | Dagshai 2002/05 MAY - 2002/DAGSHAI 27 - 31 MAY 2002 TEACHERS CAMP/29 MAY - 7$ - 7 PM/06 PRAVACHAN.json: tagged in 3.5s (event_type=discourse, lang=hindi, topics=['bhakti', 'divine-creation', 'self-surrender', 'critique-intellect', 'devotion'])
2026-07-09 09:38:56,369 | INFO | enrich_content_tags | tagging Dagshai 2002/05 MAY - 2002/DAGSHAI 27 - 31 MAY 2002 TEACHERS CAMP/29 MAY - 7$ - 7 PM/07 SAMBODHAN.json (chars=575, est_tokens=143, strategy=single-pass)
2026-07-09 09:38:59,883 | INFO | enrich_content_tags | Dagshai 2002/05 MAY - 2002/DAGSHAI 27 - 31 MAY 2002 TEACHERS CAMP/29 MAY - 7$ - 7 PM/07 SAMBODHAN.json: tagged in 3.5s (event_type=satsang, lang=hindi, topics=['evening-satsang', 'morning-meditation', 'location-instructions', 'guru-devotion'])
2026-07-09 09:38:59,884 | INFO | enrich_content_tags | tagging Dagshai 2002/05 MAY - 2002/DAGSHAI 27 - 31 MAY 2002 TEACHERS CAMP/30 MAY - 10$ - 7 PM/01 MEDITATION (1).json (chars=2476, est_tokens=619, strategy=single-pass)
2026-07-09 09:39:02,654 | INFO | enrich_content_tags | Dagshai 2002/05 MAY - 2002/DAGSHAI 27 - 31 MAY 2002 TEACHERS CAMP/30 MAY - 10$ - 7 PM/01 MEDITATION (1).json: tagged in 2.8s (event_type=bhajan, lang=hindi, topics=['meditation', 'self-inquiry', 'inner-peace', 'spiritual-practice', 'divine-qualities'])
2026-07-09 09:39:02,655 | INFO | enrich_content_tags | tagging Dagshai 2002/05 MAY - 2002/DAGSHAI 27 - 31 MAY 2002 TEACHERS CAMP/30 MAY - 10$ - 7 PM/01 MEDITATION (2).json (chars=1530, est_tokens=382, strategy=single-pass)
2026-07-09 09:39:05,349 | INFO | enrich_content_tags | Dagshai 2002/05 MAY - 2002/DAGSHAI 27 - 31 MAY 2002 TEACHERS CAMP/30 MAY - 10$ - 7 PM/01 MEDITATION (2).json: tagged in 2.7s (event_type=bhajan, lang=hindi, topics=['inner-silence', 'meditation', 'devotion', 'spiritual-practice'])
2026-07-09 09:39:05,351 | INFO | enrich_content_tags | tagging Dagshai 2002/05 MAY - 2002/DAGSHAI 27 - 31 MAY 2002 TEACHERS CAMP/30 MAY - 10$ - 7 PM/02 JO JO PRABHU KE KAREEB.json (chars=10520, est_tokens=2630, strategy=single-pass)
2026-07-09 09:39:10,698 | INFO | enrich_content_tags | Dagshai 2002/05 MAY - 2002/DAGSHAI 27 - 31 MAY 2002 TEACHERS CAMP/30 MAY - 10$ - 7 PM/02 JO JO PRABHU KE KAREEB.json: tagged in 5.4s (event_type=bhajan, lang=hindi, topics=['self-inquiry', 'ego-transformation', 'meditation', 'bhakti', 'spiritual-touch'])
2026-07-09 09:39:10,699 | INFO | enrich_content_tags | tagging Dagshai 2002/05 MAY - 2002/DAGSHAI 27 - 31 MAY 2002 TEACHERS CAMP/30 MAY - 10$ - 7 PM/03 MAIKADA BHI APNA HAI.json (chars=3498, est_tokens=874, strategy=single-pass)
2026-07-09 09:39:14,115 | INFO | enrich_content_tags | Dagshai 2002/05 MAY - 2002/DAGSHAI 27 - 31 MAY 2002 TEACHERS CAMP/30 MAY - 10$ - 7 PM/03 MAIKADA BHI APNA HAI.json: tagged in 3.4s (event_type=bhajan, lang=hindi, topics=['bhajan', 'devotion', 'self-realization', 'materialism', 'spiritual-awakening'])
2026-07-09 09:39:14,116 | INFO | enrich_content_tags | tagging Dagshai 2002/05 MAY - 2002/DAGSHAI 27 - 31 MAY 2002 TEACHERS CAMP/30 MAY - 10$ - 7 PM/04 MAHI O MAHI.json (chars=4056, est_tokens=1014, strategy=single-pass)
2026-07-09 09:39:17,587 | INFO | enrich_content_tags | Dagshai 2002/05 MAY - 2002/DAGSHAI 27 - 31 MAY 2002 TEACHERS CAMP/30 MAY - 10$ - 7 PM/04 MAHI O MAHI.json: tagged in 3.5s (event_type=bhajan, lang=hindi, topics=['bhakti', 'divine-love', 'devotion', 'spiritual-awakening', 'sufi-poetry'])
2026-07-09 09:39:17,588 | INFO | enrich_content_tags | tagging Dagshai 2002/05 MAY - 2002/DAGSHAI 27 - 31 MAY 2002 TEACHERS CAMP/30 MAY - 10$ - 7 PM/05 VAHEGURU VAHEGURU.json (chars=2171, est_tokens=542, strategy=single-pass)
2026-07-09 09:40:13,102 | INFO | enrich_content_tags | Dagshai 2002/05 MAY - 2002/DAGSHAI 27 - 31 MAY 2002 TEACHERS CAMP/30 MAY - 10$ - 7 PM/05 VAHEGURU VAHEGURU.json: tagged in 4.0s (event_type=bhajan, lang=hindi, topics=['bhajan', 'devotion', 'self-inquiry', 'spiritual-questions'])
2026-07-09 09:40:13,104 | INFO | enrich_content_tags | tagging Dagshai 2002/05 MAY - 2002/DAGSHAI 27 - 31 MAY 2002 TEACHERS CAMP/30 MAY - 10$ - 7 PM/06 YE SAIR KYA HAI (1).json (chars=3198, est_tokens=799, strategy=single-pass)
2026-07-09 09:39:25,556 | INFO | enrich_content_tags | Dagshai 2002/05 MAY - 2002/DAGSHAI 27 - 31 MAY 2002 TEACHERS CAMP/30 MAY - 10$ - 7 PM/06 YE SAIR KYA HAI (1).json: tagged in 4.0s (event_type=bhajan, lang=hindi, topics=['self-realization', 'sunset-metaphor', 'inner-darkness', 'spiritual-questions', 'presence-of-god'])
2026-07-09 09:39:25,557 | INFO | enrich_content_tags | tagging Dagshai 2002/05 MAY - 2002/DAGSHAI 27 - 31 MAY 2002 TEACHERS CAMP/30 MAY - 10$ - 7 PM/06 YE SAIR KYA HAI (2).json (chars=2618, est_tokens=654, strategy=single-pass)
2026-07-09 09:39:29,184 | INFO | enrich_content_tags | Dagshai 2002/05 MAY - 2002/DAGSHAI 27 - 31 MAY 2002 TEACHERS CAMP/30 MAY - 10$ - 7 PM/06 YE SAIR KYA HAI (2).json: tagged in 3.6s (event_type=bhajan, lang=hindi, topics=['death-awareness', 'divine-light', 'inner-experience', 'time-passing', 'spiritual-realization'])
2026-07-09 09:39:29,185 | INFO | enrich_content_tags | tagging Dagshai 2002/05 MAY - 2002/DAGSHAI 27 - 31 MAY 2002 TEACHERS CAMP/30 MAY - 10$ - 7 PM/07 HAAL-E-DIL UNKO.json (chars=2022, est_tokens=505, strategy=single-pass)
2026-07-09 09:39:32,089 | INFO | enrich_content_tags | Dagshai 2002/05 MAY - 2002/DAGSHAI 27 - 31 MAY 2002 TEACHERS CAMP/30 MAY - 10$ - 7 PM/07 HAAL-E-DIL UNKO.json: tagged in 2.9s (event_type=bhajan, lang=hindi, topics=['bhakti', 'devotion', 'surrender', 'divine-love', 'spiritual-awakening'])
2026-07-09 09:39:32,091 | INFO | enrich_content_tags | tagging Dagshai 2002/05 MAY - 2002/DAGSHAI 27 - 31 MAY 2002 TEACHERS CAMP/30 MAY - 10$ - 7 PM/08 SAMBODHAN.json (chars=3504, est_tokens=876, strategy=single-pass)
2026-07-09 09:39:36,224 | INFO | enrich_content_tags | Dagshai 2002/05 MAY - 2002/DAGSHAI 27 - 31 MAY 2002 TEACHERS CAMP/30 MAY - 10$ - 7 PM/08 SAMBODHAN.json: tagged in 4.1s (event_type=discourse, lang=hindi, topics=['spiritual-places', 'inner-peace', 'meditation', 'commercialization', 'self-inquiry'])
2026-07-09 09:39:36,225 | INFO | enrich_content_tags | tagging Dagshai 2002/05 MAY - 2002/DAGSHAI 27 - 31 MAY 2002 TEACHERS CAMP/30 MAY - 10$ - 7 PM/09 SARA AALAM JHOOM ROOM.json (chars=3013, est_tokens=753, strategy=single-pass)
2026-07-09 09:39:39,610 | INFO | enrich_content_tags | Dagshai 2002/05 MAY - 2002/DAGSHAI 27 - 31 MAY 2002 TEACHERS CAMP/30 MAY - 10$ - 7 PM/09 SARA AALAM JHOOM ROOM.json: tagged in 3.4s (event_type=bhajan, lang=hindi, topics=['divine-love', 'meditation', 'spiritual-intoxication', 'satsang', 'bhakti'])
2026-07-09 09:39:39,612 | INFO | enrich_content_tags | tagging Dagshai 2002/05 MAY - 2002/DAGSHAI 27 - 31 MAY 2002 TEACHERS CAMP/30 MAY - 10$ - 7 PM/10 SAMBODHAN (1).json (chars=990, est_tokens=247, strategy=single-pass)
2026-07-09 09:39:42,020 | INFO | enrich_content_tags | Dagshai 2002/05 MAY - 2002/DAGSHAI 27 - 31 MAY 2002 TEACHERS CAMP/30 MAY - 10$ - 7 PM/10 SAMBODHAN (1).json: tagged in 2.4s (event_type=bhajan, lang=hindi, topics=['meditation', 'love', 'knowledge', 'spiritual-mastery', 'synthesis'])
2026-07-09 09:39:42,022 | INFO | enrich_content_tags | tagging Dagshai 2002/05 MAY - 2002/DAGSHAI 27 - 31 MAY 2002 TEACHERS CAMP/30 MAY - 10$ - 7 PM/10 SAMBODHAN (2).json (chars=596, est_tokens=149, strategy=single-pass)
2026-07-09 09:39:45,178 | INFO | enrich_content_tags | Dagshai 2002/05 MAY - 2002/DAGSHAI 27 - 31 MAY 2002 TEACHERS CAMP/30 MAY - 10$ - 7 PM/10 SAMBODHAN (2).json: tagged in 3.2s (event_type=bhajan, lang=hindi, topics=['meditation', 'satsang', 'schedule', 'gratitude', 'devotion'])
2026-07-09 09:39:45,180 | INFO | enrich_content_tags | tagging Dagshai 2002/05 MAY - 2002/DAGSHAI 27 - 31 MAY 2002 TEACHERS CAMP/30 MAY - 8$ - 6 AM/01 MEDITATION (1).json (chars=3472, est_tokens=868, strategy=single-pass)
2026-07-09 09:39:48,732 | INFO | enrich_content_tags | Dagshai 2002/05 MAY - 2002/DAGSHAI 27 - 31 MAY 2002 TEACHERS CAMP/30 MAY - 8$ - 6 AM/01 MEDITATION (1).json: tagged in 3.6s (event_type=bhajan, lang=hindi, topics=['meditation', 'self-awareness', 'inner-peace', 'mind-control', 'spiritual-freedom'])
2026-07-09 09:39:48,733 | INFO | enrich_content_tags | tagging Dagshai 2002/05 MAY - 2002/DAGSHAI 27 - 31 MAY 2002 TEACHERS CAMP/30 MAY - 8$ - 6 AM/01 MEDITATION (2).json (chars=4860, est_tokens=1215, strategy=single-pass)
2026-07-09 09:39:52,748 | INFO | enrich_content_tags | Dagshai 2002/05 MAY - 2002/DAGSHAI 27 - 31 MAY 2002 TEACHERS CAMP/30 MAY - 8$ - 6 AM/01 MEDITATION (2).json: tagged in 4.0s (event_type=meditation, lang=hindi, topics=['self-inquiry', 'meditation-practice', 'witness-consciousness', 'inner-peace', 'mind-control'])
2026-07-09 09:39:52,750 | INFO | enrich_content_tags | tagging Dagshai 2002/05 MAY - 2002/DAGSHAI 27 - 31 MAY 2002 TEACHERS CAMP/30 MAY - 8$ - 6 AM/02 MUJHE GURUVAR YAHI VAR DO.json (chars=3606, est_tokens=901, strategy=single-pass)
2026-07-09 09:39:56,319 | INFO | enrich_content_tags | Dagshai 2002/05 MAY - 2002/DAGSHAI 27 - 31 MAY 2002 TEACHERS CAMP/30 MAY - 8$ - 6 AM/02 MUJHE GURUVAR YAHI VAR DO.json: tagged in 3.6s (event_type=bhajan, lang=hindi, topics=['bhajan', 'meditation', 'grace', 'devotion', 'pilgrimage'])
2026-07-09 09:39:56,321 | INFO | enrich_content_tags | tagging Dagshai 2002/05 MAY - 2002/DAGSHAI 27 - 31 MAY 2002 TEACHERS CAMP/30 MAY - 8$ - 6 AM/03 OM GURUVE NAMAH.json (chars=1024, est_tokens=256, strategy=single-pass)
2026-07-09 09:39:59,427 | INFO | enrich_content_tags | Dagshai 2002/05 MAY - 2002/DAGSHAI 27 - 31 MAY 2002 TEACHERS CAMP/30 MAY - 8$ - 6 AM/03 OM GURUVE NAMAH.json: tagged in 3.1s (event_type=bhajan, lang=hindi, topics=['devotional-singing', 'guru-devotion', 'chanting', 'spiritual-practice'])
2026-07-09 09:39:59,428 | INFO | enrich_content_tags | tagging Dagshai 2002/05 MAY - 2002/DAGSHAI 27 - 31 MAY 2002 TEACHERS CAMP/30 MAY - 8$ - 6 AM/04 SAMBODHAN.json (chars=1387, est_tokens=346, strategy=single-pass)
2026-07-09 09:40:02,803 | INFO | enrich_content_tags | Dagshai 2002/05 MAY - 2002/DAGSHAI 27 - 31 MAY 2002 TEACHERS CAMP/30 MAY - 8$ - 6 AM/04 SAMBODHAN.json: tagged in 3.4s (event_type=meditation, lang=mixed, topics=['meditation', 'individual-practice', 'spiritual-discipline', 'guru-dev', 'aura-vibrations'])
2026-07-09 09:40:02,805 | INFO | enrich_content_tags | tagging Dagshai 2002/05 MAY - 2002/DAGSHAI 27 - 31 MAY 2002 TEACHERS CAMP/30 MAY - 9$ - 1130 AM/01 MEDITATION.json (chars=5057, est_tokens=1264, strategy=single-pass)
2026-07-09 09:40:06,638 | INFO | enrich_content_tags | Dagshai 2002/05 MAY - 2002/DAGSHAI 27 - 31 MAY 2002 TEACHERS CAMP/30 MAY - 9$ - 1130 AM/01 MEDITATION.json: tagged in 3.8s (event_type=meditation, lang=hindi, topics=['self-awareness', 'mind-detachment', 'inner-witness', 'meditation-practice', 'self-realization'])
2026-07-09 09:40:06,639 | INFO | enrich_content_tags | tagging Dagshai 2002/05 MAY - 2002/DAGSHAI 27 - 31 MAY 2002 TEACHERS CAMP/30 MAY - 9$ - 1130 AM/02 OM GURUVE NAMAH.json (chars=648, est_tokens=162, strategy=single-pass)
2026-07-09 09:40:09,310 | INFO | enrich_content_tags | Dagshai 2002/05 MAY - 2002/DAGSHAI 27 - 31 MAY 2002 TEACHERS CAMP/30 MAY - 9$ - 1130 AM/02 OM GURUVE NAMAH.json: tagged in 2.6s (event_type=bhajan, lang=sanskrit, topics=['guru-bhakti', 'chanting', 'devotion'])
2026-07-09 09:40:09,311 | INFO | enrich_content_tags | tagging Dagshai 2002/05 MAY - 2002/DAGSHAI 27 - 31 MAY 2002 TEACHERS CAMP/30 MAY - 9$ - 1130 AM/03 DHYAN JAGE MAUN JAGE (1).json (chars=2628, est_tokens=657, strategy=single-pass)
2026-07-09 09:40:12,329 | INFO | enrich_content_tags | Dagshai 2002/05 MAY - 2002/DAGSHAI 27 - 31 MAY 2002 TEACHERS CAMP/30 MAY - 9$ - 1130 AM/03 DHYAN JAGE MAUN JAGE (1).json: tagged in 3.2s (event_type=bhajan, lang=hindi, topics=['meditation', 'devotion', 'self-surrender', 'spiritual-awakening', 'kundalini'])
2026-07-09 09:40:12,330 | INFO | enrich_content_tags | tagging Dagshai 2002/05 MAY - 2002/DAGSHAI 27 - 31 MAY 2002 TEACHERS CAMP/30 MAY - 9$ - 1130 AM/03 DHYAN JAGE MAUN JAGE (2).json (chars=1191, est_tokens=297, strategy=single-pass)
2026-07-09 09:40:15,497 | INFO | enrich_content_tags | Dagshai 2002/05 MAY - 2002/DAGSHAI 27 - 31 MAY 2002 TEACHERS CAMP/30 MAY - 9$ - 1130 AM/03 DHYAN JAGE MAUN JAGE (2).json: tagged in 3.2s (event_type=bhajan, lang=hindi, topics=['bhajan', 'meditation', 'awakening', 'devotion', 'inner-peace'])
2026-07-09 09:40:15,499 | INFO | enrich_content_tags | tagging Dagshai 2002/05 MAY - 2002/DAGSHAI 27 - 31 MAY 2002 TEACHERS CAMP/30 MAY - 9$ - 1130 AM/04 PRAVACHAN.json (chars=1925, est_tokens=481, strategy=single-pass)
2026-07-09 09:40:18,618 | INFO | enrich_content_tags | Dagshai 2002/05 MAY - 2002/DAGSHAI 27 - 31 MAY 2002 TEACHERS CAMP/30 MAY - 9$ - 1130 AM/04 PRAVACHAN.json: tagged in 3.1s (event_type=discourse, lang=hindi, topics=['spiritual-master', 'truthful-friend', 'self-disclosure', 'spiritual-guidance', 'inner-cleansing'])
2026-07-09 09:40:18,620 | INFO | enrich_content_tags | tagging Dagshai 2002/05 MAY - 2002/DAGSHAI 27 - 31 MAY 2002 TEACHERS CAMP/30 MAY - 9$ - 1130 AM/05 QUE - 1.json (chars=809, est_tokens=202, strategy=single-pass)
2026-07-09 09:40:21,457 | INFO | enrich_content_tags | Dagshai 2002/05 MAY - 2002/DAGSHAI 27 - 31 MAY 2002 TEACHERS CAMP/30 MAY - 9$ - 1130 AM/05 QUE - 1.json: tagged in 2.8s (event_type=bhajan, lang=hindi, topics=['thirst-for-divinity', 'complaints', 'spiritual-longing', 'devotion', 'inner-peace'])
2026-07-09 09:40:21,458 | INFO | enrich_content_tags | tagging Dagshai 2002/05 MAY - 2002/DAGSHAI 27 - 31 MAY 2002 TEACHERS CAMP/30 MAY - 9$ - 1130 AM/06 QUE - 2.json (chars=12004, est_tokens=3001, strategy=single-pass)
2026-07-09 09:41:18,291 | INFO | enrich_content_tags | Dagshai 2002/05 MAY - 2002/DAGSHAI 27 - 31 MAY 2002 TEACHERS CAMP/30 MAY - 9$ - 1130 AM/06 QUE - 2.json: tagged in 5.3s (event_type=qa, lang=hindi, topics=['practice-vs-preaching', 'search-for-truth', 'religious-institutions', 'symbols-vs-reality', 'spiritual-journey'])
2026-07-09 09:41:18,293 | INFO | enrich_content_tags | tagging Dagshai 2002/05 MAY - 2002/DAGSHAI 27 - 31 MAY 2002 TEACHERS CAMP/30 MAY - 9$ - 1130 AM/07 QUE - 3.json (chars=11726, est_tokens=2931, strategy=single-pass)
2026-07-09 09:40:31,580 | INFO | enrich_content_tags | Dagshai 2002/05 MAY - 2002/DAGSHAI 27 - 31 MAY 2002 TEACHERS CAMP/30 MAY - 9$ - 1130 AM/07 QUE - 3.json: tagged in 4.8s (event_type=discourse, lang=hindi, topics=['karma-yoga', 'purushartha', 'prarabdha', 'fate-vs-effort', 'self-discipline'])
2026-07-09 09:40:31,582 | INFO | enrich_content_tags | tagging Dagshai 2002/05 MAY - 2002/DAGSHAI 27 - 31 MAY 2002 TEACHERS CAMP/30 MAY - 9$ - 1130 AM/08 QUE - 4.json (chars=16497, est_tokens=4124, strategy=single-pass)
2026-07-09 09:40:37,645 | INFO | enrich_content_tags | Dagshai 2002/05 MAY - 2002/DAGSHAI 27 - 31 MAY 2002 TEACHERS CAMP/30 MAY - 9$ - 1130 AM/08 QUE - 4.json: tagged in 6.0s (event_type=discourse, lang=hindi, topics=['hindu-identity', 'dharma-unity', 'vedic-science', 'swami-vegananda', 'religious-tolerance'])
2026-07-09 09:40:37,647 | INFO | enrich_content_tags | tagging Dagshai 2002/05 MAY - 2002/DAGSHAI 27 - 31 MAY 2002 TEACHERS CAMP/30 MAY - 9$ - 1130 AM/09 QUE - 5 (1).json (chars=1101, est_tokens=275, strategy=single-pass)
2026-07-09 09:40:41,336 | INFO | enrich_content_tags | Dagshai 2002/05 MAY - 2002/DAGSHAI 27 - 31 MAY 2002 TEACHERS CAMP/30 MAY - 9$ - 1130 AM/09 QUE - 5 (1).json: tagged in 3.7s (event_type=bhajan, lang=hindi, topics=['hari-dwar', 'inner-divinity', 'meditation-camp', 'spiritual-symbolism', 'ganga-tirth'])
2026-07-09 09:40:41,338 | INFO | enrich_content_tags | tagging Dagshai 2002/05 MAY - 2002/DAGSHAI 27 - 31 MAY 2002 TEACHERS CAMP/30 MAY - 9$ - 1130 AM/09 QUE - 5 (2).json (chars=1199, est_tokens=299, strategy=single-pass)
2026-07-09 09:40:44,955 | INFO | enrich_content_tags | Dagshai 2002/05 MAY - 2002/DAGSHAI 27 - 31 MAY 2002 TEACHERS CAMP/30 MAY - 9$ - 1130 AM/09 QUE - 5 (2).json: tagged in 3.6s (event_type=bhajan, lang=hindi, topics=['bhajan', 'inner-devotion', 'heart-door', 'spiritual-search', 'ganga-bank'])
2026-07-09 09:40:44,957 | INFO | enrich_content_tags | tagging Dagshai 2002/05 MAY - 2002/DAGSHAI 27 - 31 MAY 2002 TEACHERS CAMP/30 MAY - 9$ - 1130 AM/09 QUE - 5 (3).json (chars=1647, est_tokens=411, strategy=single-pass)
2026-07-09 09:40:48,554 | INFO | enrich_content_tags | Dagshai 2002/05 MAY - 2002/DAGSHAI 27 - 31 MAY 2002 TEACHERS CAMP/30 MAY - 9$ - 1130 AM/09 QUE - 5 (3).json: tagged in 3.6s (event_type=bhajan, lang=hindi, topics=['inner-transformation', 'karma-yoga', 'spiritual-discipleship', 'meditation-camp', 'divine-presence'])
2026-07-09 09:40:48,555 | INFO | enrich_content_tags | tagging Dagshai 2002/05 MAY - 2002/DAGSHAI 27 - 31 MAY 2002 TEACHERS CAMP/30 MAY - 9$ - 1130 AM/10 MUKADDAR AAZMANE AA GAYA.json (chars=9512, est_tokens=2378, strategy=single-pass)
2026-07-09 09:41:04,000 | ERROR | enrich_content_tags | Dagshai 2002/05 MAY - 2002/DAGSHAI 27 - 31 MAY 2002 TEACHERS CAMP/30 MAY - 9$ - 1130 AM/10 MUKADDAR AAZMANE AA GAYA.json: tagging failed (json decode failed: Unterminated string starting at: line 294 column 5 (char 4427)) — dead-letter dead_letter/tag_failures/Dagshai_2002_05_MAY_-_2002_DAGSHAI_27_-_31_MAY_2002_TEACHERS_CAMP_30_MAY_-_9__-_1130_AM_10_MUKADDAR_.8ef37f3bf884.txt
2026-07-09 09:41:04,001 | ERROR | enrich_content_tags | [1614/9168] Dagshai 2002/05 MAY - 2002/DAGSHAI 27 - 31 MAY 2002 TEACHERS CAMP/30 MAY - 9$ - 1130 AM/10 MUKADDAR AAZMANE AA GAYA.json: json decode failed: Unterminated string starting at: line 294 column 5 (char 4427)
2026-07-09 09:41:04,002 | INFO | enrich_content_tags | tagging Dagshai 2002/05 MAY - 2002/DAGSHAI 27 - 31 MAY 2002 TEACHERS CAMP/30 MAY - 9$ - 1130 AM/11 PRAVACHAN.json (chars=6504, est_tokens=1626, strategy=single-pass)
2026-07-09 09:41:10,185 | INFO | enrich_content_tags | Dagshai 2002/05 MAY - 2002/DAGSHAI 27 - 31 MAY 2002 TEACHERS CAMP/30 MAY - 9$ - 1130 AM/11 PRAVACHAN.json: tagged in 6.2s (event_type=discourse, lang=hindi, topics=['peace-of-mind', 'mental-health', 'meditation-camp', 'dharm-samagam', 'organizational-ethics'])
2026-07-09 09:41:10,187 | INFO | enrich_content_tags | tagging Dagshai 2002/05 MAY - 2002/DAGSHAI 27 - 31 MAY 2002 TEACHERS CAMP/30 MAY - 9$ - 1130 AM/12 MAIKHANE MEIN BAITHE.json (chars=13387, est_tokens=3346, strategy=single-pass)
2026-07-09 09:41:15,754 | INFO | enrich_content_tags | Dagshai 2002/05 MAY - 2002/DAGSHAI 27 - 31 MAY 2002 TEACHERS CAMP/30 MAY - 9$ - 1130 AM/12 MAIKHANE MEIN BAITHE.json: tagged in 5.6s (event_type=bhajan, lang=hindi, topics=['guru-shishya', 'self-realization', 'vedic-sutras', 'devotion', 'inner-search'])
2026-07-09 09:41:15,756 | INFO | enrich_content_tags | tagging Dagshai 2002/05 MAY - 2002/DAGSHAI 27 - 31 MAY 2002 TEACHERS CAMP/30 MAY - 9$ - 1130 AM/13 SAMBODHAN.json (chars=600, est_tokens=150, strategy=single-pass)
2026-07-09 09:41:18,695 | INFO | enrich_content_tags | Dagshai 2002/05 MAY - 2002/DAGSHAI 27 - 31 MAY 2002 TEACHERS CAMP/30 MAY - 9$ - 1130 AM/13 SAMBODHAN.json: tagged in 2.9s (event_type=satsang, lang=hindi, topics=['satsang', 'devotion', 'silence', 'gratitude', 'spiritual-discourse'])
2026-07-09 09:41:18,696 | INFO | enrich_content_tags | tagging Dagshai 2002/05 MAY - 2002/DAGSHAI 27 - 31 MAY 2002 TEACHERS CAMP/31 MAY - 11$ - 730 AM/02 MEDITATION.json (chars=2932, est_tokens=733, strategy=single-pass)
2026-07-09 09:41:22,145 | INFO | enrich_content_tags | Dagshai 2002/05 MAY - 2002/DAGSHAI 27 - 31 MAY 2002 TEACHERS CAMP/31 MAY - 11$ - 730 AM/02 MEDITATION.json: tagged in 3.4s (event_type=meditation, lang=hindi, topics=['meditation-practice', 'self-inquiry', 'mind-control', 'inner-peace', 'spiritual-freedom'])
2026-07-09 09:41:22,146 | INFO | enrich_content_tags | tagging Dagshai 2002/05 MAY - 2002/DAGSHAI 27 - 31 MAY 2002 TEACHERS CAMP/31 MAY - 11$ - 730 AM/03 GURUDEV MERE GURUDEV MERE (1).json (chars=10910, est_tokens=2727, strategy=single-pass)
2026-07-09 09:41:28,656 | INFO | enrich_content_tags | Dagshai 2002/05 MAY - 2002/DAGSHAI 27 - 31 MAY 2002 TEACHERS CAMP/31 MAY - 11$ - 730 AM/03 GURUDEV MERE GURUDEV MERE (1).json: tagged in 6.5s (event_type=bhajan, lang=hindi, topics=['ahimsa', 'social-responsibility', 'spiritual-crisis', 'guru-disciple', 'non-violence'])
2026-07-09 09:41:28,657 | INFO | enrich_content_tags | tagging Dagshai 2002/05 MAY - 2002/DAGSHAI 27 - 31 MAY 2002 TEACHERS CAMP/31 MAY - 11$ - 730 AM/03 GURUDEV MERE GURUDEV MERE (2).json (chars=13636, est_tokens=3409, strategy=single-pass)
2026-07-09 09:41:44,924 | ERROR | enrich_content_tags | Dagshai 2002/05 MAY - 2002/DAGSHAI 27 - 31 MAY 2002 TEACHERS CAMP/31 MAY - 11$ - 730 AM/03 GURUDEV MERE GURUDEV MERE (2).json: tagging failed (json decode failed: Unterminated string starting at: line 212 column 5 (char 5491)) — dead-letter dead_letter/tag_failures/Dagshai_2002_05_MAY_-_2002_DAGSHAI_27_-_31_MAY_2002_TEACHERS_CAMP_31_MAY_-_11__-_730_AM_03_GURUDEV_M.bf41ddcdd23d.txt
2026-07-09 09:41:44,924 | ERROR | enrich_content_tags | [1620/9168] Dagshai 2002/05 MAY - 2002/DAGSHAI 27 - 31 MAY 2002 TEACHERS CAMP/31 MAY - 11$ - 730 AM/03 GURUDEV MERE GURUDEV MERE (2).json: json decode failed: Unterminated string starting at: line 212 column 5 (char 5491)
2026-07-09 09:41:44,925 | INFO | enrich_content_tags | tagging Dagshai 2002/05 MAY - 2002/DAGSHAI 27 - 31 MAY 2002 TEACHERS CAMP/31 MAY - 11$ - 730 AM/04 IK NA IK SHAMMA.json (chars=5223, est_tokens=1305, strategy=single-pass)
2026-07-09 09:41:48,737 | INFO | enrich_content_tags | Dagshai 2002/05 MAY - 2002/DAGSHAI 27 - 31 MAY 2002 TEACHERS CAMP/31 MAY - 11$ - 730 AM/04 IK NA IK SHAMMA.json: tagged in 3.8s (event_type=bhajan, lang=hindi, topics=['self-knowledge', 'hiding-wounds', 'inner-peace', 'spiritual-awakening', 'love'])
2026-07-09 09:41:48,739 | INFO | enrich_content_tags | tagging Dagshai 2002/05 MAY - 2002/DAGSHAI 27 - 31 MAY 2002 TEACHERS CAMP/31 MAY - 11$ - 730 AM/05 MAUSAM KOI HO.json (chars=7505, est_tokens=1876, strategy=single-pass)
2026-07-09 09:41:52,354 | INFO | enrich_content_tags | Dagshai 2002/05 MAY - 2002/DAGSHAI 27 - 31 MAY 2002 TEACHERS CAMP/31 MAY - 11$ - 730 AM/05 MAUSAM KOI HO.json: tagged in 3.6s (event_type=bhajan, lang=hindi, topics=['bhajan', 'meditation', 'education', 'parenting', 'spiritual-touch'])
2026-07-09 09:41:52,356 | INFO | enrich_content_tags | tagging Dagshai 2002/05 MAY - 2002/DAGSHAI 27 - 31 MAY 2002 TEACHERS CAMP/31 MAY - 11$ - 730 AM/06 SAMBODHAN.json (chars=6567, est_tokens=1641, strategy=single-pass)
2026-07-09 09:41:56,293 | INFO | enrich_content_tags | Dagshai 2002/05 MAY - 2002/DAGSHAI 27 - 31 MAY 2002 TEACHERS CAMP/31 MAY - 11$ - 730 AM/06 SAMBODHAN.json: tagged in 3.9s (event_type=discourse, lang=hindi, topics=['meditation', 'education', 'love', 'stress-relief', 'teachers-camp'])
2026-07-09 09:41:56,294 | INFO | enrich_content_tags | tagging Dagshai 2002/05 MAY - 2002/DAGSHAI 27 - 31 MAY 2002 TEACHERS CAMP/31 MAY - 11$ - 730 AM/07 OM GURUVE NAMAH.json (chars=377, est_tokens=94, strategy=single-pass)
2026-07-09 09:41:58,568 | INFO | enrich_content_tags | Dagshai 2002/05 MAY - 2002/DAGSHAI 27 - 31 MAY 2002 TEACHERS CAMP/31 MAY - 11$ - 730 AM/07 OM GURUVE NAMAH.json: tagged in 2.3s (event_type=bhajan, lang=sanskrit, topics=['devotion', 'guru-bhakti', 'chanting', 'spiritual-surrender'])
2026-07-09 09:41:58,569 | INFO | enrich_content_tags | tagging Dagshai 2002/05 MAY - 2002/DAGSHAI 27 - 31 MAY 2002 TEACHERS CAMP/31 MAY - 11$ - 730 AM/08 SAMBODHAN.json (chars=1207, est_tokens=301, strategy=single-pass)
2026-07-09 09:42:53,472 | INFO | enrich_content_tags | Dagshai 2002/05 MAY - 2002/DAGSHAI 27 - 31 MAY 2002 TEACHERS CAMP/31 MAY - 11$ - 730 AM/08 SAMBODHAN.json: tagged in 3.4s (event_type=satsang, lang=hindi, topics=['farewell', 'school-staff', 'shimla', 'children-care', 'pranama'])
2026-07-09 09:42:53,473 | INFO | enrich_content_tags | tagging Dagshai 2002/05 MAY - 2002/DAGSHAI 3 - 5 MAY 2002/3 MAY - 1$ - 7 PM/01 MEDITATION.json (chars=2598, est_tokens=649, strategy=single-pass)
2026-07-09 09:42:04,998 | INFO | enrich_content_tags | Dagshai 2002/05 MAY - 2002/DAGSHAI 3 - 5 MAY 2002/3 MAY - 1$ - 7 PM/01 MEDITATION.json: tagged in 3.0s (event_type=meditation, lang=mixed, topics=['meditation', 'self-awareness', 'mindfulness', 'inner-consciousness', 'thoughtlessness'])
2026-07-09 09:42:05,000 | INFO | enrich_content_tags | tagging Dagshai 2002/05 MAY - 2002/DAGSHAI 3 - 5 MAY 2002/3 MAY - 1$ - 7 PM/02 OM GURUVE NAMAH.json (chars=3102, est_tokens=775, strategy=single-pass)
2026-07-09 09:42:08,134 | INFO | enrich_content_tags | Dagshai 2002/05 MAY - 2002/DAGSHAI 3 - 5 MAY 2002/3 MAY - 1$ - 7 PM/02 OM GURUVE NAMAH.json: tagged in 3.1s (event_type=bhajan, lang=hindi, topics=['bhajan', 'guru-bhakti', 'devotional-songs', 'spiritual-surrender'])
2026-07-09 09:42:08,135 | INFO | enrich_content_tags | tagging Dagshai 2002/05 MAY - 2002/DAGSHAI 3 - 5 MAY 2002/3 MAY - 1$ - 7 PM/03 GUM SABHI RAAH KE (1).json (chars=5581, est_tokens=1395, strategy=single-pass)
2026-07-09 09:42:11,600 | INFO | enrich_content_tags | Dagshai 2002/05 MAY - 2002/DAGSHAI 3 - 5 MAY 2002/3 MAY - 1$ - 7 PM/03 GUM SABHI RAAH KE (1).json: tagged in 3.5s (event_type=bhajan, lang=hindi, topics=['bhakti', 'grace', 'suffering', 'love', 'devotion'])
2026-07-09 09:42:11,601 | INFO | enrich_content_tags | tagging Dagshai 2002/05 MAY - 2002/DAGSHAI 3 - 5 MAY 2002/3 MAY - 1$ - 7 PM/03 GUM SABHI RAAH KE (2).json (chars=10363, est_tokens=2590, strategy=single-pass)
2026-07-09 09:42:17,593 | INFO | enrich_content_tags | Dagshai 2002/05 MAY - 2002/DAGSHAI 3 - 5 MAY 2002/3 MAY - 1$ - 7 PM/03 GUM SABHI RAAH KE (2).json: tagged in 6.0s (event_type=bhajan, lang=hindi, topics=['guru-shishya', 'bhakti', 'prem', 'self-surrender', 'vedic-knowledge'])
2026-07-09 09:42:17,594 | INFO | enrich_content_tags | tagging Dagshai 2002/05 MAY - 2002/DAGSHAI 3 - 5 MAY 2002/4 MAY - 2$ - 1130 AM/01 MEDITATION.json (chars=2265, est_tokens=566, strategy=single-pass)
2026-07-09 09:42:21,033 | INFO | enrich_content_tags | Dagshai 2002/05 MAY - 2002/DAGSHAI 3 - 5 MAY 2002/4 MAY - 2$ - 1130 AM/01 MEDITATION.json: tagged in 3.4s (event_type=meditation, lang=mixed, topics=['meditation', 'self-inquiry', 'thoughtlessness', 'inner-vision', 'devotion'])
2026-07-09 09:42:21,034 | INFO | enrich_content_tags | tagging Dagshai 2002/05 MAY - 2002/DAGSHAI 3 - 5 MAY 2002/4 MAY - 2$ - 1130 AM/02 OM GURUVE & JO JO PRABHU.json (chars=5601, est_tokens=1400, strategy=single-pass)
2026-07-09 09:42:24,578 | INFO | enrich_content_tags | Dagshai 2002/05 MAY - 2002/DAGSHAI 3 - 5 MAY 2002/4 MAY - 2$ - 1130 AM/02 OM GURUVE & JO JO PRABHU.json: tagged in 3.5s (event_type=bhajan, lang=hindi, topics=['bhajan', 'devotion', 'guru-bhakti', 'chanting'])
2026-07-09 09:42:24,579 | INFO | enrich_content_tags | tagging Dagshai 2002/05 MAY - 2002/DAGSHAI 3 - 5 MAY 2002/4 MAY - 2$ - 1130 AM/03 JO JO PRABHU KE (1).json (chars=13189, est_tokens=3297, strategy=single-pass)
2026-07-09 09:42:29,801 | INFO | enrich_content_tags | Dagshai 2002/05 MAY - 2002/DAGSHAI 3 - 5 MAY 2002/4 MAY - 2$ - 1130 AM/03 JO JO PRABHU KE (1).json: tagged in 5.2s (event_type=bhajan, lang=hindi, topics=['listening', 'discrimination', 'spiritual-audition', 'bhakti', 'self-realization'])
2026-07-09 09:42:29,803 | INFO | enrich_content_tags | tagging Dagshai 2002/05 MAY - 2002/DAGSHAI 3 - 5 MAY 2002/4 MAY - 2$ - 1130 AM/03 JO JO PRABHU KE (2).json (chars=5078, est_tokens=1269, strategy=single-pass)
2026-07-09 09:42:33,800 | INFO | enrich_content_tags | Dagshai 2002/05 MAY - 2002/DAGSHAI 3 - 5 MAY 2002/4 MAY - 2$ - 1130 AM/03 JO JO PRABHU KE (2).json: tagged in 4.0s (event_type=bhajan, lang=hindi, topics=['present-moment', 'inner-awareness', 'self-inquiry', 'detachment', 'simplicity'])
2026-07-09 09:42:33,801 | INFO | enrich_content_tags | tagging Dagshai 2002/05 MAY - 2002/DAGSHAI 3 - 5 MAY 2002/4 MAY - 2$ - 1130 AM/03 JO JO PRABHU KE (3).json (chars=6618, est_tokens=1654, strategy=single-pass)
2026-07-09 09:42:38,339 | INFO | enrich_content_tags | Dagshai 2002/05 MAY - 2002/DAGSHAI 3 - 5 MAY 2002/4 MAY - 2$ - 1130 AM/03 JO JO PRABHU KE (3).json: tagged in 4.5s (event_type=bhajan, lang=hindi, topics=['bhakti', 'listening', 'surrender', 'devotion', 'spiritual-awakening'])
2026-07-09 09:42:38,340 | INFO | enrich_content_tags | tagging Dagshai 2002/05 MAY - 2002/DAGSHAI 3 - 5 MAY 2002/4 MAY - 2$ - 1130 AM/03 JO JO PRABHU KE (4).json (chars=465, est_tokens=116, strategy=single-pass)
2026-07-09 09:42:41,216 | INFO | enrich_content_tags | Dagshai 2002/05 MAY - 2002/DAGSHAI 3 - 5 MAY 2002/4 MAY - 2$ - 1130 AM/03 JO JO PRABHU KE (4).json: tagged in 2.9s (event_type=bhajan, lang=mixed, topics=['love', 'devotion', 'spiritual-practice', 'inner-divinity'])
2026-07-09 09:42:41,217 | INFO | enrich_content_tags | tagging Dagshai 2002/05 MAY - 2002/DAGSHAI 3 - 5 MAY 2002/4 MAY - 3$ - 7 PM/01 MEDITATION.json (chars=3441, est_tokens=860, strategy=single-pass)
2026-07-09 09:42:44,833 | INFO | enrich_content_tags | Dagshai 2002/05 MAY - 2002/DAGSHAI 3 - 5 MAY 2002/4 MAY - 3$ - 7 PM/01 MEDITATION.json: tagged in 3.6s (event_type=meditation, lang=hindi, topics=['meditation', 'self-awareness', 'mind-control', 'remembrance', 'simplicity'])
2026-07-09 09:42:44,835 | INFO | enrich_content_tags | tagging Dagshai 2002/05 MAY - 2002/DAGSHAI 3 - 5 MAY 2002/4 MAY - 3$ - 7 PM/02 TU NISHANE BENISHAN HAI.json (chars=14491, est_tokens=3622, strategy=single-pass)
2026-07-09 09:42:51,232 | INFO | enrich_content_tags | Dagshai 2002/05 MAY - 2002/DAGSHAI 3 - 5 MAY 2002/4 MAY - 3$ - 7 PM/02 TU NISHANE BENISHAN HAI.json: tagged in 6.4s (event_type=bhajan, lang=hindi, topics=['bhakti', 'devotion', 'surrender', 'female-spirituality', 'grace'])
2026-07-09 09:42:51,234 | INFO | enrich_content_tags | tagging Dagshai 2002/05 MAY - 2002/DAGSHAI 3 - 5 MAY 2002/4 MAY - 3$ - 7 PM/03 SAMBODHAN.json (chars=371, est_tokens=92, strategy=single-pass)
2026-07-09 09:42:53,649 | INFO | enrich_content_tags | Dagshai 2002/05 MAY - 2002/DAGSHAI 3 - 5 MAY 2002/4 MAY - 3$ - 7 PM/03 SAMBODHAN.json: tagged in 2.6s (event_type=satsang, lang=hindi, topics=['devotion', 'prayer', 'spiritual-longing'])
2026-07-09 09:42:53,650 | INFO | enrich_content_tags | tagging Dagshai 2002/05 MAY - 2002/DAGSHAI 3 - 5 MAY 2002/5 MAY - 4$ - 730 AM/01 MEDITATION.json (chars=3654, est_tokens=913, strategy=single-pass)
2026-07-09 09:42:57,361 | INFO | enrich_content_tags | Dagshai 2002/05 MAY - 2002/DAGSHAI 3 - 5 MAY 2002/5 MAY - 4$ - 730 AM/01 MEDITATION.json: tagged in 3.7s (event_type=meditation, lang=hindi, topics=['meditation', 'self-awareness', 'mind-control', 'bhakti', 'transformation'])
2026-07-09 09:42:57,362 | INFO | enrich_content_tags | tagging Dagshai 2002/05 MAY - 2002/DAGSHAI 3 - 5 MAY 2002/5 MAY - 4$ - 730 AM/02 HE MERE GURUDEV KARUNA (1).json (chars=1354, est_tokens=338, strategy=single-pass)
2026-07-09 09:43:00,214 | INFO | enrich_content_tags | Dagshai 2002/05 MAY - 2002/DAGSHAI 3 - 5 MAY 2002/5 MAY - 4$ - 730 AM/02 HE MERE GURUDEV KARUNA (1).json: tagged in 2.9s (event_type=bhajan, lang=hindi, topics=['bhakti', 'guru-grahaan', 'sharanagati', 'bhav-sindhu', 'karuna'])
2026-07-09 09:43:00,215 | INFO | enrich_content_tags | tagging Dagshai 2002/05 MAY - 2002/DAGSHAI 3 - 5 MAY 2002/5 MAY - 4$ - 730 AM/02 HE MERE GURUDEV KARUNA (2).json (chars=34238, est_tokens=8559, strategy=single-pass)
2026-07-09 09:43:20,219 | ERROR | enrich_content_tags | Dagshai 2002/05 MAY - 2002/DAGSHAI 3 - 5 MAY 2002/5 MAY - 4$ - 730 AM/02 HE MERE GURUDEV KARUNA (2).json: tagging failed (json decode failed: Unterminated string starting at: line 5 column 5165 (char 5310)) — dead-letter dead_letter/tag_failures/Dagshai_2002_05_MAY_-_2002_DAGSHAI_3_-_5_MAY_2002_5_MAY_-_4__-_730_AM_02_HE_MERE_GURUDEV_KARUNA__2_..0fc23331da0a.txt
2026-07-09 09:43:20,219 | ERROR | enrich_content_tags | [1641/9168] Dagshai 2002/05 MAY - 2002/DAGSHAI 3 - 5 MAY 2002/5 MAY - 4$ - 730 AM/02 HE MERE GURUDEV KARUNA (2).json: json decode failed: Unterminated string starting at: line 5 column 5165 (char 5310)
2026-07-09 09:43:20,220 | INFO | enrich_content_tags | tagging Dagshai 2002/05 MAY - 2002/DAGSHAI 3 - 5 MAY 2002/5 MAY - 4$ - 730 AM/03 GUM-E-YAAR SE SHIKAYAT (1).json (chars=3249, est_tokens=812, strategy=single-pass)
2026-07-09 09:43:23,814 | INFO | enrich_content_tags | Dagshai 2002/05 MAY - 2002/DAGSHAI 3 - 5 MAY 2002/5 MAY - 4$ - 730 AM/03 GUM-E-YAAR SE SHIKAYAT (1).json: tagged in 3.6s (event_type=bhajan, lang=hindi, topics=['bhajan', 'devotion', 'self-surrender', 'critique-of-intellect', 'love-of-god'])
2026-07-09 09:43:23,815 | INFO | enrich_content_tags | tagging Dagshai 2002/05 MAY - 2002/DAGSHAI 3 - 5 MAY 2002/5 MAY - 4$ - 730 AM/03 GUM-E-YAAR SE SHIKAYAT.json (chars=15785, est_tokens=3946, strategy=single-pass)
2026-07-09 09:43:30,203 | INFO | enrich_content_tags | Dagshai 2002/05 MAY - 2002/DAGSHAI 3 - 5 MAY 2002/5 MAY - 4$ - 730 AM/03 GUM-E-YAAR SE SHIKAYAT.json: tagged in 6.4s (event_type=bhajan, lang=hindi, topics=['bhajan', 'divine-love', 'self-surrender', 'critique-of-thought', 'devotion'])
2026-07-09 09:43:30,205 | INFO | enrich_content_tags | tagging Dagshai 2002/06 JUNE - 2002/13 JUNE - 7 PM/01 MEDITATION.json (chars=1264, est_tokens=316, strategy=single-pass)
2026-07-09 09:43:33,138 | INFO | enrich_content_tags | Dagshai 2002/06 JUNE - 2002/13 JUNE - 7 PM/01 MEDITATION.json: tagged in 2.9s (event_type=meditation, lang=hindi, topics=['self-observation', 'inner-witness', 'meditation-practice', 'independence-from-thoughts', 'spiritual-longing'])
2026-07-09 09:43:33,139 | INFO | enrich_content_tags | tagging Dagshai 2002/06 JUNE - 2002/13 JUNE - 7 PM/02 OM GURUVE NAMAH.json (chars=1176, est_tokens=294, strategy=single-pass)
2026-07-09 09:43:35,430 | INFO | enrich_content_tags | Dagshai 2002/06 JUNE - 2002/13 JUNE - 7 PM/02 OM GURUVE NAMAH.json: tagged in 2.3s (event_type=bhajan, lang=hindi, topics=['guru-bhakti', 'om-chanting', 'devotional-songs'])
2026-07-09 09:43:35,431 | INFO | enrich_content_tags | tagging Dagshai 2002/06 JUNE - 2002/13 JUNE - 7 PM/03 AA TUJHE MAIN GUNGUNANA.json (chars=5960, est_tokens=1490, strategy=single-pass)
2026-07-09 09:43:38,928 | INFO | enrich_content_tags | Dagshai 2002/06 JUNE - 2002/13 JUNE - 7 PM/03 AA TUJHE MAIN GUNGUNANA.json: tagged in 3.5s (event_type=bhajan, lang=hindi, topics=['bhajan', 'self-remembrance', 'inner-transformation', 'divine-love', 'spiritual-awakening'])
2026-07-09 09:43:38,930 | INFO | enrich_content_tags | tagging Dagshai 2002/06 JUNE - 2002/13 JUNE - 7 PM/SECOND RECORDING/01 MEDITATION.json (chars=1131, est_tokens=282, strategy=single-pass)
2026-07-09 09:43:41,571 | INFO | enrich_content_tags | Dagshai 2002/06 JUNE - 2002/13 JUNE - 7 PM/SECOND RECORDING/01 MEDITATION.json: tagged in 2.6s (event_type=meditation, lang=hindi, topics=['self-inquiry', 'inner-witness', 'meditation-practice', 'mind-control', 'spiritual-longing'])
2026-07-09 09:43:41,572 | INFO | enrich_content_tags | tagging Dagshai 2002/06 JUNE - 2002/13 JUNE - 7 PM/SECOND RECORDING/02 OM GURUVE NAMAH.json (chars=1201, est_tokens=300, strategy=single-pass)
2026-07-09 09:43:44,383 | INFO | enrich_content_tags | Dagshai 2002/06 JUNE - 2002/13 JUNE - 7 PM/SECOND RECORDING/02 OM GURUVE NAMAH.json: tagged in 2.8s (event_type=bhajan, lang=hindi, topics=['bhakti', 'guru-devotion', 'chanting', 'spiritual-surrender'])
2026-07-09 09:43:44,384 | INFO | enrich_content_tags | tagging Dagshai 2002/06 JUNE - 2002/13 JUNE - 7 PM/SECOND RECORDING/03 AA TUJHE MAIN GUNGUNANA.json (chars=5803, est_tokens=1450, strategy=single-pass)
2026-07-09 09:43:48,369 | INFO | enrich_content_tags | Dagshai 2002/06 JUNE - 2002/13 JUNE - 7 PM/SECOND RECORDING/03 AA TUJHE MAIN GUNGUNANA.json: tagged in 4.0s (event_type=bhajan, lang=hindi, topics=['bhajan', 'self-inquiry', 'inner-transformation', 'devotion', 'spiritual-awakening'])
2026-07-09 09:43:48,371 | INFO | enrich_content_tags | tagging Dagshai 2002/06 JUNE - 2002/14 JUNE - 7 PM/01 MEDITATION.json (chars=822, est_tokens=205, strategy=single-pass)
2026-07-09 09:43:51,682 | INFO | enrich_content_tags | Dagshai 2002/06 JUNE - 2002/14 JUNE - 7 PM/01 MEDITATION.json: tagged in 3.3s (event_type=meditation, lang=hindi, topics=['meditation', 'inner-purity', 'self-inquiry', 'devotion', 'mindfulness'])
2026-07-09 09:43:51,684 | INFO | enrich_content_tags | tagging Dagshai 2002/06 JUNE - 2002/14 JUNE - 7 PM/02 MERO MAN VAIRAGI.json (chars=12528, est_tokens=3132, strategy=single-pass)
2026-07-09 09:43:56,168 | INFO | enrich_content_tags | Dagshai 2002/06 JUNE - 2002/14 JUNE - 7 PM/02 MERO MAN VAIRAGI.json: tagged in 4.5s (event_type=bhajan, lang=hindi, topics=['meditation', 'hypnotism', 'self-inquiry', 'satsang', 'detachment'])
2026-07-09 09:43:56,170 | INFO | enrich_content_tags | tagging Dagshai 2002/06 JUNE - 2002/14 JUNE - 7 PM/03 OM GURUVE NAMAH.json (chars=783, est_tokens=195, strategy=single-pass)
2026-07-09 09:43:58,441 | INFO | enrich_content_tags | Dagshai 2002/06 JUNE - 2002/14 JUNE - 7 PM/03 OM GURUVE NAMAH.json: tagged in 2.2s (event_type=bhajan, lang=hindi, topics=['guru-bhakti', 'om-chanting', 'spiritual-devotion'])
2026-07-09 09:43:58,442 | INFO | enrich_content_tags | tagging Dagshai 2002/06 JUNE - 2002/14 JUNE - 7 PM/04 SAMBODHAN (1).json (chars=1041, est_tokens=260, strategy=single-pass)
2026-07-09 09:44:01,257 | INFO | enrich_content_tags | Dagshai 2002/06 JUNE - 2002/14 JUNE - 7 PM/04 SAMBODHAN (1).json: tagged in 2.8s (event_type=bhajan, lang=hindi, topics=['guru-bhakti', 'kundalini-shakti', 'jaagat-purush', 'spiritual-energy', 'meditation-technique'])
2026-07-09 09:44:01,258 | INFO | enrich_content_tags | tagging Dagshai 2002/06 JUNE - 2002/14 JUNE - 7 PM/04 SAMBODHAN (2).json (chars=223, est_tokens=55, strategy=single-pass)
2026-07-09 09:44:03,530 | INFO | enrich_content_tags | Dagshai 2002/06 JUNE - 2002/14 JUNE - 7 PM/04 SAMBODHAN (2).json: tagged in 2.3s (event_type=bhajan, lang=hindi, topics=['daily-practice', 'rain-contingency', 'devotion'])
2026-07-09 09:44:03,531 | INFO | enrich_content_tags | tagging Dagshai 2002/06 JUNE - 2002/14 JUNE - 7 PM/04 SAMBODHAN (3).json (chars=1039, est_tokens=259, strategy=single-pass)
2026-07-09 09:44:06,041 | INFO | enrich_content_tags | Dagshai 2002/06 JUNE - 2002/14 JUNE - 7 PM/04 SAMBODHAN (3).json: tagged in 2.5s (event_type=bhajan, lang=hindi, topics=['meditation', 'silence', 'mind-control', 'vibrations', 'spiritual-luck'])
2026-07-09 09:44:06,042 | INFO | enrich_content_tags | tagging Dagshai 2002/06 JUNE - 2002/14 JUNE - 7 PM/MD RECORDING (INCOMPLETE)/02 MERO MAN VAIRAGI.json (chars=11623, est_tokens=2905, strategy=single-pass)
2026-07-09 09:44:10,830 | INFO | enrich_content_tags | Dagshai 2002/06 JUNE - 2002/14 JUNE - 7 PM/MD RECORDING (INCOMPLETE)/02 MERO MAN VAIRAGI.json: tagged in 4.8s (event_type=bhajan, lang=hindi, topics=['meditation', 'hypnotism', 'maya', 'self-inquiry', 'bhakti'])
2026-07-09 09:44:10,832 | INFO | enrich_content_tags | tagging Dagshai 2002/06 JUNE - 2002/14 JUNE - 7 PM/MD RECORDING (INCOMPLETE)/03 OM GURUVE NAMAH.json (chars=792, est_tokens=198, strategy=single-pass)
2026-07-09 09:44:13,049 | INFO | enrich_content_tags | Dagshai 2002/06 JUNE - 2002/14 JUNE - 7 PM/MD RECORDING (INCOMPLETE)/03 OM GURUVE NAMAH.json: tagged in 2.2s (event_type=bhajan, lang=hindi, topics=['guru-bhakti', 'nam-smaran', 'devotional-singing'])
2026-07-09 09:44:13,051 | INFO | enrich_content_tags | tagging Dagshai 2002/06 JUNE - 2002/14 JUNE - 7 PM/MD RECORDING (INCOMPLETE)/04 SAMBODHAN.json (chars=2099, est_tokens=524, strategy=single-pass)
2026-07-09 09:45:07,963 | INFO | enrich_content_tags | Dagshai 2002/06 JUNE - 2002/14 JUNE - 7 PM/MD RECORDING (INCOMPLETE)/04 SAMBODHAN.json: tagged in 3.4s (event_type=meditation, lang=hindi, topics=['meditation', 'chakras', 'kundalini', 'guru-grace', 'mindfulness'])
2026-07-09 09:45:07,965 | INFO | enrich_content_tags | tagging Dagshai 2002/06 JUNE - 2002/15 JUNE - 7 PM/01 MEDITATION.json (chars=785, est_tokens=196, strategy=single-pass)
2026-07-09 09:44:19,118 | INFO | enrich_content_tags | Dagshai 2002/06 JUNE - 2002/15 JUNE - 7 PM/01 MEDITATION.json: tagged in 2.6s (event_type=meditation, lang=hindi, topics=['meditation', 'self-observation', 'inner-witness', 'spiritual-practice'])
2026-07-09 09:44:19,119 | INFO | enrich_content_tags | tagging Dagshai 2002/06 JUNE - 2002/15 JUNE - 7 PM/02 OM GURUVE NAMAH.json (chars=713, est_tokens=178, strategy=single-pass)
2026-07-09 09:44:21,490 | INFO | enrich_content_tags | Dagshai 2002/06 JUNE - 2002/15 JUNE - 7 PM/02 OM GURUVE NAMAH.json: tagged in 2.4s (event_type=bhajan, lang=sanskrit, topics=['guru-bhakti', 'mantra-japa', 'devotional-singing'])
2026-07-09 09:44:21,491 | INFO | enrich_content_tags | tagging Dagshai 2002/06 JUNE - 2002/15 JUNE - 7 PM/03 PYAR NAHI HAI.json (chars=3079, est_tokens=769, strategy=single-pass)
2026-07-09 09:44:23,878 | INFO | enrich_content_tags | Dagshai 2002/06 JUNE - 2002/15 JUNE - 7 PM/03 PYAR NAHI HAI.json: tagged in 2.4s (event_type=bhajan, lang=hindi, topics=['self-love', 'divine-love', 'humanity', 'spiritual-awakening', 'suffering'])
2026-07-09 09:44:23,879 | INFO | enrich_content_tags | tagging Dagshai 2002/06 JUNE - 2002/15 JUNE - 7 PM/04 SAMBODHAN.json (chars=376, est_tokens=94, strategy=single-pass)
2026-07-09 09:44:26,798 | INFO | enrich_content_tags | Dagshai 2002/06 JUNE - 2002/15 JUNE - 7 PM/04 SAMBODHAN.json: tagged in 2.9s (event_type=satsang, lang=hindi, topics=['weather-planning', 'gathering-instructions', 'welcome-attendees'])
2026-07-09 09:44:26,799 | INFO | enrich_content_tags | tagging Dagshai 2002/06 JUNE - 2002/16 JUNE - 11 AM/01 MEDITATION.json (chars=344, est_tokens=86, strategy=single-pass)
2026-07-09 09:44:28,925 | INFO | enrich_content_tags | Dagshai 2002/06 JUNE - 2002/16 JUNE - 11 AM/01 MEDITATION.json: tagged in 2.1s (event_type=meditation, lang=hindi, topics=['meditation', 'chanting', 'devotion'])
2026-07-09 09:44:28,926 | INFO | enrich_content_tags | tagging Dagshai 2002/06 JUNE - 2002/16 JUNE - 11 AM/02 OM GURUVE NAMAH.json (chars=520, est_tokens=130, strategy=single-pass)
2026-07-09 09:44:31,056 | INFO | enrich_content_tags | Dagshai 2002/06 JUNE - 2002/16 JUNE - 11 AM/02 OM GURUVE NAMAH.json: tagged in 2.1s (event_type=bhajan, lang=hindi, topics=['guru-bhakti', 'nam-smaran', 'devotional-singing'])
2026-07-09 09:44:31,058 | INFO | enrich_content_tags | tagging Dagshai 2002/06 JUNE - 2002/16 JUNE - 11 AM/03 MADHAV MAYA PRABAL.json (chars=1258, est_tokens=314, strategy=single-pass)
2026-07-09 09:44:33,435 | INFO | enrich_content_tags | Dagshai 2002/06 JUNE - 2002/16 JUNE - 11 AM/03 MADHAV MAYA PRABAL.json: tagged in 2.3s (event_type=bhajan, lang=hindi, topics=['bhakti', 'maya', 'devotion', 'salvation', 'guru-grace'])
2026-07-09 09:44:33,436 | INFO | enrich_content_tags | tagging Dagshai 2002/06 JUNE - 2002/16 JUNE - 11 AM/05 UTH SONE WALE JAAG.json (chars=511, est_tokens=127, strategy=single-pass)
2026-07-09 09:44:35,804 | INFO | enrich_content_tags | Dagshai 2002/06 JUNE - 2002/16 JUNE - 11 AM/05 UTH SONE WALE JAAG.json: tagged in 2.4s (event_type=bhajan, lang=hindi, topics=['wakefulness', 'spiritual-awakening', 'surrender', 'devotion'])
2026-07-09 09:44:35,805 | INFO | enrich_content_tags | tagging Dagshai 2002/06 JUNE - 2002/18 JUNE - 7 PM/01 MEDITATION.json (chars=14235, est_tokens=3558, strategy=single-pass)
2026-07-09 09:44:40,743 | INFO | enrich_content_tags | Dagshai 2002/06 JUNE - 2002/18 JUNE - 7 PM/01 MEDITATION.json: tagged in 5.0s (event_type=meditation, lang=mixed, topics=['meditation', 'self-inquiry', 'inner-witness', 'ego-transcendence', 'mind-detachment'])
2026-07-09 09:44:40,744 | INFO | enrich_content_tags | tagging Dagshai 2002/06 JUNE - 2002/18 JUNE - 7 PM/02 MAIKHANE MEIN BAITHE (1).json (chars=13700, est_tokens=3425, strategy=single-pass)
2026-07-09 09:44:45,961 | INFO | enrich_content_tags | Dagshai 2002/06 JUNE - 2002/18 JUNE - 7 PM/02 MAIKHANE MEIN BAITHE (1).json: tagged in 5.2s (event_type=bhajan, lang=hindi, topics=['self-inquiry', 'meditation', 'inner-point', 'ego', 'devotion'])
2026-07-09 09:44:45,963 | INFO | enrich_content_tags | tagging Dagshai 2002/06 JUNE - 2002/18 JUNE - 7 PM/02 MAIKHANE MEIN BAITHE (2).json (chars=9966, est_tokens=2491, strategy=single-pass)
2026-07-09 09:44:51,892 | INFO | enrich_content_tags | Dagshai 2002/06 JUNE - 2002/18 JUNE - 7 PM/02 MAIKHANE MEIN BAITHE (2).json: tagged in 5.9s (event_type=bhajan, lang=hindi, topics=['self-inquiry', 'devotion', 'hypocrisy', 'inner-peace', 'spiritual-mastery'])
2026-07-09 09:44:51,894 | INFO | enrich_content_tags | tagging Dagshai 2002/06 JUNE - 2002/18 JUNE - 7 PM/02 MAIKHANE MEIN BAITHE (3).json (chars=511, est_tokens=127, strategy=single-pass)
2026-07-09 09:44:54,524 | INFO | enrich_content_tags | Dagshai 2002/06 JUNE - 2002/18 JUNE - 7 PM/02 MAIKHANE MEIN BAITHE (3).json: tagged in 2.6s (event_type=bhajan, lang=hindi, topics=['self-awareness', 'inner-voice', 'living-truth', 'guru-devotion'])
2026-07-09 09:44:54,525 | INFO | enrich_content_tags | tagging Dagshai 2002/06 JUNE - 2002/18 JUNE - 7 PM/03 OM GURUVE NAMAH.json (chars=3898, est_tokens=974, strategy=single-pass)
2026-07-09 09:45:48,942 | INFO | enrich_content_tags | Dagshai 2002/06 JUNE - 2002/18 JUNE - 7 PM/03 OM GURUVE NAMAH.json: tagged in 3.0s (event_type=bhajan, lang=hindi, topics=['meditation', 'inner-power', 'moral-compass', 'spiritual-longing', 'self-awareness'])
2026-07-09 09:45:48,943 | INFO | enrich_content_tags | tagging Dagshai 2002/06 JUNE - 2002/18 JUNE - 7 PM/04 OM ONKAR.json (chars=183, est_tokens=45, strategy=single-pass)
2026-07-09 09:44:59,449 | INFO | enrich_content_tags | Dagshai 2002/06 JUNE - 2002/18 JUNE - 7 PM/04 OM ONKAR.json: tagged in 2.0s (event_type=bhajan, lang=hindi, topics=['bhajan', 'om-chanting', 'devotion'])
2026-07-09 09:44:59,451 | INFO | enrich_content_tags | tagging Dagshai 2002/06 JUNE - 2002/19 JUNE - 7 PM/01 JAB DAR PE TUMHARE & OM GURUVE NAMAH.json (chars=9541, est_tokens=2385, strategy=single-pass)
2026-07-09 09:45:03,333 | INFO | enrich_content_tags | Dagshai 2002/06 JUNE - 2002/19 JUNE - 7 PM/01 JAB DAR PE TUMHARE & OM GURUVE NAMAH.json: tagged in 3.9s (event_type=bhajan, lang=hindi, topics=['bhajan', 'meditation', 'service', 'self-inquiry', 'spiritual-atmosphere'])
2026-07-09 09:45:03,335 | INFO | enrich_content_tags | tagging Dagshai 2002/06 JUNE - 2002/20 JUNE - 7 PM/01 MEDITATION.json (chars=308, est_tokens=77, strategy=single-pass)
2026-07-09 09:45:05,632 | INFO | enrich_content_tags | Dagshai 2002/06 JUNE - 2002/20 JUNE - 7 PM/01 MEDITATION.json: tagged in 2.3s (event_type=meditation, lang=hindi, topics=['meditation', 'chanting', 'spiritual-practice'])
2026-07-09 09:45:05,633 | INFO | enrich_content_tags | tagging Dagshai 2002/06 JUNE - 2002/20 JUNE - 7 PM/02 OM GURUVE NAMAH.json (chars=1251, est_tokens=312, strategy=single-pass)
2026-07-09 09:45:07,820 | INFO | enrich_content_tags | Dagshai 2002/06 JUNE - 2002/20 JUNE - 7 PM/02 OM GURUVE NAMAH.json: tagged in 2.2s (event_type=bhajan, lang=hindi, topics=['bhajan', 'guru-bhakti', 'devotional-songs', 'spiritual-sound'])
2026-07-09 09:45:07,821 | INFO | enrich_content_tags | tagging Dagshai 2002/06 JUNE - 2002/20 JUNE - 7 PM/03 TERI SURAT JO MAN MEIN.json (chars=3119, est_tokens=779, strategy=single-pass)
2026-07-09 09:45:10,712 | INFO | enrich_content_tags | Dagshai 2002/06 JUNE - 2002/20 JUNE - 7 PM/03 TERI SURAT JO MAN MEIN.json: tagged in 2.9s (event_type=bhajan, lang=hindi, topics=['bhakti', 'devotion', 'inner-peace', 'worldly-illusion', 'divine-presence'])
2026-07-09 09:45:10,714 | INFO | enrich_content_tags | tagging Dagshai 2002/06 JUNE - 2002/20 JUNE - 7 PM/04 PRAVACHAN.json (chars=1622, est_tokens=405, strategy=single-pass)
2026-07-09 09:45:13,785 | INFO | enrich_content_tags | Dagshai 2002/06 JUNE - 2002/20 JUNE - 7 PM/04 PRAVACHAN.json: tagged in 3.1s (event_type=discourse, lang=mixed, topics=['self-inquiry', 'meditation', 'spiritual-journey', 'education-vs-wisdom', 'inner-awakening'])
2026-07-09 09:45:13,786 | INFO | enrich_content_tags | tagging Dagshai 2002/06 JUNE - 2002/21 JUNE - 11 AM/01 MEDITATION.json (chars=1056, est_tokens=264, strategy=single-pass)
2026-07-09 09:45:16,263 | INFO | enrich_content_tags | Dagshai 2002/06 JUNE - 2002/21 JUNE - 11 AM/01 MEDITATION.json: tagged in 2.5s (event_type=meditation, lang=hindi, topics=['self-observation', 'non-duality', 'mindfulness', 'meditation-practice', 'inner-witness'])
2026-07-09 09:45:16,265 | INFO | enrich_content_tags | tagging Dagshai 2002/06 JUNE - 2002/21 JUNE - 11 AM/02 OM GURUVE NAMAH.json (chars=2080, est_tokens=520, strategy=single-pass)
2026-07-09 09:45:18,537 | INFO | enrich_content_tags | Dagshai 2002/06 JUNE - 2002/21 JUNE - 11 AM/02 OM GURUVE NAMAH.json: tagged in 2.3s (event_type=bhajan, lang=hindi, topics=['bhakti', 'guru-bhakti', 'self-realization', 'devotion', 'spiritual-awakening'])
2026-07-09 09:45:18,538 | INFO | enrich_content_tags | tagging Dagshai 2002/06 JUNE - 2002/21 JUNE - 11 AM/03 SAMBODHAN.json (chars=1141, est_tokens=285, strategy=single-pass)
2026-07-09 09:45:23,014 | INFO | enrich_content_tags | Dagshai 2002/06 JUNE - 2002/21 JUNE - 11 AM/03 SAMBODHAN.json: tagged in 4.5s (event_type=meditation, lang=hindi, topics=['meditation-camp', 'silence-maintenance', 'service-attitude', 'discipline-rules', 'spiritual-practice'])
2026-07-09 09:45:23,015 | INFO | enrich_content_tags | tagging Dagshai 2002/06 JUNE - 2002/21 JUNE - 7 PM/01 MEDITATION.json (chars=2958, est_tokens=739, strategy=single-pass)
2026-07-09 09:45:25,834 | INFO | enrich_content_tags | Dagshai 2002/06 JUNE - 2002/21 JUNE - 7 PM/01 MEDITATION.json: tagged in 2.8s (event_type=meditation, lang=hindi, topics=['self-inquiry', 'inner-seeing', 'meditation-practice', 'divine-presence', 'heart-center'])
2026-07-09 09:45:25,835 | INFO | enrich_content_tags | tagging Dagshai 2002/06 JUNE - 2002/21 JUNE - 7 PM/02 OM GURUVE NAMAH.json (chars=1110, est_tokens=277, strategy=single-pass)
2026-07-09 09:45:28,283 | INFO | enrich_content_tags | Dagshai 2002/06 JUNE - 2002/21 JUNE - 7 PM/02 OM GURUVE NAMAH.json: tagged in 2.4s (event_type=bhajan, lang=hindi, topics=['bhakti', 'guru-devotion', 'meditation', 'daily-life-discipline'])
2026-07-09 09:45:28,284 | INFO | enrich_content_tags | tagging Dagshai 2002/06 JUNE - 2002/21 JUNE - 7 PM/03 SAMBODHAN.json (chars=519, est_tokens=129, strategy=single-pass)
2026-07-09 09:45:31,314 | INFO | enrich_content_tags | Dagshai 2002/06 JUNE - 2002/21 JUNE - 7 PM/03 SAMBODHAN.json: tagged in 3.0s (event_type=satsang, lang=mixed, topics=['meditation', 'evening-prayer', 'morning-meditation', 'guru-devotion'])
2026-07-09 09:45:31,315 | INFO | enrich_content_tags | tagging Dagshai 2002/06 JUNE - 2002/22 JUNE - 11 AM/01 MEDITATION.json (chars=4564, est_tokens=1141, strategy=single-pass)
2026-07-09 09:45:35,059 | INFO | enrich_content_tags | Dagshai 2002/06 JUNE - 2002/22 JUNE - 11 AM/01 MEDITATION.json: tagged in 3.7s (event_type=meditation, lang=hindi, topics=['self-inquiry', 'mind-observation', 'inner-peace', 'meditation-practice', 'totality'])
2026-07-09 09:45:35,060 | INFO | enrich_content_tags | tagging Dagshai 2002/06 JUNE - 2002/22 JUNE - 11 AM/02 OM GURUVE NAMAH (1).json (chars=1025, est_tokens=256, strategy=single-pass)
2026-07-09 09:45:37,939 | INFO | enrich_content_tags | Dagshai 2002/06 JUNE - 2002/22 JUNE - 11 AM/02 OM GURUVE NAMAH (1).json: tagged in 2.9s (event_type=bhajan, lang=hindi, topics=['bhajan', 'guru-bhakti', 'jnana-yoga', 'satsang'])
2026-07-09 09:45:37,940 | INFO | enrich_content_tags | tagging Dagshai 2002/06 JUNE - 2002/22 JUNE - 11 AM/02 OM GURUVE NAMAH (2).json (chars=1620, est_tokens=405, strategy=single-pass)
2026-07-09 09:45:40,894 | INFO | enrich_content_tags | Dagshai 2002/06 JUNE - 2002/22 JUNE - 11 AM/02 OM GURUVE NAMAH (2).json: tagged in 3.0s (event_type=bhajan, lang=hindi, topics=['guru-bhakti', 'viveka', 'sat-sang', 'divine-love', 'meditation'])
2026-07-09 09:45:40,896 | INFO | enrich_content_tags | tagging Dagshai 2002/06 JUNE - 2002/22 JUNE - 11 AM/03 SAMBODHAN.json (chars=7449, est_tokens=1862, strategy=single-pass)
2026-07-09 09:45:44,797 | INFO | enrich_content_tags | Dagshai 2002/06 JUNE - 2002/22 JUNE - 11 AM/03 SAMBODHAN.json: tagged in 3.9s (event_type=discourse, lang=hindi, topics=['meditation', 'ego', 'insecurity', 'spiritual-journey', 'self-inquiry'])
2026-07-09 09:45:44,798 | INFO | enrich_content_tags | tagging Dagshai 2002/06 JUNE - 2002/25 JUNE - 7 PM/01 MEDITATION.json (chars=344, est_tokens=86, strategy=single-pass)
2026-07-09 09:45:46,879 | INFO | enrich_content_tags | Dagshai 2002/06 JUNE - 2002/25 JUNE - 7 PM/01 MEDITATION.json: tagged in 2.1s (event_type=meditation, lang=hindi, topics=['meditation', 'chanting', 'devotion'])
2026-07-09 09:45:46,880 | INFO | enrich_content_tags | tagging Dagshai 2002/06 JUNE - 2002/25 JUNE - 7 PM/02 OM GURUVE NAMAH.json (chars=1026, est_tokens=256, strategy=single-pass)
2026-07-09 09:45:49,179 | INFO | enrich_content_tags | Dagshai 2002/06 JUNE - 2002/25 JUNE - 7 PM/02 OM GURUVE NAMAH.json: tagged in 2.3s (event_type=bhajan, lang=hindi, topics=['guru-bhakti', 'om-chanting', 'spiritual-practice'])
2026-07-09 09:45:49,181 | INFO | enrich_content_tags | tagging Dagshai 2002/06 JUNE - 2002/26 JUNE - 7 PM/01 MEDITATION (1).json (chars=557, est_tokens=139, strategy=single-pass)
2026-07-09 09:45:51,529 | INFO | enrich_content_tags | Dagshai 2002/06 JUNE - 2002/26 JUNE - 7 PM/01 MEDITATION (1).json: tagged in 2.3s (event_type=bhajan, lang=hindi, topics=['bhakti', 'devotion', 'self-surrender', 'spiritual-longing'])
2026-07-09 09:45:51,531 | INFO | enrich_content_tags | tagging Dagshai 2002/06 JUNE - 2002/26 JUNE - 7 PM/01 MEDITATION (2).json (chars=387, est_tokens=96, strategy=single-pass)
2026-07-09 09:45:53,724 | INFO | enrich_content_tags | Dagshai 2002/06 JUNE - 2002/26 JUNE - 7 PM/01 MEDITATION (2).json: tagged in 2.2s (event_type=bhajan, lang=hindi, topics=['bhajan', 'chanting', 'devotion', 'guru-bhakti'])
2026-07-09 09:45:53,725 | INFO | enrich_content_tags | tagging Dagshai 2002/06 JUNE - 2002/26 JUNE - 7 PM/02 OM GURUVE NAMAH.json (chars=659, est_tokens=164, strategy=single-pass)
2026-07-09 09:45:55,784 | INFO | enrich_content_tags | Dagshai 2002/06 JUNE - 2002/26 JUNE - 7 PM/02 OM GURUVE NAMAH.json: tagged in 2.1s (event_type=bhajan, lang=sanskrit, topics=['guru-bhakti', 'chanting', 'devotion'])
2026-07-09 09:45:55,785 | INFO | enrich_content_tags | tagging Dagshai 2002/06 JUNE - 2002/26 JUNE - 7 PM/03 OM ONKAR.json (chars=163, est_tokens=40, strategy=single-pass)
2026-07-09 09:45:57,900 | INFO | enrich_content_tags | Dagshai 2002/06 JUNE - 2002/26 JUNE - 7 PM/03 OM ONKAR.json: tagged in 2.1s (event_type=bhajan, lang=hindi, topics=['bhajan', 'om', 'devotion', 'chanting'])
2026-07-09 09:45:57,901 | INFO | enrich_content_tags | tagging Dagshai 2002/06 JUNE - 2002/27 JUNE - 7 PM/01 MEDITATION.json (chars=2376, est_tokens=594, strategy=single-pass)
2026-07-09 09:46:01,068 | INFO | enrich_content_tags | Dagshai 2002/06 JUNE - 2002/27 JUNE - 7 PM/01 MEDITATION.json: tagged in 3.2s (event_type=meditation, lang=hindi, topics=['meditation', 'thoughtlessness', 'self-observation', 'inner-peace', 'spiritual-practice'])
2026-07-09 09:46:01,069 | INFO | enrich_content_tags | tagging Dagshai 2002/06 JUNE - 2002/27 JUNE - 7 PM/02 OM GURUVE NAMAH.json (chars=2009, est_tokens=502, strategy=single-pass)
2026-07-09 09:46:03,492 | INFO | enrich_content_tags | Dagshai 2002/06 JUNE - 2002/27 JUNE - 7 PM/02 OM GURUVE NAMAH.json: tagged in 2.4s (event_type=bhajan, lang=hindi, topics=['bhajan', 'devotion', 'guru-bhakti', 'self-inquiry', 'spiritual-life'])
2026-07-09 09:46:03,494 | INFO | enrich_content_tags | tagging Dagshai 2002/06 JUNE - 2002/7 JUNE - 7 PM/01 MEDITATION.json (chars=12150, est_tokens=3037, strategy=single-pass)
2026-07-09 09:46:08,432 | INFO | enrich_content_tags | Dagshai 2002/06 JUNE - 2002/7 JUNE - 7 PM/01 MEDITATION.json: tagged in 4.9s (event_type=meditation, lang=hindi, topics=['self-inquiry', 'mind-watching', 'detachment', 'inner-cleansing', 'awareness'])
2026-07-09 09:46:08,433 | INFO | enrich_content_tags | tagging Dagshai 2002/06 JUNE - 2002/7 JUNE - 7 PM/02 DHYAN HARI KA.json (chars=10609, est_tokens=2652, strategy=single-pass)
2026-07-09 09:46:13,813 | INFO | enrich_content_tags | Dagshai 2002/06 JUNE - 2002/7 JUNE - 7 PM/02 DHYAN HARI KA.json: tagged in 5.4s (event_type=bhajan, lang=hindi, topics=['meditation', 'self-inquiry', 'introversion', 'mind-temple', 'dharma'])
2026-07-09 09:46:13,815 | INFO | enrich_content_tags | tagging Dagshai 2002/06 JUNE - 2002/7 JUNE - 7 PM/03 OM GURUVE NAMAH (1).json (chars=2182, est_tokens=545, strategy=single-pass)
2026-07-09 09:46:17,000 | INFO | enrich_content_tags | Dagshai 2002/06 JUNE - 2002/7 JUNE - 7 PM/03 OM GURUVE NAMAH (1).json: tagged in 3.2s (event_type=bhajan, lang=hindi, topics=['bhajan', 'devotion', 'self-inquiry', 'guru-grace', 'spiritual-wisdom'])
2026-07-09 09:46:17,002 | INFO | enrich_content_tags | tagging Dagshai 2002/06 JUNE - 2002/7 JUNE - 7 PM/03 OM GURUVE NAMAH (2).json (chars=671, est_tokens=167, strategy=single-pass)
2026-07-09 09:46:31,048 | ERROR | enrich_content_tags | Dagshai 2002/06 JUNE - 2002/7 JUNE - 7 PM/03 OM GURUVE NAMAH (2).json: tagging failed (json decode failed: Unterminated string starting at: line 21 column 20 (char 358)) — dead-letter dead_letter/tag_failures/Dagshai_2002_06_JUNE_-_2002_7_JUNE_-_7_PM_03_OM_GURUVE_NAMAH__2_.json.7da0c40b3e98.txt
2026-07-09 09:46:31,048 | ERROR | enrich_content_tags | [1699/9168] Dagshai 2002/06 JUNE - 2002/7 JUNE - 7 PM/03 OM GURUVE NAMAH (2).json: json decode failed: Unterminated string starting at: line 21 column 20 (char 358)
2026-07-09 09:46:31,049 | INFO | enrich_content_tags | tagging Dagshai 2002/06 JUNE - 2002/7 JUNE - 7 PM/04 SAMBODHAN.json (chars=847, est_tokens=211, strategy=single-pass)
2026-07-09 09:46:34,972 | INFO | enrich_content_tags | Dagshai 2002/06 JUNE - 2002/7 JUNE - 7 PM/04 SAMBODHAN.json: tagged in 3.9s (event_type=meditation, lang=mixed, topics=['meditation', 'vibrations', 'nature', 'morning-practice', 'silence'])
2026-07-09 09:46:34,973 | INFO | enrich_content_tags | tagging Dagshai 2002/06 JUNE - 2002/8 JUNE - 7 PM/02 MEDITATION.json (chars=7150, est_tokens=1787, strategy=single-pass)
2026-07-09 09:46:39,578 | INFO | enrich_content_tags | Dagshai 2002/06 JUNE - 2002/8 JUNE - 7 PM/02 MEDITATION.json: tagged in 4.6s (event_type=meditation, lang=hindi, topics=['meditation', 'self-inquiry', 'mind-witnessing', 'thoughtlessness', 'inner-nature'])
2026-07-09 09:46:39,579 | INFO | enrich_content_tags | tagging Dagshai 2002/06 JUNE - 2002/8 JUNE - 7 PM/03 OM GURUVE NAMAH.json (chars=1537, est_tokens=384, strategy=single-pass)
2026-07-09 09:46:42,243 | INFO | enrich_content_tags | Dagshai 2002/06 JUNE - 2002/8 JUNE - 7 PM/03 OM GURUVE NAMAH.json: tagged in 2.7s (event_type=bhajan, lang=hindi, topics=['guru-bhakti', 'om-guruve-namah', 'devotional-singing', 'spiritual-longing', 'divine-mercy'])
2026-07-09 09:46:42,244 | INFO | enrich_content_tags | tagging Dagshai 2002/06 JUNE - 2002/8 JUNE - 7 PM/04 AISEE KIRPO KARO (1).json (chars=14634, est_tokens=3658, strategy=single-pass)
2026-07-09 09:46:58,792 | ERROR | enrich_content_tags | Dagshai 2002/06 JUNE - 2002/8 JUNE - 7 PM/04 AISEE KIRPO KARO (1).json: tagging failed (json decode failed: Unterminated string starting at: line 5 column 5960 (char 6113)) — dead-letter dead_letter/tag_failures/Dagshai_2002_06_JUNE_-_2002_8_JUNE_-_7_PM_04_AISEE_KIRPO_KARO__1_.json.3fe103901f26.txt
2026-07-09 09:46:58,792 | ERROR | enrich_content_tags | [1703/9168] Dagshai 2002/06 JUNE - 2002/8 JUNE - 7 PM/04 AISEE KIRPO KARO (1).json: json decode failed: Unterminated string starting at: line 5 column 5960 (char 6113)
2026-07-09 09:46:58,794 | INFO | enrich_content_tags | tagging Dagshai 2002/06 JUNE - 2002/8 JUNE - 7 PM/04 AISEE KIRPO KARO (2).json (chars=10414, est_tokens=2603, strategy=single-pass)
2026-07-09 09:47:03,167 | INFO | enrich_content_tags | Dagshai 2002/06 JUNE - 2002/8 JUNE - 7 PM/04 AISEE KIRPO KARO (2).json: tagged in 4.4s (event_type=bhajan, lang=hindi, topics=['dharm-antar', 'guru-shishya', 'self-inquiry', 'bhakti', 'life-as-temple'])
2026-07-09 09:47:03,168 | INFO | enrich_content_tags | tagging Dagshai 2002/06 JUNE - 2002/8 JUNE - 7 PM/04 AISEE KIRPO KARO (3).json (chars=1989, est_tokens=497, strategy=single-pass)
2026-07-09 09:47:06,127 | INFO | enrich_content_tags | Dagshai 2002/06 JUNE - 2002/8 JUNE - 7 PM/04 AISEE KIRPO KARO (3).json: tagged in 3.0s (event_type=bhajan, lang=hindi, topics=['bhajan', 'self-inquiry', 'devotion', 'inner-peace', 'spiritual-life'])
2026-07-09 09:47:06,128 | INFO | enrich_content_tags | tagging Dagshai 2002/06 JUNE - 2002/8 JUNE - 7 PM/04 AISEE KIRPO KARO (4).json (chars=1959, est_tokens=489, strategy=single-pass)
2026-07-09 09:47:10,018 | INFO | enrich_content_tags | Dagshai 2002/06 JUNE - 2002/8 JUNE - 7 PM/04 AISEE KIRPO KARO (4).json: tagged in 4.0s (event_type=bhajan, lang=hindi, topics=['guru-bhakti', 'miraji', 'guru-shishya-sambandh', 'direct-realization', 'guru-tattva'])
2026-07-09 09:47:10,019 | INFO | enrich_content_tags | tagging Dagshai 2002/06 JUNE - 2002/8 JUNE - 7 PM/05 GUM SABHI RAAH KE.json (chars=1825, est_tokens=456, strategy=single-pass)
2026-07-09 09:47:12,388 | INFO | enrich_content_tags | Dagshai 2002/06 JUNE - 2002/8 JUNE - 7 PM/05 GUM SABHI RAAH KE.json: tagged in 2.4s (event_type=bhajan, lang=hindi, topics=['karuna', 'prem', 'bhakti', 'self-inquiry', 'divine-love'])
2026-07-09 09:47:12,389 | INFO | enrich_content_tags | tagging Dagshai 2002/06 JUNE - 2002/8 JUNE - 7 PM/06 OM ONKAR.json (chars=166, est_tokens=41, strategy=single-pass)
2026-07-09 09:47:14,513 | INFO | enrich_content_tags | Dagshai 2002/06 JUNE - 2002/8 JUNE - 7 PM/06 OM ONKAR.json: tagged in 2.1s (event_type=bhajan, lang=hindi, topics=['bhajan', 'om-chanting', 'spiritual-practice'])
2026-07-09 09:47:14,514 | INFO | enrich_content_tags | tagging Dagshai 2002/06 JUNE - 2002/8 JUNE - 7 PM/07 SAMBODHAN.json (chars=769, est_tokens=192, strategy=single-pass)
2026-07-09 09:47:17,831 | INFO | enrich_content_tags | Dagshai 2002/06 JUNE - 2002/8 JUNE - 7 PM/07 SAMBODHAN.json: tagged in 3.3s (event_type=satsang, lang=hindi, topics=['evening-satsang', 'meditation', 'travel-preparation', 'community-service'])
2026-07-09 09:47:17,833 | INFO | enrich_content_tags | tagging Dagshai 2002/06 JUNE - 2002/DAGSHAI 22 - 25 JUNE 2002/22 JUNE - 1$ - 7 PM/01 DHYAN MEIN UTRO & MEDITATION.json (chars=10173, est_tokens=2543, strategy=single-pass)
2026-07-09 09:47:21,726 | INFO | enrich_content_tags | Dagshai 2002/06 JUNE - 2002/DAGSHAI 22 - 25 JUNE 2002/22 JUNE - 1$ - 7 PM/01 DHYAN MEIN UTRO & MEDITATION.json: tagged in 3.9s (event_type=bhajan, lang=hindi, topics=['meditation', 'self-inquiry', 'mind-watching', 'divinity', 'awareness'])
2026-07-09 09:47:21,727 | INFO | enrich_content_tags | tagging Dagshai 2002/06 JUNE - 2002/DAGSHAI 22 - 25 JUNE 2002/22 JUNE - 1$ - 7 PM/02 OM GURUVE NAMAH.json (chars=1419, est_tokens=354, strategy=single-pass)
2026-07-09 09:47:24,478 | INFO | enrich_content_tags | Dagshai 2002/06 JUNE - 2002/DAGSHAI 22 - 25 JUNE 2002/22 JUNE - 1$ - 7 PM/02 OM GURUVE NAMAH.json: tagged in 2.8s (event_type=bhajan, lang=hindi, topics=['bhajan', 'devotion', 'guru-bhakti', 'meditation', 'spiritual-life'])
2026-07-09 09:47:24,479 | INFO | enrich_content_tags | tagging Dagshai 2002/06 JUNE - 2002/DAGSHAI 22 - 25 JUNE 2002/22 JUNE - 1$ - 7 PM/03 BAN KE MERA HUMKADAM (1).json (chars=485, est_tokens=121, strategy=single-pass)
2026-07-09 09:47:27,086 | INFO | enrich_content_tags | Dagshai 2002/06 JUNE - 2002/DAGSHAI 22 - 25 JUNE 2002/22 JUNE - 1$ - 7 PM/03 BAN KE MERA HUMKADAM (1).json: tagged in 2.6s (event_type=bhajan, lang=hindi, topics=['bhajan', 'meditation', 'divine-love', 'spiritual-awakening'])
2026-07-09 09:47:27,087 | INFO | enrich_content_tags | tagging Dagshai 2002/06 JUNE - 2002/DAGSHAI 22 - 25 JUNE 2002/22 JUNE - 1$ - 7 PM/03 BAN KE MERA HUMKADAM (2).json (chars=865, est_tokens=216, strategy=single-pass)
2026-07-09 09:47:29,871 | INFO | enrich_content_tags | Dagshai 2002/06 JUNE - 2002/DAGSHAI 22 - 25 JUNE 2002/22 JUNE - 1$ - 7 PM/03 BAN KE MERA HUMKADAM (2).json: tagged in 2.8s (event_type=bhajan, lang=hindi, topics=['bhajan', 'meditation', 'spiritual-master', 'devotion', 'prayer'])
2026-07-09 09:47:29,872 | INFO | enrich_content_tags | tagging Dagshai 2002/06 JUNE - 2002/DAGSHAI 22 - 25 JUNE 2002/22 JUNE - 1$ - 7 PM/03 BAN KE MERA HUMKADAM (3).json (chars=3826, est_tokens=956, strategy=single-pass)
2026-07-09 09:47:33,255 | INFO | enrich_content_tags | Dagshai 2002/06 JUNE - 2002/DAGSHAI 22 - 25 JUNE 2002/22 JUNE - 1$ - 7 PM/03 BAN KE MERA HUMKADAM (3).json: tagged in 3.4s (event_type=bhajan, lang=hindi, topics=['guru-shishya', 'immortality', 'self-realization', 'divine-power', 'meditation'])
2026-07-09 09:47:33,256 | INFO | enrich_content_tags | tagging Dagshai 2002/06 JUNE - 2002/DAGSHAI 22 - 25 JUNE 2002/22 JUNE - 1$ - 7 PM/04 SAMBODHAN.json (chars=1264, est_tokens=316, strategy=single-pass)
2026-07-09 09:47:36,440 | INFO | enrich_content_tags | Dagshai 2002/06 JUNE - 2002/DAGSHAI 22 - 25 JUNE 2002/22 JUNE - 1$ - 7 PM/04 SAMBODHAN.json: tagged in 3.2s (event_type=discourse, lang=hindi, topics=['self-realization', 'spiritual-journey', 'divine-love', 'soul-searching', 'dharm'])
2026-07-09 09:47:36,441 | INFO | enrich_content_tags | tagging Dagshai 2002/06 JUNE - 2002/DAGSHAI 22 - 25 JUNE 2002/23 JUNE - 2$ - 11 AM/01 MEDITATION.json (chars=2131, est_tokens=532, strategy=single-pass)
2026-07-09 09:47:39,309 | INFO | enrich_content_tags | Dagshai 2002/06 JUNE - 2002/DAGSHAI 22 - 25 JUNE 2002/23 JUNE - 2$ - 11 AM/01 MEDITATION.json: tagged in 2.8s (event_type=meditation, lang=hindi, topics=['self-inquiry', 'mind-control', 'meditation-practice', 'inner-light', 'spiritual-health'])
2026-07-09 09:47:39,310 | INFO | enrich_content_tags | tagging Dagshai 2002/06 JUNE - 2002/DAGSHAI 22 - 25 JUNE 2002/23 JUNE - 2$ - 11 AM/02 SHLOK.json (chars=620, est_tokens=155, strategy=single-pass)
2026-07-09 09:47:42,307 | INFO | enrich_content_tags | Dagshai 2002/06 JUNE - 2002/DAGSHAI 22 - 25 JUNE 2002/23 JUNE - 2$ - 11 AM/02 SHLOK.json: tagged in 3.0s (event_type=bhajan, lang=sanskrit, topics=['divine-nature', 'non-duality', 'spiritual-wealth', 'bhakti', 'self-realization'])
2026-07-09 09:47:42,308 | INFO | enrich_content_tags | tagging Dagshai 2002/06 JUNE - 2002/DAGSHAI 22 - 25 JUNE 2002/23 JUNE - 2$ - 11 AM/03 JAAG JAAG O MANUA.json (chars=18221, est_tokens=4555, strategy=single-pass)
2026-07-09 09:47:48,006 | INFO | enrich_content_tags | Dagshai 2002/06 JUNE - 2002/DAGSHAI 22 - 25 JUNE 2002/23 JUNE - 2$ - 11 AM/03 JAAG JAAG O MANUA.json: tagged in 5.7s (event_type=bhajan, lang=hindi, topics=['self-inquiry', 'duality', 'guru-devotion', 'inner-transformation', 'meditation'])
2026-07-09 09:47:48,008 | INFO | enrich_content_tags | tagging Dagshai 2002/06 JUNE - 2002/DAGSHAI 22 - 25 JUNE 2002/23 JUNE - 2$ - 11 AM/04 PYAR NAHI HAI (1).json (chars=1231, est_tokens=307, strategy=single-pass)
2026-07-09 09:47:50,894 | INFO | enrich_content_tags | Dagshai 2002/06 JUNE - 2002/DAGSHAI 22 - 25 JUNE 2002/23 JUNE - 2$ - 11 AM/04 PYAR NAHI HAI (1).json: tagged in 2.9s (event_type=bhajan, lang=hindi, topics=['self-love', 'divine-love', 'worldly-attachment', 'fear-of-god', 'giving-without-expectation'])
2026-07-09 09:47:50,895 | INFO | enrich_content_tags | tagging Dagshai 2002/06 JUNE - 2002/DAGSHAI 22 - 25 JUNE 2002/23 JUNE - 2$ - 11 AM/04 PYAR NAHI HAI (2).json (chars=920, est_tokens=230, strategy=single-pass)
2026-07-09 09:47:53,932 | INFO | enrich_content_tags | Dagshai 2002/06 JUNE - 2002/DAGSHAI 22 - 25 JUNE 2002/23 JUNE - 2$ - 11 AM/04 PYAR NAHI HAI (2).json: tagged in 3.1s (event_type=bhajan, lang=hindi, topics=['prema', 'bhakti', 'self-inquiry', 'worldly-attachment', 'meditation'])
2026-07-09 09:47:53,934 | INFO | enrich_content_tags | tagging Dagshai 2002/06 JUNE - 2002/DAGSHAI 22 - 25 JUNE 2002/23 JUNE - 2$ - 11 AM/04 PYAR NAHI HAI (3).json (chars=4506, est_tokens=1126, strategy=single-pass)
2026-07-09 09:47:58,165 | INFO | enrich_content_tags | Dagshai 2002/06 JUNE - 2002/DAGSHAI 22 - 25 JUNE 2002/23 JUNE - 2$ - 11 AM/04 PYAR NAHI HAI (3).json: tagged in 4.2s (event_type=bhajan, lang=hindi, topics=['self-love', 'divine-love', 'worldly-attachment', 'spiritual-madness', 'bhakti'])
2026-07-09 09:47:58,167 | INFO | enrich_content_tags | tagging Dagshai 2002/06 JUNE - 2002/DAGSHAI 22 - 25 JUNE 2002/23 JUNE - 2$ - 11 AM/05 PRAVACHAN.json (chars=3349, est_tokens=837, strategy=single-pass)
2026-07-09 09:48:02,119 | INFO | enrich_content_tags | Dagshai 2002/06 JUNE - 2002/DAGSHAI 22 - 25 JUNE 2002/23 JUNE - 2$ - 11 AM/05 PRAVACHAN.json: tagged in 4.0s (event_type=discourse, lang=hindi, topics=['guru-devotion', 'ego-destruction', 'self-knowledge', 'human-dharma', 'spiritual-protection'])
2026-07-09 09:48:02,120 | INFO | enrich_content_tags | tagging Dagshai 2002/06 JUNE - 2002/DAGSHAI 22 - 25 JUNE 2002/23 JUNE - 2$ - 11 AM/06 OM GURUVE NAMAH.json (chars=1965, est_tokens=491, strategy=single-pass)
2026-07-09 09:48:05,006 | INFO | enrich_content_tags | Dagshai 2002/06 JUNE - 2002/DAGSHAI 22 - 25 JUNE 2002/23 JUNE - 2$ - 11 AM/06 OM GURUVE NAMAH.json: tagged in 2.9s (event_type=meditation, lang=mixed, topics=['guru-bhakti', 'self-inquiry', 'bhajan', 'meditation', 'satsang'])
2026-07-09 09:48:05,007 | INFO | enrich_content_tags | tagging Dagshai 2002/06 JUNE - 2002/DAGSHAI 22 - 25 JUNE 2002/23 JUNE - 2$ - 11 AM/07 SAMBODHAN (1).json (chars=2311, est_tokens=577, strategy=single-pass)
2026-07-09 09:48:09,475 | INFO | enrich_content_tags | Dagshai 2002/06 JUNE - 2002/DAGSHAI 22 - 25 JUNE 2002/23 JUNE - 2$ - 11 AM/07 SAMBODHAN (1).json: tagged in 4.5s (event_type=bhajan, lang=hindi, topics=['ahankar', 'alasya', 'guru-shishya', 'bhakti-marga', 'self-inquiry'])
2026-07-09 09:48:09,478 | INFO | enrich_content_tags | tagging Dagshai 2002/06 JUNE - 2002/DAGSHAI 22 - 25 JUNE 2002/23 JUNE - 2$ - 11 AM/07 SAMBODHAN (2).json (chars=890, est_tokens=222, strategy=single-pass)
2026-07-09 09:48:12,984 | INFO | enrich_content_tags | Dagshai 2002/06 JUNE - 2002/DAGSHAI 22 - 25 JUNE 2002/23 JUNE - 2$ - 11 AM/07 SAMBODHAN (2).json: tagged in 3.5s (event_type=bhajan, lang=hindi, topics=['meditation', 'travel-plans', 'community-service', 'devotion'])
2026-07-09 09:48:12,985 | INFO | enrich_content_tags | tagging Dagshai 2002/06 JUNE - 2002/DAGSHAI 22 - 25 JUNE 2002/23 JUNE - 3$ - 7 PM/01 MEDITATION.json (chars=1316, est_tokens=329, strategy=single-pass)
2026-07-09 09:48:15,938 | INFO | enrich_content_tags | Dagshai 2002/06 JUNE - 2002/DAGSHAI 22 - 25 JUNE 2002/23 JUNE - 3$ - 7 PM/01 MEDITATION.json: tagged in 3.0s (event_type=meditation, lang=hindi, topics=['meditation', 'self-inquiry', 'inner-seeing', 'spiritual-longing', 'devotion'])
2026-07-09 09:48:15,939 | INFO | enrich_content_tags | tagging Dagshai 2002/06 JUNE - 2002/DAGSHAI 22 - 25 JUNE 2002/23 JUNE - 3$ - 7 PM/02 OM GURUVE NAMAH.json (chars=681, est_tokens=170, strategy=single-pass)
2026-07-09 09:48:18,190 | INFO | enrich_content_tags | Dagshai 2002/06 JUNE - 2002/DAGSHAI 22 - 25 JUNE 2002/23 JUNE - 3$ - 7 PM/02 OM GURUVE NAMAH.json: tagged in 2.3s (event_type=bhajan, lang=sanskrit, topics=['guru-devotion', 'chanting', 'invocation'])
2026-07-09 09:48:18,191 | INFO | enrich_content_tags | tagging Dagshai 2002/06 JUNE - 2002/DAGSHAI 22 - 25 JUNE 2002/23 JUNE - 3$ - 7 PM/03 SUNI MALKA MERI KOOK.json (chars=5535, est_tokens=1383, strategy=single-pass)
2026-07-09 09:48:21,148 | INFO | enrich_content_tags | Dagshai 2002/06 JUNE - 2002/DAGSHAI 22 - 25 JUNE 2002/23 JUNE - 3$ - 7 PM/03 SUNI MALKA MERI KOOK.json: tagged in 3.0s (event_type=bhajan, lang=hindi, topics=['bhajan', 'devotion', 'self-inquiry', 'forgiveness', 'present-moment'])
2026-07-09 09:48:21,150 | INFO | enrich_content_tags | tagging Dagshai 2002/06 JUNE - 2002/DAGSHAI 22 - 25 JUNE 2002/23 JUNE - 3$ - 7 PM/04 AA TUJHE MAIN GUNGUNANA.json (chars=5330, est_tokens=1332, strategy=single-pass)
2026-07-09 09:48:25,073 | INFO | enrich_content_tags | Dagshai 2002/06 JUNE - 2002/DAGSHAI 22 - 25 JUNE 2002/23 JUNE - 3$ - 7 PM/04 AA TUJHE MAIN GUNGUNANA.json: tagged in 3.9s (event_type=bhajan, lang=hindi, topics=['bhakti', 'self-surrender', 'worldly-renunciation', 'inner-peace', 'spiritual-life'])
2026-07-09 09:48:25,074 | INFO | enrich_content_tags | tagging Dagshai 2002/06 JUNE - 2002/DAGSHAI 22 - 25 JUNE 2002/23 JUNE - 3$ - 7 PM/05 SAMBODHAN.json (chars=1217, est_tokens=304, strategy=single-pass)
2026-07-09 09:48:29,777 | INFO | enrich_content_tags | Dagshai 2002/06 JUNE - 2002/DAGSHAI 22 - 25 JUNE 2002/23 JUNE - 3$ - 7 PM/05 SAMBODHAN.json: tagged in 4.7s (event_type=mixed, lang=hindi, topics=['meditation', 'mind-control', 'evening-satsang', 'morning-meditation', 'welcome-guests'])
2026-07-09 09:48:29,779 | INFO | enrich_content_tags | tagging Dagshai 2002/06 JUNE - 2002/DAGSHAI 22 - 25 JUNE 2002/24 JUNE - 4$ - 11 AM/01 MEDITATION.json (chars=8171, est_tokens=2042, strategy=single-pass)
2026-07-09 09:48:34,634 | INFO | enrich_content_tags | Dagshai 2002/06 JUNE - 2002/DAGSHAI 22 - 25 JUNE 2002/24 JUNE - 4$ - 11 AM/01 MEDITATION.json: tagged in 4.8s (event_type=meditation, lang=hindi, topics=['meditation', 'self-inquiry', 'mind-witnessing', 'present-moment', 'hypnotism'])
2026-07-09 09:48:34,635 | INFO | enrich_content_tags | tagging Dagshai 2002/06 JUNE - 2002/DAGSHAI 22 - 25 JUNE 2002/24 JUNE - 4$ - 11 AM/02 MUJHE GURUVAR YAHI VAR.json (chars=4779, est_tokens=1194, strategy=single-pass)
2026-07-09 09:48:38,587 | INFO | enrich_content_tags | Dagshai 2002/06 JUNE - 2002/DAGSHAI 22 - 25 JUNE 2002/24 JUNE - 4$ - 11 AM/02 MUJHE GURUVAR YAHI VAR.json: tagged in 4.0s (event_type=bhajan, lang=hindi, topics=['bhajan', 'self-awareness', 'meditation', 'life-death', 'inner-mastery'])
2026-07-09 09:48:38,588 | INFO | enrich_content_tags | tagging Dagshai 2002/06 JUNE - 2002/DAGSHAI 22 - 25 JUNE 2002/24 JUNE - 4$ - 11 AM/03 MAIKHANE MEIN BAITHE (1).json (chars=487, est_tokens=121, strategy=single-pass)
2026-07-09 09:48:40,982 | INFO | enrich_content_tags | Dagshai 2002/06 JUNE - 2002/DAGSHAI 22 - 25 JUNE 2002/24 JUNE - 4$ - 11 AM/03 MAIKHANE MEIN BAITHE (1).json: tagged in 2.4s (event_type=bhajan, lang=hindi, topics=['bhajan', 'longing-for-god', 'spiritual-longing', 'devotion'])
2026-07-09 09:48:40,983 | INFO | enrich_content_tags | tagging Dagshai 2002/06 JUNE - 2002/DAGSHAI 22 - 25 JUNE 2002/24 JUNE - 4$ - 11 AM/03 MAIKHANE MEIN BAITHE (2).json (chars=654, est_tokens=163, strategy=single-pass)
2026-07-09 09:48:43,797 | INFO | enrich_content_tags | Dagshai 2002/06 JUNE - 2002/DAGSHAI 22 - 25 JUNE 2002/24 JUNE - 4$ - 11 AM/03 MAIKHANE MEIN BAITHE (2).json: tagged in 2.8s (event_type=bhajan, lang=hindi, topics=['bhajan', 'divine-love', 'self-realization', 'spiritual-power', 'meditation'])
2026-07-09 09:48:43,799 | INFO | enrich_content_tags | tagging Dagshai 2002/06 JUNE - 2002/DAGSHAI 22 - 25 JUNE 2002/24 JUNE - 4$ - 11 AM/03 MAIKHANE MEIN BAITHE (3).json (chars=855, est_tokens=213, strategy=single-pass)
2026-07-09 09:49:37,891 | INFO | enrich_content_tags | Dagshai 2002/06 JUNE - 2002/DAGSHAI 22 - 25 JUNE 2002/24 JUNE - 4$ - 11 AM/03 MAIKHANE MEIN BAITHE (3).json: tagged in 2.6s (event_type=bhajan, lang=hindi, topics=['bhajan', 'spiritual-intoxication', 'life-purpose', 'divine-love', 'meditation'])
2026-07-09 09:49:37,892 | INFO | enrich_content_tags | tagging Dagshai 2002/06 JUNE - 2002/DAGSHAI 22 - 25 JUNE 2002/24 JUNE - 4$ - 11 AM/03 MAIKHANE MEIN BAITHE (4).json (chars=1286, est_tokens=321, strategy=single-pass)
2026-07-09 09:48:49,436 | INFO | enrich_content_tags | Dagshai 2002/06 JUNE - 2002/DAGSHAI 22 - 25 JUNE 2002/24 JUNE - 4$ - 11 AM/03 MAIKHANE MEIN BAITHE (4).json: tagged in 3.0s (event_type=bhajan, lang=hindi, topics=['bhajan', 'prema', 'bhakti', 'self-realization', 'spiritual-power'])
2026-07-09 09:48:49,437 | INFO | enrich_content_tags | tagging Dagshai 2002/06 JUNE - 2002/DAGSHAI 22 - 25 JUNE 2002/24 JUNE - 4$ - 11 AM/03 MAIKHANE MEIN BAITHE (5).json (chars=357, est_tokens=89, strategy=single-pass)
2026-07-09 09:48:51,776 | INFO | enrich_content_tags | Dagshai 2002/06 JUNE - 2002/DAGSHAI 22 - 25 JUNE 2002/24 JUNE - 4$ - 11 AM/03 MAIKHANE MEIN BAITHE (5).json: tagged in 2.3s (event_type=bhajan, lang=hindi, topics=['life-practice', 'action-over-discussion', 'direct-experience'])
2026-07-09 09:48:51,777 | INFO | enrich_content_tags | tagging Dagshai 2002/06 JUNE - 2002/DAGSHAI 22 - 25 JUNE 2002/24 JUNE - 4$ - 11 AM/04 BATON HI BATON MEIN.json (chars=10268, est_tokens=2567, strategy=single-pass)
2026-07-09 09:48:56,073 | INFO | enrich_content_tags | Dagshai 2002/06 JUNE - 2002/DAGSHAI 22 - 25 JUNE 2002/24 JUNE - 4$ - 11 AM/04 BATON HI BATON MEIN.json: tagged in 4.3s (event_type=bhajan, lang=hindi, topics=['bhajan', 'meditation', 'mind-control', 'inner-peace', 'ego'])
2026-07-09 09:48:56,074 | INFO | enrich_content_tags | tagging Dagshai 2002/06 JUNE - 2002/DAGSHAI 22 - 25 JUNE 2002/24 JUNE - 4$ - 11 AM/05 OM ONKAR.json (chars=200, est_tokens=50, strategy=single-pass)
2026-07-09 09:48:58,497 | INFO | enrich_content_tags | Dagshai 2002/06 JUNE - 2002/DAGSHAI 22 - 25 JUNE 2002/24 JUNE - 4$ - 11 AM/05 OM ONKAR.json: tagged in 2.4s (event_type=bhajan, lang=hindi, topics=['bhajan', 'om-onkar', 'devotion', 'chanting'])
2026-07-09 09:48:58,498 | INFO | enrich_content_tags | tagging Dagshai 2002/06 JUNE - 2002/DAGSHAI 22 - 25 JUNE 2002/24 JUNE - 5$ - 7 PM/01 MEDITATION (1).json (chars=897, est_tokens=224, strategy=single-pass)
2026-07-09 09:49:01,871 | INFO | enrich_content_tags | Dagshai 2002/06 JUNE - 2002/DAGSHAI 22 - 25 JUNE 2002/24 JUNE - 5$ - 7 PM/01 MEDITATION (1).json: tagged in 3.4s (event_type=bhajan, lang=hindi, topics=['sandyaa-practice', 'self-inquiry', 'devotion', 'mind-control', 'spiritual-awakening'])
2026-07-09 09:49:01,872 | INFO | enrich_content_tags | tagging Dagshai 2002/06 JUNE - 2002/DAGSHAI 22 - 25 JUNE 2002/24 JUNE - 5$ - 7 PM/01 MEDITATION (2).json (chars=1207, est_tokens=301, strategy=single-pass)
2026-07-09 09:49:04,718 | INFO | enrich_content_tags | Dagshai 2002/06 JUNE - 2002/DAGSHAI 22 - 25 JUNE 2002/24 JUNE - 5$ - 7 PM/01 MEDITATION (2).json: tagged in 2.8s (event_type=bhajan, lang=hindi, topics=['meditation', 'self-awareness', 'divine-love', 'inner-witness', 'spiritual-practice'])
2026-07-09 09:49:04,719 | INFO | enrich_content_tags | tagging Dagshai 2002/06 JUNE - 2002/DAGSHAI 22 - 25 JUNE 2002/24 JUNE - 5$ - 7 PM/01 MEDITATION (3).json (chars=5514, est_tokens=1378, strategy=single-pass)
2026-07-09 09:49:08,559 | INFO | enrich_content_tags | Dagshai 2002/06 JUNE - 2002/DAGSHAI 22 - 25 JUNE 2002/24 JUNE - 5$ - 7 PM/01 MEDITATION (3).json: tagged in 3.8s (event_type=meditation, lang=hindi, topics=['meditation', 'self-awareness', 'mind-control', 'inner-peace', 'devotion'])
2026-07-09 09:49:08,560 | INFO | enrich_content_tags | tagging Dagshai 2002/06 JUNE - 2002/DAGSHAI 22 - 25 JUNE 2002/24 JUNE - 5$ - 7 PM/02 HE MERE GURUDEV KARUNA.json (chars=7840, est_tokens=1960, strategy=single-pass)
2026-07-09 09:49:12,408 | INFO | enrich_content_tags | Dagshai 2002/06 JUNE - 2002/DAGSHAI 22 - 25 JUNE 2002/24 JUNE - 5$ - 7 PM/02 HE MERE GURUDEV KARUNA.json: tagged in 3.8s (event_type=bhajan, lang=hindi, topics=['guru-devotion', 'bhakti-yoga', 'self-inquiry', 'spiritual-relationship', 'surrender'])
2026-07-09 09:49:12,410 | INFO | enrich_content_tags | tagging Dagshai 2002/06 JUNE - 2002/DAGSHAI 22 - 25 JUNE 2002/24 JUNE - 5$ - 7 PM/03 AAYE HAIN TERE MAIKHANE MEIN (1).json (chars=826, est_tokens=206, strategy=single-pass)
2026-07-09 09:49:14,895 | INFO | enrich_content_tags | Dagshai 2002/06 JUNE - 2002/DAGSHAI 22 - 25 JUNE 2002/24 JUNE - 5$ - 7 PM/03 AAYE HAIN TERE MAIKHANE MEIN (1).json: tagged in 2.5s (event_type=bhajan, lang=hindi, topics=['bhakti', 'divine-love', 'spiritual-thirst', 'surrender'])
2026-07-09 09:49:14,896 | INFO | enrich_content_tags | tagging Dagshai 2002/06 JUNE - 2002/DAGSHAI 22 - 25 JUNE 2002/24 JUNE - 5$ - 7 PM/03 AAYE HAIN TERE MAIKHANE MEIN (2).json (chars=1057, est_tokens=264, strategy=single-pass)
2026-07-09 09:50:09,495 | INFO | enrich_content_tags | Dagshai 2002/06 JUNE - 2002/DAGSHAI 22 - 25 JUNE 2002/24 JUNE - 5$ - 7 PM/03 AAYE HAIN TERE MAIKHANE MEIN (2).json: tagged in 3.2s (event_type=bhajan, lang=hindi, topics=['bhajan', 'spiritual-thirst', 'divine-presence', 'devotion', 'satsang'])
2026-07-09 09:50:09,496 | INFO | enrich_content_tags | tagging Dagshai 2002/06 JUNE - 2002/DAGSHAI 22 - 25 JUNE 2002/24 JUNE - 5$ - 7 PM/03 AAYE HAIN TERE MAIKHANE MEIN (3).json (chars=6477, est_tokens=1619, strategy=single-pass)
2026-07-09 09:50:14,345 | INFO | enrich_content_tags | Dagshai 2002/06 JUNE - 2002/DAGSHAI 22 - 25 JUNE 2002/24 JUNE - 5$ - 7 PM/03 AAYE HAIN TERE MAIKHANE MEIN (3).json: tagged in 4.8s (event_type=bhajan, lang=hindi, topics=['bhajan', 'spiritual-longing', 'grace', 'worldly-life', 'devotion'])
2026-07-09 09:50:14,346 | INFO | enrich_content_tags | tagging Dagshai 2002/06 JUNE - 2002/DAGSHAI 22 - 25 JUNE 2002/25 JUNE - 6$ - 7 AM/01 MEDITATION.json (chars=474, est_tokens=118, strategy=single-pass)
2026-07-09 09:49:25,566 | INFO | enrich_content_tags | Dagshai 2002/06 JUNE - 2002/DAGSHAI 22 - 25 JUNE 2002/25 JUNE - 6$ - 7 AM/01 MEDITATION.json: tagged in 2.7s (event_type=meditation, lang=hindi, topics=['meditation', 'chanting', 'devotion'])
2026-07-09 09:49:25,567 | INFO | enrich_content_tags | tagging Dagshai 2002/06 JUNE - 2002/DAGSHAI 22 - 25 JUNE 2002/25 JUNE - 6$ - 7 AM/02 OM GURUVE NAMAH.json (chars=2198, est_tokens=549, strategy=single-pass)
2026-07-09 09:49:28,696 | INFO | enrich_content_tags | Dagshai 2002/06 JUNE - 2002/DAGSHAI 22 - 25 JUNE 2002/25 JUNE - 6$ - 7 AM/02 OM GURUVE NAMAH.json: tagged in 3.1s (event_type=bhajan, lang=hindi, topics=['bhajan', 'guru-bhakti', 'nam-smaran', 'anahad-nad', 'satsang'])
2026-07-09 09:49:28,698 | INFO | enrich_content_tags | tagging Dagshai 2002/06 JUNE - 2002/DAGSHAI 22 - 25 JUNE 2002/25 JUNE - 6$ - 7 AM/03 DHOOL TERE CHARNO KI (1).json (chars=13099, est_tokens=3274, strategy=single-pass)
2026-07-09 09:49:34,458 | INFO | enrich_content_tags | Dagshai 2002/06 JUNE - 2002/DAGSHAI 22 - 25 JUNE 2002/25 JUNE - 6$ - 7 AM/03 DHOOL TERE CHARNO KI (1).json: tagged in 5.8s (event_type=bhajan, lang=hindi, topics=['guru-devotion', 'charan-dhool', 'arjuna-udava', 'surrender', 'bhakti'])
2026-07-09 09:49:34,459 | INFO | enrich_content_tags | tagging Dagshai 2002/06 JUNE - 2002/DAGSHAI 22 - 25 JUNE 2002/25 JUNE - 6$ - 7 AM/03 DHOOL TERE CHARNO KI (2).json (chars=510, est_tokens=127, strategy=single-pass)
2026-07-09 09:49:37,333 | INFO | enrich_content_tags | Dagshai 2002/06 JUNE - 2002/DAGSHAI 22 - 25 JUNE 2002/25 JUNE - 6$ - 7 AM/03 DHOOL TERE CHARNO KI (2).json: tagged in 2.9s (event_type=bhajan, lang=hindi, topics=['bhajan', 'satsang', 'grace', 'compassion', 'sharing'])
2026-07-09 09:49:37,334 | INFO | enrich_content_tags | tagging Dagshai 2002/06 JUNE - 2002/DAGSHAI 22 - 25 JUNE 2002/25 JUNE - 6$ - 7 AM/04 OM ONKAR.json (chars=190, est_tokens=47, strategy=single-pass)
2026-07-09 09:49:39,688 | INFO | enrich_content_tags | Dagshai 2002/06 JUNE - 2002/DAGSHAI 22 - 25 JUNE 2002/25 JUNE - 6$ - 7 AM/04 OM ONKAR.json: tagged in 2.4s (event_type=bhajan, lang=hindi, topics=['bhajan', 'devotion', 'om-chanting'])
2026-07-09 09:49:39,690 | INFO | enrich_content_tags | tagging Dagshai 2002/06 JUNE - 2002/DAGSHAI 2 - 5 JUNE 2002/2 JUNE - 1$ - 7 PM/01 MEDITATION.json (chars=7460, est_tokens=1865, strategy=single-pass)
2026-07-09 09:49:44,096 | INFO | enrich_content_tags | Dagshai 2002/06 JUNE - 2002/DAGSHAI 2 - 5 JUNE 2002/2 JUNE - 1$ - 7 PM/01 MEDITATION.json: tagged in 4.4s (event_type=meditation, lang=hindi, topics=['meditation', 'self-inquiry', 'mind-control', 'inner-light', 'concentration'])
2026-07-09 09:49:44,097 | INFO | enrich_content_tags | tagging Dagshai 2002/06 JUNE - 2002/DAGSHAI 2 - 5 JUNE 2002/2 JUNE - 1$ - 7 PM/02 OM GURUVE NAMAH.json (chars=2207, est_tokens=551, strategy=single-pass)
2026-07-09 09:49:47,506 | INFO | enrich_content_tags | Dagshai 2002/06 JUNE - 2002/DAGSHAI 2 - 5 JUNE 2002/2 JUNE - 1$ - 7 PM/02 OM GURUVE NAMAH.json: tagged in 3.4s (event_type=bhajan, lang=hindi, topics=['guru-bhakti', 'nam-sankirtan', 'jnana-yoga', 'bhakti-marga', 'divine-light'])
2026-07-09 09:49:47,507 | INFO | enrich_content_tags | tagging Dagshai 2002/06 JUNE - 2002/DAGSHAI 2 - 5 JUNE 2002/2 JUNE - 1$ - 7 PM/03 PRAVACHAN.json (chars=4581, est_tokens=1145, strategy=single-pass)
2026-07-09 09:49:51,175 | INFO | enrich_content_tags | Dagshai 2002/06 JUNE - 2002/DAGSHAI 2 - 5 JUNE 2002/2 JUNE - 1$ - 7 PM/03 PRAVACHAN.json: tagged in 3.6s (event_type=discourse, lang=hindi, topics=['inner-education', 'meditation-practice', 'childhood-state', 'self-inquiry', 'karma-yoga'])
2026-07-09 09:49:51,177 | INFO | enrich_content_tags | tagging Dagshai 2002/06 JUNE - 2002/DAGSHAI 2 - 5 JUNE 2002/2 JUNE - 1$ - 7 PM/04 KIS CHEEZ KI KAMI HAI.json (chars=1681, est_tokens=420, strategy=single-pass)
2026-07-09 09:49:53,917 | INFO | enrich_content_tags | Dagshai 2002/06 JUNE - 2002/DAGSHAI 2 - 5 JUNE 2002/2 JUNE - 1$ - 7 PM/04 KIS CHEEZ KI KAMI HAI.json: tagged in 2.7s (event_type=bhajan, lang=hindi, topics=['bhajan', 'devotion', 'gratitude', 'spiritual-realization', 'divine-presence'])
2026-07-09 09:49:53,919 | INFO | enrich_content_tags | tagging Dagshai 2002/06 JUNE - 2002/DAGSHAI 2 - 5 JUNE 2002/2 JUNE - 1$ - 7 PM/05 SAMBODHAN (1).json (chars=1731, est_tokens=432, strategy=single-pass)
2026-07-09 09:49:57,595 | INFO | enrich_content_tags | Dagshai 2002/06 JUNE - 2002/DAGSHAI 2 - 5 JUNE 2002/2 JUNE - 1$ - 7 PM/05 SAMBODHAN (1).json: tagged in 3.7s (event_type=bhajan, lang=hindi, topics=['bhakti-yoga', 'self-surrender', 'prayer', 'meditation', 'divine-love'])
2026-07-09 09:49:57,596 | INFO | enrich_content_tags | tagging Dagshai 2002/06 JUNE - 2002/DAGSHAI 2 - 5 JUNE 2002/2 JUNE - 1$ - 7 PM/05 SAMBODHAN (2).json (chars=2227, est_tokens=556, strategy=single-pass)
2026-07-09 09:50:01,604 | INFO | enrich_content_tags | Dagshai 2002/06 JUNE - 2002/DAGSHAI 2 - 5 JUNE 2002/2 JUNE - 1$ - 7 PM/05 SAMBODHAN (2).json: tagged in 4.0s (event_type=bhajan, lang=hindi, topics=['meditation', 'bhajan', 'yoga', 'self-discipline', 'spiritual-energy'])
2026-07-09 09:50:01,605 | INFO | enrich_content_tags | tagging Dagshai 2002/06 JUNE - 2002/DAGSHAI 2 - 5 JUNE 2002/3 JUNE - 2$ - 615 AM/02 MEDITATION.json (chars=8872, est_tokens=2218, strategy=single-pass)
2026-07-09 09:50:06,126 | INFO | enrich_content_tags | Dagshai 2002/06 JUNE - 2002/DAGSHAI 2 - 5 JUNE 2002/3 JUNE - 2$ - 615 AM/02 MEDITATION.json: tagged in 4.5s (event_type=meditation, lang=mixed, topics=['meditation', 'self-inquiry', 'inner-peace', 'divine-love', 'mind-control'])
2026-07-09 09:50:06,127 | INFO | enrich_content_tags | tagging Dagshai 2002/06 JUNE - 2002/DAGSHAI 2 - 5 JUNE 2002/3 JUNE - 2$ - 615 AM/03 OM GURUVE NAMAH.json (chars=1661, est_tokens=415, strategy=single-pass)
2026-07-09 09:50:09,159 | INFO | enrich_content_tags | Dagshai 2002/06 JUNE - 2002/DAGSHAI 2 - 5 JUNE 2002/3 JUNE - 2$ - 615 AM/03 OM GURUVE NAMAH.json: tagged in 3.0s (event_type=bhajan, lang=hindi, topics=['guru-bhakti', 'devotional-songs', 'spiritual-focus', 'inner-purity'])
2026-07-09 09:50:09,161 | INFO | enrich_content_tags | tagging Dagshai 2002/06 JUNE - 2002/DAGSHAI 2 - 5 JUNE 2002/3 JUNE - 2$ - 615 AM/04 PRAVACHAN.json (chars=2430, est_tokens=607, strategy=single-pass)
2026-07-09 09:50:13,250 | INFO | enrich_content_tags | Dagshai 2002/06 JUNE - 2002/DAGSHAI 2 - 5 JUNE 2002/3 JUNE - 2$ - 615 AM/04 PRAVACHAN.json: tagged in 4.1s (event_type=discourse, lang=hindi, topics=['morning-meditation', 'fear-of-darkness', 'love-of-god', 'self-inquiry', 'bhajan'])
2026-07-09 09:50:13,251 | INFO | enrich_content_tags | tagging Dagshai 2002/06 JUNE - 2002/DAGSHAI 2 - 5 JUNE 2002/3 JUNE - 2$ - 615 AM/05 YE ZINDAGI HAI CHAR DIN.json (chars=1000, est_tokens=250, strategy=single-pass)
2026-07-09 09:50:15,777 | INFO | enrich_content_tags | Dagshai 2002/06 JUNE - 2002/DAGSHAI 2 - 5 JUNE 2002/3 JUNE - 2$ - 615 AM/05 YE ZINDAGI HAI CHAR DIN.json: tagged in 2.5s (event_type=bhajan, lang=hindi, topics=['life-purpose', 'humanity', 'charity', 'divine-joy', 'service'])
2026-07-09 09:50:15,778 | INFO | enrich_content_tags | tagging Dagshai 2002/06 JUNE - 2002/DAGSHAI 2 - 5 JUNE 2002/3 JUNE - 2$ - 615 AM/06 SHLOK.json (chars=270, est_tokens=67, strategy=single-pass)
2026-07-09 09:50:18,307 | INFO | enrich_content_tags | Dagshai 2002/06 JUNE - 2002/DAGSHAI 2 - 5 JUNE 2002/3 JUNE - 2$ - 615 AM/06 SHLOK.json: tagged in 2.5s (event_type=bhajan, lang=sanskrit, topics=['gita-mantra', 'peace', 'bhakti'])
2026-07-09 09:50:18,308 | INFO | enrich_content_tags | tagging Dagshai 2002/06 JUNE - 2002/DAGSHAI 2 - 5 JUNE 2002/3 JUNE - 2$ - 615 AM/07 SAMBODHAN.json (chars=985, est_tokens=246, strategy=single-pass)
2026-07-09 09:50:22,081 | INFO | enrich_content_tags | Dagshai 2002/06 JUNE - 2002/DAGSHAI 2 - 5 JUNE 2002/3 JUNE - 2$ - 615 AM/07 SAMBODHAN.json: tagged in 3.8s (event_type=meditation, lang=hindi, topics=['meditation', 'health-benefits', 'nature-connection', 'spiritual-practice', 'mental-strength'])
2026-07-09 09:50:22,083 | INFO | enrich_content_tags | tagging Dagshai 2002/06 JUNE - 2002/DAGSHAI 2 - 5 JUNE 2002/3 JUNE - 3$ - 1130 AM/02 MEDITATION.json (chars=2567, est_tokens=641, strategy=single-pass)
2026-07-09 09:50:24,874 | INFO | enrich_content_tags | Dagshai 2002/06 JUNE - 2002/DAGSHAI 2 - 5 JUNE 2002/3 JUNE - 3$ - 1130 AM/02 MEDITATION.json: tagged in 2.8s (event_type=meditation, lang=mixed, topics=['meditation', 'self-observation', 'energy-management', 'stress-relief', 'spiritual-practice'])
2026-07-09 09:50:24,875 | INFO | enrich_content_tags | tagging Dagshai 2002/06 JUNE - 2002/DAGSHAI 2 - 5 JUNE 2002/3 JUNE - 3$ - 1130 AM/03 OM GURUVE NAMAH.json (chars=1052, est_tokens=263, strategy=single-pass)
2026-07-09 09:50:38,891 | ERROR | enrich_content_tags | Dagshai 2002/06 JUNE - 2002/DAGSHAI 2 - 5 JUNE 2002/3 JUNE - 3$ - 1130 AM/03 OM GURUVE NAMAH.json: tagging failed (json decode failed: Unterminated string starting at: line 22 column 20 (char 434)) — dead-letter dead_letter/tag_failures/Dagshai_2002_06_JUNE_-_2002_DAGSHAI_2_-_5_JUNE_2002_3_JUNE_-_3__-_1130_AM_03_OM_GURUVE_NAMAH.json.0b72febfe813.txt
2026-07-09 09:50:38,892 | ERROR | enrich_content_tags | [1765/9168] Dagshai 2002/06 JUNE - 2002/DAGSHAI 2 - 5 JUNE 2002/3 JUNE - 3$ - 1130 AM/03 OM GURUVE NAMAH.json: json decode failed: Unterminated string starting at: line 22 column 20 (char 434)
2026-07-09 09:50:38,893 | INFO | enrich_content_tags | tagging Dagshai 2002/06 JUNE - 2002/DAGSHAI 2 - 5 JUNE 2002/3 JUNE - 3$ - 1130 AM/04 HARI JI MERE MAN KO.json (chars=1795, est_tokens=448, strategy=single-pass)
2026-07-09 09:50:41,838 | INFO | enrich_content_tags | Dagshai 2002/06 JUNE - 2002/DAGSHAI 2 - 5 JUNE 2002/3 JUNE - 3$ - 1130 AM/04 HARI JI MERE MAN KO.json: tagged in 2.9s (event_type=bhajan, lang=hindi, topics=['bhakti-yoga', 'inner-divinity', 'devotion', 'spiritual-light', 'surrender'])
2026-07-09 09:50:41,839 | INFO | enrich_content_tags | tagging Dagshai 2002/06 JUNE - 2002/DAGSHAI 2 - 5 JUNE 2002/3 JUNE - 3$ - 1130 AM/05 QUE - 1.json (chars=1609, est_tokens=402, strategy=single-pass)
2026-07-09 09:50:45,067 | INFO | enrich_content_tags | Dagshai 2002/06 JUNE - 2002/DAGSHAI 2 - 5 JUNE 2002/3 JUNE - 3$ - 1130 AM/05 QUE - 1.json: tagged in 3.2s (event_type=qa, lang=hindi, topics=['anger-management', 'forgiveness', 'meditation', 'self-awareness', 'love'])
2026-07-09 09:50:45,068 | INFO | enrich_content_tags | tagging Dagshai 2002/06 JUNE - 2002/DAGSHAI 2 - 5 JUNE 2002/3 JUNE - 3$ - 1130 AM/06 QUE - 2.json (chars=1892, est_tokens=473, strategy=single-pass)
2026-07-09 09:50:48,378 | INFO | enrich_content_tags | Dagshai 2002/06 JUNE - 2002/DAGSHAI 2 - 5 JUNE 2002/3 JUNE - 3$ - 1130 AM/06 QUE - 2.json: tagged in 3.3s (event_type=meditation, lang=hindi, topics=['meditation', 'mind-control', 'self-awareness', 'spiritual-growth', 'bhakti'])
2026-07-09 09:50:48,379 | INFO | enrich_content_tags | tagging Dagshai 2002/06 JUNE - 2002/DAGSHAI 2 - 5 JUNE 2002/3 JUNE - 3$ - 1130 AM/07 MAN SADE AAKHE.json (chars=891, est_tokens=222, strategy=single-pass)
2026-07-09 09:50:51,258 | INFO | enrich_content_tags | Dagshai 2002/06 JUNE - 2002/DAGSHAI 2 - 5 JUNE 2002/3 JUNE - 3$ - 1130 AM/07 MAN SADE AAKHE.json: tagged in 2.9s (event_type=bhajan, lang=hindi, topics=['mind-control', 'karma-yoga', 'bhakti', 'self-discipline'])
2026-07-09 09:50:51,259 | INFO | enrich_content_tags | tagging Dagshai 2002/06 JUNE - 2002/DAGSHAI 2 - 5 JUNE 2002/3 JUNE - 3$ - 1130 AM/08 QUE - 3.json (chars=3382, est_tokens=845, strategy=single-pass)
2026-07-09 09:50:54,809 | INFO | enrich_content_tags | Dagshai 2002/06 JUNE - 2002/DAGSHAI 2 - 5 JUNE 2002/3 JUNE - 3$ - 1130 AM/08 QUE - 3.json: tagged in 3.5s (event_type=qa, lang=mixed, topics=['meditation', 'self-control', 'bad-habits', 'transformation', 'mindfulness'])
2026-07-09 09:50:54,811 | INFO | enrich_content_tags | tagging Dagshai 2002/06 JUNE - 2002/DAGSHAI 2 - 5 JUNE 2002/3 JUNE - 3$ - 1130 AM/09 QUE - 4.json (chars=2018, est_tokens=504, strategy=single-pass)
2026-07-09 09:51:49,569 | INFO | enrich_content_tags | Dagshai 2002/06 JUNE - 2002/DAGSHAI 2 - 5 JUNE 2002/3 JUNE - 3$ - 1130 AM/09 QUE - 4.json: tagged in 3.3s (event_type=bhajan, lang=hindi, topics=['compassion', 'equanimity', 'meditation', 'life-purpose', 'sharing-suffering'])
2026-07-09 09:51:49,570 | INFO | enrich_content_tags | tagging Dagshai 2002/06 JUNE - 2002/DAGSHAI 2 - 5 JUNE 2002/3 JUNE - 3$ - 1130 AM/10 QUE - 5.json (chars=2244, est_tokens=561, strategy=single-pass)
2026-07-09 09:51:01,613 | INFO | enrich_content_tags | Dagshai 2002/06 JUNE - 2002/DAGSHAI 2 - 5 JUNE 2002/3 JUNE - 3$ - 1130 AM/10 QUE - 5.json: tagged in 3.5s (event_type=bhajan, lang=hindi, topics=['meditation', 'spiritual-master', 'inner-awakening', 'divine-guidance', 'self-realization'])
2026-07-09 09:51:01,614 | INFO | enrich_content_tags | tagging Dagshai 2002/06 JUNE - 2002/DAGSHAI 2 - 5 JUNE 2002/3 JUNE - 3$ - 1130 AM/11 QUE - 6.json (chars=2638, est_tokens=659, strategy=single-pass)
2026-07-09 09:51:04,940 | INFO | enrich_content_tags | Dagshai 2002/06 JUNE - 2002/DAGSHAI 2 - 5 JUNE 2002/3 JUNE - 3$ - 1130 AM/11 QUE - 6.json: tagged in 3.3s (event_type=meditation, lang=hindi, topics=['meditation-challenges', 'mind-rebellion', 'spiritual-progress', 'self-mastery', 'negative-thoughts'])
2026-07-09 09:51:04,941 | INFO | enrich_content_tags | tagging Dagshai 2002/06 JUNE - 2002/DAGSHAI 2 - 5 JUNE 2002/3 JUNE - 3$ - 1130 AM/12 QUE - 7.json (chars=2338, est_tokens=584, strategy=single-pass)
2026-07-09 09:51:08,351 | INFO | enrich_content_tags | Dagshai 2002/06 JUNE - 2002/DAGSHAI 2 - 5 JUNE 2002/3 JUNE - 3$ - 1130 AM/12 QUE - 7.json: tagged in 3.4s (event_type=qa, lang=hindi, topics=['anger-management', 'meditation-practice', 'emotional-transformation', 'self-awareness', 'spiritual-healing'])
2026-07-09 09:51:08,352 | INFO | enrich_content_tags | tagging Dagshai 2002/06 JUNE - 2002/DAGSHAI 2 - 5 JUNE 2002/3 JUNE - 3$ - 1130 AM/13 QUE - 8.json (chars=2616, est_tokens=654, strategy=single-pass)
2026-07-09 09:51:11,120 | INFO | enrich_content_tags | Dagshai 2002/06 JUNE - 2002/DAGSHAI 2 - 5 JUNE 2002/3 JUNE - 3$ - 1130 AM/13 QUE - 8.json: tagged in 2.8s (event_type=qa, lang=hindi, topics=['sannyasa', 'inner-peace', 'illusion-of-suffering', 'divine-love', 'self-inquiry'])
2026-07-09 09:51:11,121 | INFO | enrich_content_tags | tagging Dagshai 2002/06 JUNE - 2002/DAGSHAI 2 - 5 JUNE 2002/3 JUNE - 3$ - 1130 AM/14 QUE - 9.json (chars=812, est_tokens=203, strategy=single-pass)
2026-07-09 09:51:14,059 | INFO | enrich_content_tags | Dagshai 2002/06 JUNE - 2002/DAGSHAI 2 - 5 JUNE 2002/3 JUNE - 3$ - 1130 AM/14 QUE - 9.json: tagged in 2.9s (event_type=meditation, lang=hindi, topics=['meditation', 'unconscious-state', 'consciousness', 'spiritual-progress', 'meditation-depth'])
2026-07-09 09:51:14,060 | INFO | enrich_content_tags | tagging Dagshai 2002/06 JUNE - 2002/DAGSHAI 2 - 5 JUNE 2002/3 JUNE - 3$ - 1130 AM/15 QUE - 10.json (chars=1145, est_tokens=286, strategy=single-pass)
2026-07-09 09:51:17,583 | INFO | enrich_content_tags | Dagshai 2002/06 JUNE - 2002/DAGSHAI 2 - 5 JUNE 2002/3 JUNE - 3$ - 1130 AM/15 QUE - 10.json: tagged in 3.5s (event_type=bhajan, lang=hindi, topics=['meditation', 'inner-music', 'anahad-nada', 'heart-touching', 'spiritual-experience'])
2026-07-09 09:51:17,585 | INFO | enrich_content_tags | tagging Dagshai 2002/06 JUNE - 2002/DAGSHAI 2 - 5 JUNE 2002/3 JUNE - 3$ - 1130 AM/16 QUE - 11.json (chars=1919, est_tokens=479, strategy=single-pass)
2026-07-09 09:51:20,852 | INFO | enrich_content_tags | Dagshai 2002/06 JUNE - 2002/DAGSHAI 2 - 5 JUNE 2002/3 JUNE - 3$ - 1130 AM/16 QUE - 11.json: tagged in 3.2s (event_type=meditation, lang=hindi, topics=['meditation-practice', 'inner-focus', 'mind-control', 'fear-and-love', 'self-awareness'])
2026-07-09 09:51:20,854 | INFO | enrich_content_tags | tagging Dagshai 2002/06 JUNE - 2002/DAGSHAI 2 - 5 JUNE 2002/3 JUNE - 3$ - 1130 AM/17 QUE - 12.json (chars=4611, est_tokens=1152, strategy=single-pass)
2026-07-09 09:51:25,851 | INFO | enrich_content_tags | Dagshai 2002/06 JUNE - 2002/DAGSHAI 2 - 5 JUNE 2002/3 JUNE - 3$ - 1130 AM/17 QUE - 12.json: tagged in 5.0s (event_type=bhajan, lang=hindi, topics=['meditation', 'death-transcendence', 'spiritual-energy', 'color-symbolism', 'self-realization'])
2026-07-09 09:51:25,853 | INFO | enrich_content_tags | tagging Dagshai 2002/06 JUNE - 2002/DAGSHAI 2 - 5 JUNE 2002/3 JUNE - 3$ - 1130 AM/18 QUE - 13.json (chars=3037, est_tokens=759, strategy=single-pass)
2026-07-09 09:51:29,510 | INFO | enrich_content_tags | Dagshai 2002/06 JUNE - 2002/DAGSHAI 2 - 5 JUNE 2002/3 JUNE - 3$ - 1130 AM/18 QUE - 13.json: tagged in 3.7s (event_type=qa, lang=hindi, topics=['death', 'reincarnation', 'karma', 'self-realization', 'subtle-body'])
2026-07-09 09:51:29,512 | INFO | enrich_content_tags | tagging Dagshai 2002/06 JUNE - 2002/DAGSHAI 2 - 5 JUNE 2002/3 JUNE - 3$ - 1130 AM/19 APNE DUKH MEIN RONE WALE.json (chars=1106, est_tokens=276, strategy=single-pass)
2026-07-09 09:51:32,312 | INFO | enrich_content_tags | Dagshai 2002/06 JUNE - 2002/DAGSHAI 2 - 5 JUNE 2002/3 JUNE - 3$ - 1130 AM/19 APNE DUKH MEIN RONE WALE.json: tagged in 2.8s (event_type=bhajan, lang=hindi, topics=['self-transformation', 'service', 'karma', 'divine-presence', 'joy-in-suffering'])
2026-07-09 09:51:32,313 | INFO | enrich_content_tags | tagging Dagshai 2002/06 JUNE - 2002/DAGSHAI 2 - 5 JUNE 2002/3 JUNE - 3$ - 1130 AM/20 SAMBODHAN.json (chars=1483, est_tokens=370, strategy=single-pass)
2026-07-09 09:51:35,479 | INFO | enrich_content_tags | Dagshai 2002/06 JUNE - 2002/DAGSHAI 2 - 5 JUNE 2002/3 JUNE - 3$ - 1130 AM/20 SAMBODHAN.json: tagged in 3.2s (event_type=discourse, lang=mixed, topics=['inner-music', 'will-power', 'meditation', 'bad-habits', 'childhood-value'])
2026-07-09 09:51:35,481 | INFO | enrich_content_tags | tagging Dagshai 2002/06 JUNE - 2002/DAGSHAI 2 - 5 JUNE 2002/3 JUNE - 3$ - 1130 AM/21 BATON HI BATON MEIN.json (chars=4172, est_tokens=1043, strategy=single-pass)
2026-07-09 09:51:38,711 | INFO | enrich_content_tags | Dagshai 2002/06 JUNE - 2002/DAGSHAI 2 - 5 JUNE 2002/3 JUNE - 3$ - 1130 AM/21 BATON HI BATON MEIN.json: tagged in 3.2s (event_type=bhajan, lang=hindi, topics=['bhajan', 'meditation', 'sannyasa', 'self-realization', 'divine-love'])
2026-07-09 09:51:38,712 | INFO | enrich_content_tags | tagging Dagshai 2002/06 JUNE - 2002/DAGSHAI 2 - 5 JUNE 2002/3 JUNE - 3$ - 1130 AM/22 SANKALP EK HI HO (1).json (chars=1293, est_tokens=323, strategy=single-pass)
2026-07-09 09:51:41,645 | INFO | enrich_content_tags | Dagshai 2002/06 JUNE - 2002/DAGSHAI 2 - 5 JUNE 2002/3 JUNE - 3$ - 1130 AM/22 SANKALP EK HI HO (1).json: tagged in 2.9s (event_type=bhajan, lang=hindi, topics=['unity-of-purpose', 'human-divinity', 'temple-as-life', 'collective-consciousness', 'spiritual-transformation'])
2026-07-09 09:51:41,646 | INFO | enrich_content_tags | tagging Dagshai 2002/06 JUNE - 2002/DAGSHAI 2 - 5 JUNE 2002/3 JUNE - 3$ - 1130 AM/22 SANKALP EK HI HO (2).json (chars=565, est_tokens=141, strategy=single-pass)
2026-07-09 09:51:44,064 | INFO | enrich_content_tags | Dagshai 2002/06 JUNE - 2002/DAGSHAI 2 - 5 JUNE 2002/3 JUNE - 3$ - 1130 AM/22 SANKALP EK HI HO (2).json: tagged in 2.4s (event_type=bhajan, lang=hindi, topics=['unity', 'interfaith-harmony', 'human-divine-connection', 'sankalp', 'bhakti'])
2026-07-09 09:51:44,065 | INFO | enrich_content_tags | tagging Dagshai 2002/06 JUNE - 2002/DAGSHAI 2 - 5 JUNE 2002/3 JUNE - 3$ - 1130 AM/23 SAMBODHAN.json (chars=1045, est_tokens=261, strategy=single-pass)
2026-07-09 09:51:47,578 | INFO | enrich_content_tags | Dagshai 2002/06 JUNE - 2002/DAGSHAI 2 - 5 JUNE 2002/3 JUNE - 3$ - 1130 AM/23 SAMBODHAN.json: tagged in 3.5s (event_type=qa, lang=hindi, topics=['children-education', 'moral-values', 'yoga-practice', 'school-future'])
2026-07-09 09:51:47,579 | INFO | enrich_content_tags | tagging Dagshai 2002/06 JUNE - 2002/DAGSHAI 2 - 5 JUNE 2002/3 JUNE - 4$ - 630 PM/02 MEDITATION.json (chars=3836, est_tokens=959, strategy=single-pass)
2026-07-09 09:51:51,260 | INFO | enrich_content_tags | Dagshai 2002/06 JUNE - 2002/DAGSHAI 2 - 5 JUNE 2002/3 JUNE - 4$ - 630 PM/02 MEDITATION.json: tagged in 3.7s (event_type=meditation, lang=mixed, topics=['meditation', 'self-inquiry', 'mindfulness', 'inner-peace', 'silence'])
2026-07-09 09:51:51,261 | INFO | enrich_content_tags | tagging Dagshai 2002/06 JUNE - 2002/DAGSHAI 2 - 5 JUNE 2002/3 JUNE - 4$ - 630 PM/03 OM GURUVE NAMAH.json (chars=1538, est_tokens=384, strategy=single-pass)
2026-07-09 09:51:54,184 | INFO | enrich_content_tags | Dagshai 2002/06 JUNE - 2002/DAGSHAI 2 - 5 JUNE 2002/3 JUNE - 4$ - 630 PM/03 OM GURUVE NAMAH.json: tagged in 2.9s (event_type=bhajan, lang=hindi, topics=['guru-bhakti', 'om-chanting', 'spiritual-devotion', 'self-inquiry'])
2026-07-09 09:51:54,185 | INFO | enrich_content_tags | tagging Dagshai 2002/06 JUNE - 2002/DAGSHAI 2 - 5 JUNE 2002/3 JUNE - 4$ - 630 PM/04 PRAVACHAN.json (chars=4530, est_tokens=1132, strategy=single-pass)
2026-07-09 09:51:57,859 | INFO | enrich_content_tags | Dagshai 2002/06 JUNE - 2002/DAGSHAI 2 - 5 JUNE 2002/3 JUNE - 4$ - 630 PM/04 PRAVACHAN.json: tagged in 3.7s (event_type=discourse, lang=hindi, topics=['nothing-impossible', 'meditation', 'self-inquiry', 'surrender', 'inner-wisdom'])
2026-07-09 09:51:57,860 | INFO | enrich_content_tags | tagging Dagshai 2002/06 JUNE - 2002/DAGSHAI 2 - 5 JUNE 2002/3 JUNE - 4$ - 630 PM/05 NA GHAR CHAHIYE.json (chars=1805, est_tokens=451, strategy=single-pass)
2026-07-09 09:52:00,913 | INFO | enrich_content_tags | Dagshai 2002/06 JUNE - 2002/DAGSHAI 2 - 5 JUNE 2002/3 JUNE - 4$ - 630 PM/05 NA GHAR CHAHIYE.json: tagged in 3.1s (event_type=bhajan, lang=hindi, topics=['self-realization', 'divine-love', 'surrender', 'bhakti', 'inner-peace'])
2026-07-09 09:52:00,915 | INFO | enrich_content_tags | tagging Dagshai 2002/06 JUNE - 2002/DAGSHAI 2 - 5 JUNE 2002/3 JUNE - 4$ - 630 PM/06 PUG GHOONGHRU BANDH.json (chars=1850, est_tokens=462, strategy=single-pass)
2026-07-09 09:52:03,769 | INFO | enrich_content_tags | Dagshai 2002/06 JUNE - 2002/DAGSHAI 2 - 5 JUNE 2002/3 JUNE - 4$ - 630 PM/06 PUG GHOONGHRU BANDH.json: tagged in 2.8s (event_type=bhajan, lang=hindi, topics=['bhajan', 'devotion', 'meditation', 'silence', 'spiritual-practice'])
2026-07-09 09:52:03,770 | INFO | enrich_content_tags | tagging Dagshai 2002/06 JUNE - 2002/DAGSHAI 2 - 5 JUNE 2002/3 JUNE - 4$ - 630 PM/07 MEDITATION.json (chars=1114, est_tokens=278, strategy=single-pass)
2026-07-09 09:52:07,112 | INFO | enrich_content_tags | Dagshai 2002/06 JUNE - 2002/DAGSHAI 2 - 5 JUNE 2002/3 JUNE - 4$ - 630 PM/07 MEDITATION.json: tagged in 3.3s (event_type=meditation, lang=mixed, topics=['meditation', 'inner-peace', 'concentration', 'divine-love', 'stress-relief'])
2026-07-09 09:52:07,114 | INFO | enrich_content_tags | tagging Dagshai 2002/06 JUNE - 2002/DAGSHAI 2 - 5 JUNE 2002/3 JUNE - 4$ - 630 PM/08 BHAJMAN NARAYAN.json (chars=1251, est_tokens=312, strategy=single-pass)
2026-07-09 09:52:10,092 | INFO | enrich_content_tags | Dagshai 2002/06 JUNE - 2002/DAGSHAI 2 - 5 JUNE 2002/3 JUNE - 4$ - 630 PM/08 BHAJMAN NARAYAN.json: tagged in 3.0s (event_type=bhajan, lang=hindi, topics=['bhajan', 'narayan', 'devotion', 'meditation', 'guru-bani'])
2026-07-09 09:52:10,093 | INFO | enrich_content_tags | tagging Dagshai 2002/06 JUNE - 2002/DAGSHAI 2 - 5 JUNE 2002/3 JUNE - 4$ - 630 PM/09 SAMBODHAN.json (chars=2658, est_tokens=664, strategy=single-pass)
2026-07-09 09:52:14,864 | INFO | enrich_content_tags | Dagshai 2002/06 JUNE - 2002/DAGSHAI 2 - 5 JUNE 2002/3 JUNE - 4$ - 630 PM/09 SAMBODHAN.json: tagged in 4.8s (event_type=discourse, lang=hindi, topics=['meditation', 'nature', 'safety', 'travel', 'concentration'])
2026-07-09 09:52:14,865 | INFO | enrich_content_tags | tagging Dagshai 2002/06 JUNE - 2002/DAGSHAI 2 - 5 JUNE 2002/3 JUNE - 4$ - 630 PM/10 MAHI O MAHI.json (chars=719, est_tokens=179, strategy=single-pass)
2026-07-09 09:52:17,536 | INFO | enrich_content_tags | Dagshai 2002/06 JUNE - 2002/DAGSHAI 2 - 5 JUNE 2002/3 JUNE - 4$ - 630 PM/10 MAHI O MAHI.json: tagged in 2.7s (event_type=bhajan, lang=hindi, topics=['bhakti', 'devotion', 'divine-love', 'spiritual-awakening'])
2026-07-09 09:52:17,538 | INFO | enrich_content_tags | tagging Dagshai 2002/06 JUNE - 2002/DAGSHAI 2 - 5 JUNE 2002/3 JUNE - 4$ - 630 PM/11 SAMBODHAN.json (chars=4206, est_tokens=1051, strategy=single-pass)
2026-07-09 09:52:21,627 | INFO | enrich_content_tags | Dagshai 2002/06 JUNE - 2002/DAGSHAI 2 - 5 JUNE 2002/3 JUNE - 4$ - 630 PM/11 SAMBODHAN.json: tagged in 4.1s (event_type=discourse, lang=hindi, topics=['devotion', 'self-realization', 'meditation', 'mortality', 'dharma'])
2026-07-09 09:52:21,629 | INFO | enrich_content_tags | tagging Dagshai 2002/06 JUNE - 2002/DAGSHAI 2 - 5 JUNE 2002/4 JUNE - 5$ - 6 AM/02 MEDITATION & OM GURUVE NAMAH.json (chars=8615, est_tokens=2153, strategy=single-pass)
2026-07-09 09:52:25,043 | INFO | enrich_content_tags | Dagshai 2002/06 JUNE - 2002/DAGSHAI 2 - 5 JUNE 2002/4 JUNE - 5$ - 6 AM/02 MEDITATION & OM GURUVE NAMAH.json: tagged in 3.4s (event_type=bhajan, lang=hindi, topics=['meditation', 'self-inquiry', 'mind-control', 'inner-peace', 'spiritual-realization'])
2026-07-09 09:52:25,044 | INFO | enrich_content_tags | tagging Dagshai 2002/06 JUNE - 2002/DAGSHAI 2 - 5 JUNE 2002/4 JUNE - 5$ - 6 AM/03 PRAVACHAN.json (chars=8513, est_tokens=2128, strategy=single-pass)
2026-07-09 09:52:29,885 | INFO | enrich_content_tags | Dagshai 2002/06 JUNE - 2002/DAGSHAI 2 - 5 JUNE 2002/4 JUNE - 5$ - 6 AM/03 PRAVACHAN.json: tagged in 4.8s (event_type=discourse, lang=hindi, topics=['third-eye', 'meditation', 'self-knowledge', 'inner-peace', 'spiritual-growth'])
2026-07-09 09:52:29,887 | INFO | enrich_content_tags | tagging Dagshai 2002/06 JUNE - 2002/DAGSHAI 2 - 5 JUNE 2002/4 JUNE - 5$ - 6 AM/04 RAM MERE GHAR KA.json (chars=4570, est_tokens=1142, strategy=single-pass)
2026-07-09 09:52:32,950 | INFO | enrich_content_tags | Dagshai 2002/06 JUNE - 2002/DAGSHAI 2 - 5 JUNE 2002/4 JUNE - 5$ - 6 AM/04 RAM MERE GHAR KA.json: tagged in 3.1s (event_type=bhajan, lang=hindi, topics=['bhakti', 'hanuman', 'ram-sita', 'love', 'rent'])
2026-07-09 09:52:32,951 | INFO | enrich_content_tags | tagging Dagshai 2002/06 JUNE - 2002/DAGSHAI 2 - 5 JUNE 2002/4 JUNE - 5$ - 6 AM/05 SAMBODHAN.json (chars=1050, est_tokens=262, strategy=single-pass)
2026-07-09 09:52:37,168 | INFO | enrich_content_tags | Dagshai 2002/06 JUNE - 2002/DAGSHAI 2 - 5 JUNE 2002/4 JUNE - 5$ - 6 AM/05 SAMBODHAN.json: tagged in 4.2s (event_type=meditation, lang=mixed, topics=['meditation', 'schedule', 'school-activities', 'questions-and-answers', 'spiritual-practice'])
2026-07-09 09:52:37,169 | INFO | enrich_content_tags | tagging Dagshai 2002/06 JUNE - 2002/DAGSHAI 2 - 5 JUNE 2002/4 JUNE - 6$ - 1130 AM/02 MEDITATION.json (chars=1194, est_tokens=298, strategy=single-pass)
2026-07-09 09:52:39,646 | INFO | enrich_content_tags | Dagshai 2002/06 JUNE - 2002/DAGSHAI 2 - 5 JUNE 2002/4 JUNE - 6$ - 1130 AM/02 MEDITATION.json: tagged in 2.7s (event_type=meditation, lang=hindi, topics=['meditation-practice', 'inner-observation', 'transformation', 'neutral-energy', 'mind-control'])
2026-07-09 09:52:39,648 | INFO | enrich_content_tags | tagging Dagshai 2002/06 JUNE - 2002/DAGSHAI 2 - 5 JUNE 2002/4 JUNE - 6$ - 1130 AM/03 BHEETAR KA RAAG.json (chars=705, est_tokens=176, strategy=single-pass)
2026-07-09 09:52:42,404 | INFO | enrich_content_tags | Dagshai 2002/06 JUNE - 2002/DAGSHAI 2 - 5 JUNE 2002/4 JUNE - 6$ - 1130 AM/03 BHEETAR KA RAAG.json: tagged in 2.8s (event_type=bhajan, lang=hindi, topics=['bhajan', 'meditation', 'inner-sound', 'spiritual-fire', 'devotion'])
2026-07-09 09:52:42,406 | INFO | enrich_content_tags | tagging Dagshai 2002/06 JUNE - 2002/DAGSHAI 2 - 5 JUNE 2002/4 JUNE - 6$ - 1130 AM/04 OM GURUVE NAMAH.json (chars=762, est_tokens=190, strategy=single-pass)
2026-07-09 09:52:44,978 | INFO | enrich_content_tags | Dagshai 2002/06 JUNE - 2002/DAGSHAI 2 - 5 JUNE 2002/4 JUNE - 6$ - 1130 AM/04 OM GURUVE NAMAH.json: tagged in 2.6s (event_type=bhajan, lang=hindi, topics=['guru-bhakti', 'nam-smaran', 'devotional-singing'])
2026-07-09 09:52:44,979 | INFO | enrich_content_tags | tagging Dagshai 2002/06 JUNE - 2002/DAGSHAI 2 - 5 JUNE 2002/4 JUNE - 6$ - 1130 AM/05 SAMBODHAN & QUE - 1, 2.json (chars=4743, est_tokens=1185, strategy=single-pass)
2026-07-09 09:52:48,714 | INFO | enrich_content_tags | Dagshai 2002/06 JUNE - 2002/DAGSHAI 2 - 5 JUNE 2002/4 JUNE - 6$ - 1130 AM/05 SAMBODHAN & QUE - 1, 2.json: tagged in 3.7s (event_type=mixed, lang=hindi, topics=['self-inquiry', 'meditation', 'duality', 'mind-control', 'love-hate'])
2026-07-09 09:52:48,716 | INFO | enrich_content_tags | tagging Dagshai 2002/06 JUNE - 2002/DAGSHAI 2 - 5 JUNE 2002/4 JUNE - 6$ - 1130 AM/06 QUE - 3, 4.json (chars=2527, est_tokens=631, strategy=single-pass)
2026-07-09 09:52:52,090 | INFO | enrich_content_tags | Dagshai 2002/06 JUNE - 2002/DAGSHAI 2 - 5 JUNE 2002/4 JUNE - 6$ - 1130 AM/06 QUE - 3, 4.json: tagged in 3.4s (event_type=qa, lang=hindi, topics=['meditation', 'emotional-purification', 'patience', 'self-improvement', 'inner-strength'])
2026-07-09 09:52:52,091 | INFO | enrich_content_tags | tagging Dagshai 2002/06 JUNE - 2002/DAGSHAI 2 - 5 JUNE 2002/4 JUNE - 6$ - 1130 AM/07 QUE - 5, 6, 7.json (chars=3520, est_tokens=880, strategy=single-pass)
2026-07-09 09:52:56,040 | INFO | enrich_content_tags | Dagshai 2002/06 JUNE - 2002/DAGSHAI 2 - 5 JUNE 2002/4 JUNE - 6$ - 1130 AM/07 QUE - 5, 6, 7.json: tagged in 3.9s (event_type=qa, lang=hindi, topics=['teacher-discipline', 'meditation-sweetness', 'student-problems', 'yoga-asana', 'life-construction'])
2026-07-09 09:52:56,041 | INFO | enrich_content_tags | tagging Dagshai 2002/06 JUNE - 2002/DAGSHAI 2 - 5 JUNE 2002/4 JUNE - 6$ - 1130 AM/08 QUE - 8.json (chars=1547, est_tokens=386, strategy=single-pass)
2026-07-09 09:52:59,528 | INFO | enrich_content_tags | Dagshai 2002/06 JUNE - 2002/DAGSHAI 2 - 5 JUNE 2002/4 JUNE - 6$ - 1130 AM/08 QUE - 8.json: tagged in 3.5s (event_type=qa, lang=hindi, topics=['meditation', 'human-divine-qualities', 'concentration', 'will-power', 'bhakti'])
2026-07-09 09:52:59,529 | INFO | enrich_content_tags | tagging Dagshai 2002/06 JUNE - 2002/DAGSHAI 2 - 5 JUNE 2002/4 JUNE - 6$ - 1130 AM/09 AAKHEN BAND KAROON YA.json (chars=1323, est_tokens=330, strategy=single-pass)
2026-07-09 09:53:02,627 | INFO | enrich_content_tags | Dagshai 2002/06 JUNE - 2002/DAGSHAI 2 - 5 JUNE 2002/4 JUNE - 6$ - 1130 AM/09 AAKHEN BAND KAROON YA.json: tagged in 3.1s (event_type=bhajan, lang=hindi, topics=['bhajan', 'divine-union', 'devotion', 'self-surrender', 'spiritual-longing'])
2026-07-09 09:53:02,628 | INFO | enrich_content_tags | tagging Dagshai 2002/06 JUNE - 2002/DAGSHAI 2 - 5 JUNE 2002/4 JUNE - 6$ - 1130 AM/10 QUE - 9 & NADIYA NA PIYE.json (chars=2128, est_tokens=532, strategy=single-pass)
2026-07-09 09:53:06,149 | INFO | enrich_content_tags | Dagshai 2002/06 JUNE - 2002/DAGSHAI 2 - 5 JUNE 2002/4 JUNE - 6$ - 1130 AM/10 QUE - 9 & NADIYA NA PIYE.json: tagged in 3.5s (event_type=bhajan, lang=hindi, topics=['selfless-service', 'compassion', 'spiritual-light', 'devotion', 'humanity'])
2026-07-09 09:53:06,150 | INFO | enrich_content_tags | tagging Dagshai 2002/06 JUNE - 2002/DAGSHAI 2 - 5 JUNE 2002/4 JUNE - 6$ - 1130 AM/11 QUE - 10, 11 & MAIKHANE MEIN.json (chars=2013, est_tokens=503, strategy=single-pass)
2026-07-09 09:53:20,288 | ERROR | enrich_content_tags | Dagshai 2002/06 JUNE - 2002/DAGSHAI 2 - 5 JUNE 2002/4 JUNE - 6$ - 1130 AM/11 QUE - 10, 11 & MAIKHANE MEIN.json: tagging failed (json decode failed: Expecting value: line 231 column 14 (char 3272)) — dead-letter dead_letter/tag_failures/Dagshai_2002_06_JUNE_-_2002_DAGSHAI_2_-_5_JUNE_2002_4_JUNE_-_6__-_1130_AM_11_QUE_-_10__11___MAIKHANE.5a44addb4c16.txt
2026-07-09 09:53:20,289 | ERROR | enrich_content_tags | [1810/9168] Dagshai 2002/06 JUNE - 2002/DAGSHAI 2 - 5 JUNE 2002/4 JUNE - 6$ - 1130 AM/11 QUE - 10, 11 & MAIKHANE MEIN.json: json decode failed: Expecting value: line 231 column 14 (char 3272)
2026-07-09 09:53:20,290 | INFO | enrich_content_tags | tagging Dagshai 2002/06 JUNE - 2002/DAGSHAI 2 - 5 JUNE 2002/4 JUNE - 6$ - 1130 AM/12 QUE - 12, 13, 14, 15, 16.json (chars=6110, est_tokens=1527, strategy=single-pass)
2026-07-09 09:53:35,056 | ERROR | enrich_content_tags | Dagshai 2002/06 JUNE - 2002/DAGSHAI 2 - 5 JUNE 2002/4 JUNE - 6$ - 1130 AM/12 QUE - 12, 13, 14, 15, 16.json: tagging failed (json decode failed: Unterminated string starting at: line 159 column 5 (char 5415)) — dead-letter dead_letter/tag_failures/Dagshai_2002_06_JUNE_-_2002_DAGSHAI_2_-_5_JUNE_2002_4_JUNE_-_6__-_1130_AM_12_QUE_-_12__13__14__15__1.a73d7cee8218.txt
2026-07-09 09:53:35,056 | ERROR | enrich_content_tags | [1811/9168] Dagshai 2002/06 JUNE - 2002/DAGSHAI 2 - 5 JUNE 2002/4 JUNE - 6$ - 1130 AM/12 QUE - 12, 13, 14, 15, 16.json: json decode failed: Unterminated string starting at: line 159 column 5 (char 5415)
2026-07-09 09:53:35,057 | INFO | enrich_content_tags | tagging Dagshai 2002/06 JUNE - 2002/DAGSHAI 2 - 5 JUNE 2002/4 JUNE - 6$ - 1130 AM/13 QUE - 17, 18, 19, 20, 21.json (chars=3725, est_tokens=931, strategy=single-pass)
2026-07-09 09:53:38,837 | INFO | enrich_content_tags | Dagshai 2002/06 JUNE - 2002/DAGSHAI 2 - 5 JUNE 2002/4 JUNE - 6$ - 1130 AM/13 QUE - 17, 18, 19, 20, 21.json: tagged in 3.8s (event_type=bhajan, lang=hindi, topics=['meditation', 'negative-thoughts', 'dreams', 'introversion', 'self-awareness'])
2026-07-09 09:53:38,838 | INFO | enrich_content_tags | tagging Dagshai 2002/06 JUNE - 2002/DAGSHAI 2 - 5 JUNE 2002/4 JUNE - 6$ - 1130 AM/14 QUE - 22, 23,24, 25.json (chars=3364, est_tokens=841, strategy=single-pass)
2026-07-09 09:53:42,482 | INFO | enrich_content_tags | Dagshai 2002/06 JUNE - 2002/DAGSHAI 2 - 5 JUNE 2002/4 JUNE - 6$ - 1130 AM/14 QUE - 22, 23,24, 25.json: tagged in 3.6s (event_type=qa, lang=hindi, topics=['meditation', 'self-inquiry', 'education', 'courage', 'exams'])
2026-07-09 09:53:42,483 | INFO | enrich_content_tags | tagging Dagshai 2002/06 JUNE - 2002/DAGSHAI 2 - 5 JUNE 2002/4 JUNE - 6$ - 1130 AM/16 QUE - 28, 29, 30, 31.json (chars=4389, est_tokens=1097, strategy=single-pass)
2026-07-09 09:53:47,162 | INFO | enrich_content_tags | Dagshai 2002/06 JUNE - 2002/DAGSHAI 2 - 5 JUNE 2002/4 JUNE - 6$ - 1130 AM/16 QUE - 28, 29, 30, 31.json: tagged in 5.1s (event_type=bhajan, lang=hindi, topics=['sakar-nirakar', 'murti-puja', 'grashti-spirituality', 'inner-divinity', 'laughter-control'])
2026-07-09 09:53:47,163 | INFO | enrich_content_tags | tagging Dagshai 2002/06 JUNE - 2002/DAGSHAI 2 - 5 JUNE 2002/4 JUNE - 6$ - 1130 AM/17 QUE - 32, 33, 34, 35, 36 & ZARRE ZARRE MEIN.json (chars=4657, est_tokens=1164, strategy=single-pass)
2026-07-09 09:53:51,215 | INFO | enrich_content_tags | Dagshai 2002/06 JUNE - 2002/DAGSHAI 2 - 5 JUNE 2002/4 JUNE - 6$ - 1130 AM/17 QUE - 32, 33, 34, 35, 36 & ZARRE ZARRE MEIN.json: tagged in 4.0s (event_type=bhajan, lang=hindi, topics=['meditation-fatigue', 'divine-presence', 'human-purpose', 'bhajan-lyrics', 'self-inquiry'])
2026-07-09 09:53:51,216 | INFO | enrich_content_tags | tagging Dagshai 2002/06 JUNE - 2002/DAGSHAI 2 - 5 JUNE 2002/4 JUNE - 6$ - 1130 AM/18 MAUSAM KOI HO.json (chars=2536, est_tokens=634, strategy=single-pass)
2026-07-09 09:53:54,435 | INFO | enrich_content_tags | Dagshai 2002/06 JUNE - 2002/DAGSHAI 2 - 5 JUNE 2002/4 JUNE - 6$ - 1130 AM/18 MAUSAM KOI HO.json: tagged in 3.2s (event_type=bhajan, lang=hindi, topics=['bhajan', 'divine-presence', 'surrender', 'nature', 'devotion'])
2026-07-09 09:53:54,436 | INFO | enrich_content_tags | tagging Dagshai 2002/06 JUNE - 2002/DAGSHAI 2 - 5 JUNE 2002/4 JUNE - 6$ - 1130 AM/19 SAMBODHAN.json (chars=860, est_tokens=215, strategy=single-pass)
2026-07-09 09:53:57,613 | INFO | enrich_content_tags | Dagshai 2002/06 JUNE - 2002/DAGSHAI 2 - 5 JUNE 2002/4 JUNE - 6$ - 1130 AM/19 SAMBODHAN.json: tagged in 3.2s (event_type=qa, lang=hindi, topics=['question-answer', 'meditation', 'yoga', 'music', 'schedule'])
2026-07-09 09:53:57,614 | INFO | enrich_content_tags | tagging Dagshai 2002/06 JUNE - 2002/DAGSHAI 2 - 5 JUNE 2002/4 JUNE - 7$ - 7 PM/02 TUSI SARE CHALO.json (chars=1135, est_tokens=283, strategy=single-pass)
2026-07-09 09:54:00,769 | INFO | enrich_content_tags | Dagshai 2002/06 JUNE - 2002/DAGSHAI 2 - 5 JUNE 2002/4 JUNE - 7$ - 7 PM/02 TUSI SARE CHALO.json: tagged in 3.2s (event_type=bhajan, lang=hindi, topics=['devotion', 'soul-city', 'nine-gates', 'divine-presence', 'spiritual-journey'])
2026-07-09 09:54:00,770 | INFO | enrich_content_tags | tagging Dagshai 2002/06 JUNE - 2002/DAGSHAI 2 - 5 JUNE 2002/4 JUNE - 7$ - 7 PM/03 MEDITATION.json (chars=2305, est_tokens=576, strategy=single-pass)
2026-07-09 09:54:04,386 | INFO | enrich_content_tags | Dagshai 2002/06 JUNE - 2002/DAGSHAI 2 - 5 JUNE 2002/4 JUNE - 7$ - 7 PM/03 MEDITATION.json: tagged in 3.6s (event_type=meditation, lang=mixed, topics=['meditation', 'self-inquiry', 'mind-watching', 'inner-light', 'silence'])
2026-07-09 09:54:04,387 | INFO | enrich_content_tags | tagging Dagshai 2002/06 JUNE - 2002/DAGSHAI 2 - 5 JUNE 2002/4 JUNE - 7$ - 7 PM/04 OM GURUVE NAMAH.json (chars=1751, est_tokens=437, strategy=single-pass)
2026-07-09 09:54:07,357 | INFO | enrich_content_tags | Dagshai 2002/06 JUNE - 2002/DAGSHAI 2 - 5 JUNE 2002/4 JUNE - 7$ - 7 PM/04 OM GURUVE NAMAH.json: tagged in 3.0s (event_type=bhajan, lang=hindi, topics=['guru-bhakti', 'nam-smaran', 'divine-grace', 'spiritual-surrender'])
2026-07-09 09:54:07,359 | INFO | enrich_content_tags | tagging Dagshai 2002/06 JUNE - 2002/DAGSHAI 2 - 5 JUNE 2002/4 JUNE - 7$ - 7 PM/05 TERE CHARNO MEIN SAR.json (chars=4886, est_tokens=1221, strategy=single-pass)
2026-07-09 09:54:11,802 | INFO | enrich_content_tags | Dagshai 2002/06 JUNE - 2002/DAGSHAI 2 - 5 JUNE 2002/4 JUNE - 7$ - 7 PM/05 TERE CHARNO MEIN SAR.json: tagged in 4.4s (event_type=bhajan, lang=hindi, topics=['bhajan', 'meditation', 'self-reflection', 'spiritual-discipline', 'guru-devotion'])
2026-07-09 09:54:11,804 | INFO | enrich_content_tags | tagging Dagshai 2002/06 JUNE - 2002/DAGSHAI 2 - 5 JUNE 2002/4 JUNE - 7$ - 7 PM/06 IS YOGYE HUM KAHAN HAIN.json (chars=1989, est_tokens=497, strategy=single-pass)
2026-07-09 09:54:14,665 | INFO | enrich_content_tags | Dagshai 2002/06 JUNE - 2002/DAGSHAI 2 - 5 JUNE 2002/4 JUNE - 7$ - 7 PM/06 IS YOGYE HUM KAHAN HAIN.json: tagged in 2.9s (event_type=bhajan, lang=hindi, topics=['bhakti', 'maya', 'karma', 'self-inquiry', 'devotion'])
2026-07-09 09:54:14,667 | INFO | enrich_content_tags | tagging Dagshai 2002/06 JUNE - 2002/DAGSHAI 2 - 5 JUNE 2002/4 JUNE - 7$ - 7 PM/07 BHAJMAN NARAYAN.json (chars=230, est_tokens=57, strategy=single-pass)
2026-07-09 09:54:16,896 | INFO | enrich_content_tags | Dagshai 2002/06 JUNE - 2002/DAGSHAI 2 - 5 JUNE 2002/4 JUNE - 7$ - 7 PM/07 BHAJMAN NARAYAN.json: tagged in 2.3s (event_type=bhajan, lang=hindi, topics=['bhajan', 'devotion', 'narayana-worship'])
2026-07-09 09:54:16,897 | INFO | enrich_content_tags | tagging Dagshai 2002/06 JUNE - 2002/DAGSHAI 2 - 5 JUNE 2002/4 JUNE - 7$ - 7 PM/08 SAMBODHAN.json (chars=1296, est_tokens=324, strategy=single-pass)
2026-07-09 09:54:20,634 | INFO | enrich_content_tags | Dagshai 2002/06 JUNE - 2002/DAGSHAI 2 - 5 JUNE 2002/4 JUNE - 7$ - 7 PM/08 SAMBODHAN.json: tagged in 3.7s (event_type=satsang, lang=hindi, topics=['safety-advisory', 'travel-planning', 'meditation', 'evening-sitting', 'departure'])
2026-07-09 09:54:20,635 | INFO | enrich_content_tags | tagging Dagshai 2002/06 JUNE - 2002/DAGSHAI 2 - 5 JUNE 2002/5 JUNE - 8$ - 630 AM/02 BHEETAR KA RAAG.json (chars=1535, est_tokens=383, strategy=single-pass)
2026-07-09 09:54:23,790 | INFO | enrich_content_tags | Dagshai 2002/06 JUNE - 2002/DAGSHAI 2 - 5 JUNE 2002/5 JUNE - 8$ - 630 AM/02 BHEETAR KA RAAG.json: tagged in 3.1s (event_type=bhajan, lang=hindi, topics=['inner-awakening', 'meditation', 'holi', 'self-cultivation', 'silence'])
2026-07-09 09:54:23,791 | INFO | enrich_content_tags | tagging Dagshai 2002/06 JUNE - 2002/DAGSHAI 2 - 5 JUNE 2002/5 JUNE - 8$ - 630 AM/03 DHYAN MEIN UTRO & MEDITATION.json (chars=4790, est_tokens=1197, strategy=single-pass)
2026-07-09 09:54:27,075 | INFO | enrich_content_tags | Dagshai 2002/06 JUNE - 2002/DAGSHAI 2 - 5 JUNE 2002/5 JUNE - 8$ - 630 AM/03 DHYAN MEIN UTRO & MEDITATION.json: tagged in 3.3s (event_type=bhajan, lang=hindi, topics=['meditation', 'self-inquiry', 'inner-light', 'mind-control', 'childhood-meditation'])
2026-07-09 09:54:27,077 | INFO | enrich_content_tags | tagging Dagshai 2002/06 JUNE - 2002/DAGSHAI 2 - 5 JUNE 2002/5 JUNE - 8$ - 630 AM/04 OM GURUVE NAMAH (1).json (chars=938, est_tokens=234, strategy=single-pass)
2026-07-09 09:54:30,124 | INFO | enrich_content_tags | Dagshai 2002/06 JUNE - 2002/DAGSHAI 2 - 5 JUNE 2002/5 JUNE - 8$ - 630 AM/04 OM GURUVE NAMAH (1).json: tagged in 3.1s (event_type=bhajan, lang=hindi, topics=['bhajan', 'meditation', 'guru-devotion', 'mind-focus', 'spiritual-practice'])
2026-07-09 09:54:30,125 | INFO | enrich_content_tags | tagging Dagshai 2002/06 JUNE - 2002/DAGSHAI 2 - 5 JUNE 2002/5 JUNE - 8$ - 630 AM/04 OM GURUVE NAMAH (2).json (chars=2257, est_tokens=564, strategy=single-pass)
2026-07-09 09:54:33,279 | INFO | enrich_content_tags | Dagshai 2002/06 JUNE - 2002/DAGSHAI 2 - 5 JUNE 2002/5 JUNE - 8$ - 630 AM/04 OM GURUVE NAMAH (2).json: tagged in 3.2s (event_type=bhajan, lang=hindi, topics=['bhakti', 'guru-bhakti', 'divine-light', 'present-moment', 'anahad-nada'])
2026-07-09 09:54:33,281 | INFO | enrich_content_tags | tagging Dagshai 2002/06 JUNE - 2002/DAGSHAI 2 - 5 JUNE 2002/5 JUNE - 8$ - 630 AM/05 TERI RAHMATON NE, SARA AALAM & MAHI O MAHI.json (chars=5957, est_tokens=1489, strategy=single-pass)
2026-07-09 09:54:36,925 | INFO | enrich_content_tags | Dagshai 2002/06 JUNE - 2002/DAGSHAI 2 - 5 JUNE 2002/5 JUNE - 8$ - 630 AM/05 TERI RAHMATON NE, SARA AALAM & MAHI O MAHI.json: tagged in 3.6s (event_type=bhajan, lang=hindi, topics=['bhakti', 'devotion', 'love-of-god', 'meditation', 'celebration'])
2026-07-09 09:54:36,926 | INFO | enrich_content_tags | tagging Dagshai 2002/06 JUNE - 2002/DAGSHAI 2 - 5 JUNE 2002/5 JUNE - 8$ - 630 AM/06 SAMBODHAN.json (chars=658, est_tokens=164, strategy=single-pass)
2026-07-09 09:54:39,846 | INFO | enrich_content_tags | Dagshai 2002/06 JUNE - 2002/DAGSHAI 2 - 5 JUNE 2002/5 JUNE - 8$ - 630 AM/06 SAMBODHAN.json: tagged in 3.0s (event_type=satsang, lang=hindi, topics=['conclusion', 'gratitude', 'meditation', 'bhajan', 'peace'])
2026-07-09 09:54:39,847 | INFO | enrich_content_tags | tagging Dagshai 2002/06 JUNE - 2002/DAGSHAI 2 - 5 JUNE 2002/5 JUNE - 8$ - 630 AM/07 BHAJMAN NARAYAN.json (chars=1477, est_tokens=369, strategy=single-pass)
2026-07-09 09:54:42,463 | INFO | enrich_content_tags | Dagshai 2002/06 JUNE - 2002/DAGSHAI 2 - 5 JUNE 2002/5 JUNE - 8$ - 630 AM/07 BHAJMAN NARAYAN.json: tagged in 2.6s (event_type=bhajan, lang=hindi, topics=['bhakti', 'devotion', 'chanting', 'spiritual-practice'])
2026-07-09 09:54:42,464 | INFO | enrich_content_tags | tagging Dagshai 2002/06 JUNE - 2002/DAGSHAI 2 - 5 JUNE 2002/5 JUNE - 8$ - 630 AM/08 SAMBODHAN (1).json (chars=4775, est_tokens=1193, strategy=single-pass)
2026-07-09 09:54:45,960 | INFO | enrich_content_tags | Dagshai 2002/06 JUNE - 2002/DAGSHAI 2 - 5 JUNE 2002/5 JUNE - 8$ - 630 AM/08 SAMBODHAN (1).json: tagged in 3.4s (event_type=discourse, lang=hindi, topics=['meditation', 'education', 'family-welfare', 'self-study', 'health'])
2026-07-09 09:54:45,962 | INFO | enrich_content_tags | tagging Dagshai 2002/06 JUNE - 2002/DAGSHAI 2 - 5 JUNE 2002/5 JUNE - 8$ - 630 AM/08 SAMBODHAN (2).json (chars=698, est_tokens=174, strategy=single-pass)
2026-07-09 09:54:48,970 | INFO | enrich_content_tags | Dagshai 2002/06 JUNE - 2002/DAGSHAI 2 - 5 JUNE 2002/5 JUNE - 8$ - 630 AM/08 SAMBODHAN (2).json: tagged in 3.0s (event_type=bhajan, lang=hindi, topics=['meditation', 'bhajan', 'non-profit', 'school-welfare', 'spiritual-camp'])
2026-07-09 09:54:48,971 | INFO | enrich_content_tags | tagging Dagshai 2002/06 JUNE - 2002/DAGSHAI 2 - 5 JUNE 2002/5 JUNE - 8$ - 630 AM/08 SAMBODHAN (3).json (chars=5103, est_tokens=1275, strategy=single-pass)
2026-07-09 09:54:53,858 | INFO | enrich_content_tags | Dagshai 2002/06 JUNE - 2002/DAGSHAI 2 - 5 JUNE 2002/5 JUNE - 8$ - 630 AM/08 SAMBODHAN (3).json: tagged in 4.9s (event_type=bhajan, lang=hindi, topics=['meditation', 'education', 'school-expansion', 'spiritual-discipline', 'teacher-welfare'])
2026-07-09 09:54:53,859 | INFO | enrich_content_tags | tagging Dagshai 2002/06 JUNE - 2002/DAGSHAI 2 - 5 JUNE 2002/5 JUNE - 8$ - 630 AM/09 MEDITATION.json (chars=1537, est_tokens=384, strategy=single-pass)
2026-07-09 09:54:57,142 | INFO | enrich_content_tags | Dagshai 2002/06 JUNE - 2002/DAGSHAI 2 - 5 JUNE 2002/5 JUNE - 8$ - 630 AM/09 MEDITATION.json: tagged in 3.3s (event_type=meditation, lang=mixed, topics=['meditation', 'self-awareness', 'stress-free-life', 'spiritual-practice', 'inner-peace'])
2026-07-09 09:54:57,144 | INFO | enrich_content_tags | tagging Dagshai 2002/06 JUNE - 2002/DAGSHAI 28 - 30 JUNE 2002/28 JUNE - 1$ - 7 PM/01 MEDITATION.json (chars=1805, est_tokens=451, strategy=single-pass)
2026-07-09 09:55:00,224 | INFO | enrich_content_tags | Dagshai 2002/06 JUNE - 2002/DAGSHAI 28 - 30 JUNE 2002/28 JUNE - 1$ - 7 PM/01 MEDITATION.json: tagged in 3.1s (event_type=meditation, lang=hindi, topics=['self-awareness', 'mindfulness', 'present-moment', 'inner-witness', 'meditation-practice'])
2026-07-09 09:55:00,225 | INFO | enrich_content_tags | tagging Dagshai 2002/06 JUNE - 2002/DAGSHAI 28 - 30 JUNE 2002/28 JUNE - 1$ - 7 PM/02 MEDITATION & OM GURUVE NAMAH.json (chars=1528, est_tokens=382, strategy=single-pass)
2026-07-09 09:55:03,344 | INFO | enrich_content_tags | Dagshai 2002/06 JUNE - 2002/DAGSHAI 28 - 30 JUNE 2002/28 JUNE - 1$ - 7 PM/02 MEDITATION & OM GURUVE NAMAH.json: tagged in 3.1s (event_type=bhajan, lang=hindi, topics=['bhajan', 'meditation', 'divine-longing', 'guru-devotion', 'spiritual-wealth'])
2026-07-09 09:55:03,346 | INFO | enrich_content_tags | tagging Dagshai 2002/06 JUNE - 2002/DAGSHAI 28 - 30 JUNE 2002/28 JUNE - 1$ - 7 PM/03 OM GURUVE NAMAH.json (chars=1266, est_tokens=316, strategy=single-pass)
2026-07-09 09:55:05,778 | INFO | enrich_content_tags | Dagshai 2002/06 JUNE - 2002/DAGSHAI 28 - 30 JUNE 2002/28 JUNE - 1$ - 7 PM/03 OM GURUVE NAMAH.json: tagged in 2.5s (event_type=bhajan, lang=hindi, topics=['bhakti', 'guru-bhakti', 'prayer', 'devotion'])
2026-07-09 09:55:05,779 | INFO | enrich_content_tags | tagging Dagshai 2002/06 JUNE - 2002/DAGSHAI 28 - 30 JUNE 2002/28 JUNE - 1$ - 7 PM/04 BAN KE MERA HUMKADAM.json (chars=12765, est_tokens=3191, strategy=single-pass)
2026-07-09 09:55:10,916 | INFO | enrich_content_tags | Dagshai 2002/06 JUNE - 2002/DAGSHAI 28 - 30 JUNE 2002/28 JUNE - 1$ - 7 PM/04 BAN KE MERA HUMKADAM.json: tagged in 5.1s (event_type=bhajan, lang=hindi, topics=['bhajan', 'bhakti', 'self-inquiry', 'devotion', 'surrender'])
2026-07-09 09:55:10,917 | INFO | enrich_content_tags | tagging Dagshai 2002/06 JUNE - 2002/DAGSHAI 28 - 30 JUNE 2002/28 JUNE - 1$ - 7 PM/05 OM ONKAR.json (chars=231, est_tokens=57, strategy=single-pass)
2026-07-09 09:55:13,257 | INFO | enrich_content_tags | Dagshai 2002/06 JUNE - 2002/DAGSHAI 28 - 30 JUNE 2002/28 JUNE - 1$ - 7 PM/05 OM ONKAR.json: tagged in 2.3s (event_type=bhajan, lang=hindi, topics=['bhajan', 'om-onkar', 'devotional-singing'])
2026-07-09 09:55:13,258 | INFO | enrich_content_tags | tagging Dagshai 2002/06 JUNE - 2002/DAGSHAI 28 - 30 JUNE 2002/29 JUNE - 2$ - 11 AM/01 MEDITATION.json (chars=9719, est_tokens=2429, strategy=single-pass)
2026-07-09 09:55:17,905 | INFO | enrich_content_tags | Dagshai 2002/06 JUNE - 2002/DAGSHAI 28 - 30 JUNE 2002/29 JUNE - 2$ - 11 AM/01 MEDITATION.json: tagged in 4.6s (event_type=meditation, lang=hindi, topics=['meditation', 'self-inquiry', 'mind-control', 'awareness', 'devotion'])
2026-07-09 09:55:17,907 | INFO | enrich_content_tags | tagging Dagshai 2002/06 JUNE - 2002/DAGSHAI 28 - 30 JUNE 2002/29 JUNE - 2$ - 11 AM/02 BHEETAR KA RAAG.json (chars=9963, est_tokens=2490, strategy=single-pass)
2026-07-09 09:55:22,505 | INFO | enrich_content_tags | Dagshai 2002/06 JUNE - 2002/DAGSHAI 28 - 30 JUNE 2002/29 JUNE - 2$ - 11 AM/02 BHEETAR KA RAAG.json: tagged in 4.6s (event_type=bhajan, lang=hindi, topics=['inner-war', 'meditation', 'self-realization', 'ego-transcendence', 'spiritual-mastery'])
2026-07-09 09:55:22,507 | INFO | enrich_content_tags | tagging Dagshai 2002/06 JUNE - 2002/DAGSHAI 28 - 30 JUNE 2002/29 JUNE - 2$ - 11 AM/03 PYAR NAHI HAI.json (chars=5251, est_tokens=1312, strategy=single-pass)
2026-07-09 09:55:25,843 | INFO | enrich_content_tags | Dagshai 2002/06 JUNE - 2002/DAGSHAI 28 - 30 JUNE 2002/29 JUNE - 2$ - 11 AM/03 PYAR NAHI HAI.json: tagged in 3.3s (event_type=bhajan, lang=hindi, topics=['self-love', 'divine-love', 'self-realization', 'bhakti', 'immortality'])
2026-07-09 09:55:25,844 | INFO | enrich_content_tags | tagging Dagshai 2002/06 JUNE - 2002/DAGSHAI 28 - 30 JUNE 2002/29 JUNE - 2$ - 11 AM/04 OM GURUVE NAMAH.json (chars=1131, est_tokens=282, strategy=single-pass)
2026-07-09 09:55:28,264 | INFO | enrich_content_tags | Dagshai 2002/06 JUNE - 2002/DAGSHAI 28 - 30 JUNE 2002/29 JUNE - 2$ - 11 AM/04 OM GURUVE NAMAH.json: tagged in 2.4s (event_type=bhajan, lang=sanskrit, topics=['devotion', 'chanting', 'guru-bhakti', 'spiritual-practice'])
2026-07-09 09:55:28,265 | INFO | enrich_content_tags | tagging Dagshai 2002/06 JUNE - 2002/DAGSHAI 28 - 30 JUNE 2002/29 JUNE - 2$ - 11 AM/05 SAMBODHAN.json (chars=503, est_tokens=125, strategy=single-pass)
2026-07-09 09:55:30,843 | INFO | enrich_content_tags | Dagshai 2002/06 JUNE - 2002/DAGSHAI 28 - 30 JUNE 2002/29 JUNE - 2$ - 11 AM/05 SAMBODHAN.json: tagged in 2.6s (event_type=discourse, lang=hindi, topics=['self-awareness', 'inner-life', 'meditation', 'spiritual-awakening'])
2026-07-09 09:55:30,844 | INFO | enrich_content_tags | tagging Dagshai 2002/06 JUNE - 2002/DAGSHAI 28 - 30 JUNE 2002/29 JUNE - 3$ - 7 PM/01 MEDITATION.json (chars=7698, est_tokens=1924, strategy=single-pass)
2026-07-09 09:55:35,599 | INFO | enrich_content_tags | Dagshai 2002/06 JUNE - 2002/DAGSHAI 28 - 30 JUNE 2002/29 JUNE - 3$ - 7 PM/01 MEDITATION.json: tagged in 4.8s (event_type=meditation, lang=hindi, topics=['meditation', 'self-awareness', 'mind-control', 'inner-peace', 'spiritual-practice'])
2026-07-09 09:55:35,601 | INFO | enrich_content_tags | tagging Dagshai 2002/06 JUNE - 2002/DAGSHAI 28 - 30 JUNE 2002/29 JUNE - 3$ - 7 PM/02 KAUN HARE DUKH MERO (1).json (chars=4056, est_tokens=1014, strategy=single-pass)
2026-07-09 09:55:40,065 | INFO | enrich_content_tags | Dagshai 2002/06 JUNE - 2002/DAGSHAI 28 - 30 JUNE 2002/29 JUNE - 3$ - 7 PM/02 KAUN HARE DUKH MERO (1).json: tagged in 4.5s (event_type=bhajan, lang=hindi, topics=['devotion', 'separation-pain', 'self-realization', 'mindfulness', 'spiritual-healing'])
2026-07-09 09:55:40,066 | INFO | enrich_content_tags | tagging Dagshai 2002/06 JUNE - 2002/DAGSHAI 28 - 30 JUNE 2002/29 JUNE - 3$ - 7 PM/02 KAUN HARE DUKH MERO (2).json (chars=919, est_tokens=229, strategy=single-pass)
2026-07-09 09:55:43,445 | INFO | enrich_content_tags | Dagshai 2002/06 JUNE - 2002/DAGSHAI 28 - 30 JUNE 2002/29 JUNE - 3$ - 7 PM/02 KAUN HARE DUKH MERO (2).json: tagged in 3.4s (event_type=bhajan, lang=hindi, topics=['bhajan', 'healing', 'divine-light', 'spiritual-teachings'])
2026-07-09 09:55:43,447 | INFO | enrich_content_tags | tagging Dagshai 2002/06 JUNE - 2002/DAGSHAI 28 - 30 JUNE 2002/29 JUNE - 3$ - 7 PM/03 MAIKHANE MEIN BAITHE HAIN.json (chars=7697, est_tokens=1924, strategy=single-pass)
2026-07-09 09:55:47,241 | INFO | enrich_content_tags | Dagshai 2002/06 JUNE - 2002/DAGSHAI 28 - 30 JUNE 2002/29 JUNE - 3$ - 7 PM/03 MAIKHANE MEIN BAITHE HAIN.json: tagged in 3.8s (event_type=bhajan, lang=hindi, topics=['bhajan', 'meditation', 'mind-control', 'devotion', 'present-moment'])
2026-07-09 09:55:47,242 | INFO | enrich_content_tags | tagging Dagshai 2002/06 JUNE - 2002/DAGSHAI 28 - 30 JUNE 2002/29 JUNE - 3$ - 7 PM/04 SAYA BHI JAB.json (chars=3046, est_tokens=761, strategy=single-pass)
2026-07-09 09:55:50,545 | INFO | enrich_content_tags | Dagshai 2002/06 JUNE - 2002/DAGSHAI 28 - 30 JUNE 2002/29 JUNE - 3$ - 7 PM/04 SAYA BHI JAB.json: tagged in 3.3s (event_type=bhajan, lang=hindi, topics=['loneliness', 'separation', 'devotion', 'guru-disciple', 'death'])
2026-07-09 09:55:50,547 | INFO | enrich_content_tags | tagging Dagshai 2002/06 JUNE - 2002/DAGSHAI 28 - 30 JUNE 2002/29 JUNE - 3$ - 7 PM/05 MAIKHANE MEIN BAITHE HAIN.json (chars=5830, est_tokens=1457, strategy=single-pass)
2026-07-09 09:55:54,443 | INFO | enrich_content_tags | Dagshai 2002/06 JUNE - 2002/DAGSHAI 28 - 30 JUNE 2002/29 JUNE - 3$ - 7 PM/05 MAIKHANE MEIN BAITHE HAIN.json: tagged in 3.9s (event_type=bhajan, lang=hindi, topics=['bhakti', 'divine-love', 'self-surrender', 'spiritual-journey', 'wisdom'])
2026-07-09 09:55:54,445 | INFO | enrich_content_tags | tagging Dagshai 2002/06 JUNE - 2002/DAGSHAI 28 - 30 JUNE 2002/29 JUNE - 3$ - 7 PM/06 OM ONKAR.json (chars=304, est_tokens=76, strategy=single-pass)
2026-07-09 09:55:57,256 | INFO | enrich_content_tags | Dagshai 2002/06 JUNE - 2002/DAGSHAI 28 - 30 JUNE 2002/29 JUNE - 3$ - 7 PM/06 OM ONKAR.json: tagged in 2.8s (event_type=bhajan, lang=hindi, topics=['bhakti-ras', 'sangeet-mimamsa', 'prarthana', 'om-onkar', 'devotion'])
2026-07-09 09:55:57,257 | INFO | enrich_content_tags | tagging Dagshai 2002/06 JUNE - 2002/DAGSHAI 28 - 30 JUNE 2002/30 JUNE - 4$ - 7 AM/01 MEDITATION.json (chars=2229, est_tokens=557, strategy=single-pass)
2026-07-09 09:56:00,695 | INFO | enrich_content_tags | Dagshai 2002/06 JUNE - 2002/DAGSHAI 28 - 30 JUNE 2002/30 JUNE - 4$ - 7 AM/01 MEDITATION.json: tagged in 3.4s (event_type=meditation, lang=hindi, topics=['meditation', 'self-inquiry', 'detachment', 'present-moment', 'divine-love'])
2026-07-09 09:56:00,697 | INFO | enrich_content_tags | tagging Dagshai 2002/06 JUNE - 2002/DAGSHAI 28 - 30 JUNE 2002/30 JUNE - 4$ - 7 AM/02 MAIN PYASA TERE DARSHAN KA (1).json (chars=4641, est_tokens=1160, strategy=single-pass)
2026-07-09 09:56:04,652 | INFO | enrich_content_tags | Dagshai 2002/06 JUNE - 2002/DAGSHAI 28 - 30 JUNE 2002/30 JUNE - 4$ - 7 AM/02 MAIN PYASA TERE DARSHAN KA (1).json: tagged in 3.9s (event_type=bhajan, lang=hindi, topics=['meditation', 'mind-control', 'detachment', 'karma-yoga', 'self-realization'])
2026-07-09 09:56:04,654 | INFO | enrich_content_tags | tagging Dagshai 2002/06 JUNE - 2002/DAGSHAI 28 - 30 JUNE 2002/30 JUNE - 4$ - 7 AM/02 MAIN PYASA TERE DARSHAN KA (2).json (chars=15205, est_tokens=3801, strategy=single-pass)
2026-07-09 09:56:10,160 | INFO | enrich_content_tags | Dagshai 2002/06 JUNE - 2002/DAGSHAI 28 - 30 JUNE 2002/30 JUNE - 4$ - 7 AM/02 MAIN PYASA TERE DARSHAN KA (2).json: tagged in 5.5s (event_type=bhajan, lang=hindi, topics=['self-inquiry', 'mind-control', 'inner-peace', 'spiritual-transformation', 'devotion'])
2026-07-09 09:56:10,161 | INFO | enrich_content_tags | tagging Dagshai 2002/06 JUNE - 2002/DAGSHAI 28 - 30 JUNE 2002/30 JUNE - 4$ - 7 AM/03 AA TUJHE MAIN DIL MEIN.json (chars=11804, est_tokens=2951, strategy=single-pass)
2026-07-09 09:56:26,303 | ERROR | enrich_content_tags | Dagshai 2002/06 JUNE - 2002/DAGSHAI 28 - 30 JUNE 2002/30 JUNE - 4$ - 7 AM/03 AA TUJHE MAIN DIL MEIN.json: tagging failed (json decode failed: Unterminated string starting at: line 5 column 5200 (char 5330)) — dead-letter dead_letter/tag_failures/Dagshai_2002_06_JUNE_-_2002_DAGSHAI_28_-_30_JUNE_2002_30_JUNE_-_4__-_7_AM_03_AA_TUJHE_MAIN_DIL_MEIN..772ad17775f2.txt
2026-07-09 09:56:26,303 | ERROR | enrich_content_tags | [1856/9168] Dagshai 2002/06 JUNE - 2002/DAGSHAI 28 - 30 JUNE 2002/30 JUNE - 4$ - 7 AM/03 AA TUJHE MAIN DIL MEIN.json: json decode failed: Unterminated string starting at: line 5 column 5200 (char 5330)
2026-07-09 09:56:26,304 | INFO | enrich_content_tags | tagging Dagshai 2002/06 JUNE - 2002/DAGSHAI 28 - 30 JUNE 2002/30 JUNE - 4$ - 7 AM/04 OM ONKAR.json (chars=192, est_tokens=48, strategy=single-pass)
2026-07-09 09:56:28,682 | INFO | enrich_content_tags | Dagshai 2002/06 JUNE - 2002/DAGSHAI 28 - 30 JUNE 2002/30 JUNE - 4$ - 7 AM/04 OM ONKAR.json: tagged in 2.4s (event_type=bhajan, lang=hindi, topics=['bhajan', 'om', 'onkar', 'devotion'])
2026-07-09 09:56:28,683 | INFO | enrich_content_tags | tagging Dagshai 2002/06 JUNE - 2002/DAGSHAI 28 - 30 JUNE 2002/30 JUNE - 4$ - 7 AM/05 SAMBODHAN.json (chars=956, est_tokens=239, strategy=single-pass)
2026-07-09 09:56:32,113 | INFO | enrich_content_tags | Dagshai 2002/06 JUNE - 2002/DAGSHAI 28 - 30 JUNE 2002/30 JUNE - 4$ - 7 AM/05 SAMBODHAN.json: tagged in 3.4s (event_type=discourse, lang=hindi, topics=['love', 'meditation', 'guru-puja', 'inner-awakening', 'event-announcement'])
2026-07-09 09:56:32,115 | INFO | enrich_content_tags | tagging Dagshai 2002/07 JULY - 2002/DAGSHAI 13 - 15 JULY 2002/13 JUL - 1$ - 1130 AM/01 MEDITATION.json (chars=7030, est_tokens=1757, strategy=single-pass)
2026-07-09 09:56:36,728 | INFO | enrich_content_tags | Dagshai 2002/07 JULY - 2002/DAGSHAI 13 - 15 JULY 2002/13 JUL - 1$ - 1130 AM/01 MEDITATION.json: tagged in 4.7s (event_type=meditation, lang=hindi, topics=['self-inquiry', 'mind-observation', 'inner-witness', 'grace', 'awakening'])
2026-07-09 09:56:36,729 | INFO | enrich_content_tags | tagging Dagshai 2002/07 JULY - 2002/DAGSHAI 13 - 15 JULY 2002/13 JUL - 1$ - 1130 AM/02 OM GURUVE NAMAH.json (chars=2587, est_tokens=646, strategy=single-pass)
2026-07-09 09:56:40,359 | INFO | enrich_content_tags | Dagshai 2002/07 JULY - 2002/DAGSHAI 13 - 15 JULY 2002/13 JUL - 1$ - 1130 AM/02 OM GURUVE NAMAH.json: tagged in 3.6s (event_type=bhajan, lang=hindi, topics=['bhakti', 'devotion', 'self-realization', 'chanting', 'divine-love'])
2026-07-09 09:56:40,361 | INFO | enrich_content_tags | tagging Dagshai 2002/07 JULY - 2002/DAGSHAI 13 - 15 JULY 2002/13 JUL - 1$ - 1130 AM/03 AAYE HAIN TERE MAIKHANE MEIN.json (chars=7482, est_tokens=1870, strategy=single-pass)
2026-07-09 09:56:45,071 | INFO | enrich_content_tags | Dagshai 2002/07 JULY - 2002/DAGSHAI 13 - 15 JULY 2002/13 JUL - 1$ - 1130 AM/03 AAYE HAIN TERE MAIKHANE MEIN.json: tagged in 4.7s (event_type=bhajan, lang=hindi, topics=['guru-purnima', 'bhajan', 'meditation', 'self-inquiry', 'devotion'])
2026-07-09 09:56:45,072 | INFO | enrich_content_tags | tagging Dagshai 2002/07 JULY - 2002/DAGSHAI 13 - 15 JULY 2002/13 JUL - 1$ - 1130 AM/04 GUM SABHI RAAH KE (1).json (chars=267, est_tokens=66, strategy=single-pass)
2026-07-09 09:56:47,591 | INFO | enrich_content_tags | Dagshai 2002/07 JULY - 2002/DAGSHAI 13 - 15 JULY 2002/13 JUL - 1$ - 1130 AM/04 GUM SABHI RAAH KE (1).json: tagged in 2.5s (event_type=bhajan, lang=hindi, topics=['bhajan', 'devotion', 'spiritual-songs'])
2026-07-09 09:56:47,593 | INFO | enrich_content_tags | tagging Dagshai 2002/07 JULY - 2002/DAGSHAI 13 - 15 JULY 2002/13 JUL - 1$ - 1130 AM/04 GUM SABHI RAAH KE (2).json (chars=1358, est_tokens=339, strategy=single-pass)
2026-07-09 09:56:50,414 | INFO | enrich_content_tags | Dagshai 2002/07 JULY - 2002/DAGSHAI 13 - 15 JULY 2002/13 JUL - 1$ - 1130 AM/04 GUM SABHI RAAH KE (2).json: tagged in 2.8s (event_type=bhajan, lang=hindi, topics=['bhakti', 'love', 'suffering', 'grace', 'devotion'])
2026-07-09 09:56:50,415 | INFO | enrich_content_tags | tagging Dagshai 2002/07 JULY - 2002/DAGSHAI 13 - 15 JULY 2002/13 JUL - 1$ - 1130 AM/05 SAMBODHAN.json (chars=319, est_tokens=79, strategy=single-pass)
2026-07-09 09:56:52,466 | INFO | enrich_content_tags | Dagshai 2002/07 JULY - 2002/DAGSHAI 13 - 15 JULY 2002/13 JUL - 1$ - 1130 AM/05 SAMBODHAN.json: tagged in 2.0s (event_type=satsang, lang=hindi, topics=['welcome', 'greeting', 'spiritual-practice'])
2026-07-09 09:56:52,467 | INFO | enrich_content_tags | tagging Dagshai 2002/07 JULY - 2002/DAGSHAI 13 - 15 JULY 2002/13 JUL - 2$ - 7 PM/01 MEDITATION (1).json (chars=2219, est_tokens=554, strategy=single-pass)
2026-07-09 09:56:56,587 | INFO | enrich_content_tags | Dagshai 2002/07 JULY - 2002/DAGSHAI 13 - 15 JULY 2002/13 JUL - 2$ - 7 PM/01 MEDITATION (1).json: tagged in 4.1s (event_type=bhajan, lang=hindi, topics=['self-inquiry', 'inner-witness', 'divine-love', 'meditation', 'guru-purnima'])
2026-07-09 09:56:56,589 | INFO | enrich_content_tags | tagging Dagshai 2002/07 JULY - 2002/DAGSHAI 13 - 15 JULY 2002/13 JUL - 2$ - 7 PM/01 MEDITATION (2).json (chars=560, est_tokens=140, strategy=single-pass)
2026-07-09 09:56:59,504 | INFO | enrich_content_tags | Dagshai 2002/07 JULY - 2002/DAGSHAI 13 - 15 JULY 2002/13 JUL - 2$ - 7 PM/01 MEDITATION (2).json: tagged in 2.9s (event_type=bhajan, lang=hindi, topics=['bhajan', 'meditation', 'devotion', 'spiritual-immersion'])
2026-07-09 09:56:59,505 | INFO | enrich_content_tags | tagging Dagshai 2002/07 JULY - 2002/DAGSHAI 13 - 15 JULY 2002/13 JUL - 2$ - 7 PM/02 HE MERE GURUDEV KARUNA.json (chars=9842, est_tokens=2460, strategy=single-pass)
2026-07-09 09:57:15,263 | ERROR | enrich_content_tags | Dagshai 2002/07 JULY - 2002/DAGSHAI 13 - 15 JULY 2002/13 JUL - 2$ - 7 PM/02 HE MERE GURUDEV KARUNA.json: tagging failed (json decode failed: Unterminated string starting at: line 5 column 4693 (char 4845)) — dead-letter dead_letter/tag_failures/Dagshai_2002_07_JULY_-_2002_DAGSHAI_13_-_15_JULY_2002_13_JUL_-_2__-_7_PM_02_HE_MERE_GURUDEV_KARUNA.j.fde5c97c9164.txt
2026-07-09 09:57:15,264 | ERROR | enrich_content_tags | [1867/9168] Dagshai 2002/07 JULY - 2002/DAGSHAI 13 - 15 JULY 2002/13 JUL - 2$ - 7 PM/02 HE MERE GURUDEV KARUNA.json: json decode failed: Unterminated string starting at: line 5 column 4693 (char 4845)
2026-07-09 09:57:15,265 | INFO | enrich_content_tags | tagging Dagshai 2002/07 JULY - 2002/DAGSHAI 13 - 15 JULY 2002/13 JUL - 2$ - 7 PM/03 MAIKHANE MEIN BAITHE HAIN.json (chars=10227, est_tokens=2556, strategy=single-pass)
2026-07-09 09:57:21,482 | INFO | enrich_content_tags | Dagshai 2002/07 JULY - 2002/DAGSHAI 13 - 15 JULY 2002/13 JUL - 2$ - 7 PM/03 MAIKHANE MEIN BAITHE HAIN.json: tagged in 6.2s (event_type=bhajan, lang=hindi, topics=['bhakti', 'guru-grahan', 'self-surrender', 'present-moment', 'devotion'])
2026-07-09 09:57:21,483 | INFO | enrich_content_tags | tagging Dagshai 2002/07 JULY - 2002/DAGSHAI 13 - 15 JULY 2002/13 JUL - 2$ - 7 PM/04 JAAG JAAG O MANUA.json (chars=1685, est_tokens=421, strategy=single-pass)
2026-07-09 09:57:24,344 | INFO | enrich_content_tags | Dagshai 2002/07 JULY - 2002/DAGSHAI 13 - 15 JULY 2002/13 JUL - 2$ - 7 PM/04 JAAG JAAG O MANUA.json: tagged in 2.9s (event_type=bhajan, lang=hindi, topics=['spiritual-awakening', 'divine-love', 'meditation', 'life-purpose', 'guru-devotion'])
2026-07-09 09:57:24,345 | INFO | enrich_content_tags | tagging Dagshai 2002/07 JULY - 2002/DAGSHAI 13 - 15 JULY 2002/13 JUL - 2$ - 7 PM/05 NI MAIN YAAR MANAUNA NI.json (chars=1520, est_tokens=380, strategy=single-pass)
2026-07-09 09:57:27,146 | INFO | enrich_content_tags | Dagshai 2002/07 JULY - 2002/DAGSHAI 13 - 15 JULY 2002/13 JUL - 2$ - 7 PM/05 NI MAIN YAAR MANAUNA NI.json: tagged in 2.8s (event_type=bhajan, lang=hindi, topics=['bhakti', 'guru-bhakti', 'devotion', 'spiritual-longing'])
2026-07-09 09:57:27,147 | INFO | enrich_content_tags | tagging Dagshai 2002/07 JULY - 2002/DAGSHAI 13 - 15 JULY 2002/13 JUL - 2$ - 7 PM/06 MAHI O MAHI (1).json (chars=987, est_tokens=246, strategy=single-pass)
2026-07-09 09:57:30,283 | INFO | enrich_content_tags | Dagshai 2002/07 JULY - 2002/DAGSHAI 13 - 15 JULY 2002/13 JUL - 2$ - 7 PM/06 MAHI O MAHI (1).json: tagged in 3.1s (event_type=bhajan, lang=hindi, topics=['bhajan', 'devotion', 'monsoon', 'spiritual-awakening', 'sufi-poetry'])
2026-07-09 09:57:30,284 | INFO | enrich_content_tags | tagging Dagshai 2002/07 JULY - 2002/DAGSHAI 13 - 15 JULY 2002/13 JUL - 2$ - 7 PM/06 MAHI O MAHI (2).json (chars=1599, est_tokens=399, strategy=single-pass)
2026-07-09 09:57:33,102 | INFO | enrich_content_tags | Dagshai 2002/07 JULY - 2002/DAGSHAI 13 - 15 JULY 2002/13 JUL - 2$ - 7 PM/06 MAHI O MAHI (2).json: tagged in 2.8s (event_type=bhajan, lang=hindi, topics=['bhakti', 'devotion', 'love-of-god', 'spiritual-awakening'])
2026-07-09 09:57:33,103 | INFO | enrich_content_tags | tagging Dagshai 2002/07 JULY - 2002/DAGSHAI 13 - 15 JULY 2002/13 JUL - 2$ - 7 PM/07 BAN KE MERA.json (chars=1547, est_tokens=386, strategy=single-pass)
2026-07-09 09:57:37,141 | INFO | enrich_content_tags | Dagshai 2002/07 JULY - 2002/DAGSHAI 13 - 15 JULY 2002/13 JUL - 2$ - 7 PM/07 BAN KE MERA.json: tagged in 4.0s (event_type=bhajan, lang=hindi, topics=['guru-purnima', 'bhakti', 'spiritual-journey', 'devotion', 'satsang'])
2026-07-09 09:57:37,143 | INFO | enrich_content_tags | tagging Dagshai 2002/07 JULY - 2002/DAGSHAI 13 - 15 JULY 2002/13 JUL - 2$ - 7 PM/08 SAMBODHAN.json (chars=1129, est_tokens=282, strategy=single-pass)
2026-07-09 09:57:40,744 | INFO | enrich_content_tags | Dagshai 2002/07 JULY - 2002/DAGSHAI 13 - 15 JULY 2002/13 JUL - 2$ - 7 PM/08 SAMBODHAN.json: tagged in 3.6s (event_type=meditation, lang=hindi, topics=['meditation', 'evening-prayer', 'monsoon', 'discipline', 'devotion'])
2026-07-09 09:57:40,745 | INFO | enrich_content_tags | tagging Dagshai 2002/07 JULY - 2002/DAGSHAI 13 - 15 JULY 2002/14 JUL - 3$ - 7 AM/01 MEDITATION.json (chars=3597, est_tokens=899, strategy=single-pass)
2026-07-09 09:57:44,468 | INFO | enrich_content_tags | Dagshai 2002/07 JULY - 2002/DAGSHAI 13 - 15 JULY 2002/14 JUL - 3$ - 7 AM/01 MEDITATION.json: tagged in 3.7s (event_type=meditation, lang=hindi, topics=['meditation', 'self-inquiry', 'inner-awareness', 'devotion', 'mind-control'])
2026-07-09 09:57:44,469 | INFO | enrich_content_tags | tagging Dagshai 2002/07 JULY - 2002/DAGSHAI 13 - 15 JULY 2002/14 JUL - 3$ - 7 AM/02 SHLOK.json (chars=731, est_tokens=182, strategy=single-pass)
2026-07-09 09:57:46,899 | INFO | enrich_content_tags | Dagshai 2002/07 JULY - 2002/DAGSHAI 13 - 15 JULY 2002/14 JUL - 3$ - 7 AM/02 SHLOK.json: tagged in 2.4s (event_type=bhajan, lang=hindi, topics=['bhakti', 'divine-light', 'oneness', 'gratitude', 'spiritual-joy'])
2026-07-09 09:57:46,901 | INFO | enrich_content_tags | tagging Dagshai 2002/07 JULY - 2002/DAGSHAI 13 - 15 JULY 2002/14 JUL - 3$ - 7 AM/03GURUDEV MUJHE BHI.json (chars=7232, est_tokens=1808, strategy=single-pass)
2026-07-09 09:57:52,016 | INFO | enrich_content_tags | Dagshai 2002/07 JULY - 2002/DAGSHAI 13 - 15 JULY 2002/14 JUL - 3$ - 7 AM/03GURUDEV MUJHE BHI.json: tagged in 5.1s (event_type=bhajan, lang=hindi, topics=['guru-bhakti', 'self-surrender', 'separation-pain', 'social-judgment', 'spiritual-identity'])
2026-07-09 09:57:52,017 | INFO | enrich_content_tags | tagging Dagshai 2002/07 JULY - 2002/DAGSHAI 13 - 15 JULY 2002/14 JUL - 3$ - 7 AM/04 AA TUJHE MAIN GUNGUNANA.json (chars=3420, est_tokens=855, strategy=single-pass)
2026-07-09 09:57:55,701 | INFO | enrich_content_tags | Dagshai 2002/07 JULY - 2002/DAGSHAI 13 - 15 JULY 2002/14 JUL - 3$ - 7 AM/04 AA TUJHE MAIN GUNGUNANA.json: tagged in 3.7s (event_type=bhajan, lang=hindi, topics=['bhakti', 'self-surrender', 'ego-death', 'divine-love', 'spiritual-light'])
2026-07-09 09:57:55,702 | INFO | enrich_content_tags | tagging Dagshai 2002/07 JULY - 2002/DAGSHAI 13 - 15 JULY 2002/14 JUL - 3$ - 7 AM/05 MAINU YAAR YAAR (1).json (chars=368, est_tokens=92, strategy=single-pass)
2026-07-09 09:57:58,463 | INFO | enrich_content_tags | Dagshai 2002/07 JULY - 2002/DAGSHAI 13 - 15 JULY 2002/14 JUL - 3$ - 7 AM/05 MAINU YAAR YAAR (1).json: tagged in 2.8s (event_type=bhajan, lang=hindi, topics=['bhajan', 'devotion', 'lotus-symbolism', 'monsoon-season'])
2026-07-09 09:57:58,464 | INFO | enrich_content_tags | tagging Dagshai 2002/07 JULY - 2002/DAGSHAI 13 - 15 JULY 2002/14 JUL - 3$ - 7 AM/05 MAINU YAAR YAAR (2).json (chars=2120, est_tokens=530, strategy=single-pass)
2026-07-09 09:58:01,705 | INFO | enrich_content_tags | Dagshai 2002/07 JULY - 2002/DAGSHAI 13 - 15 JULY 2002/14 JUL - 3$ - 7 AM/05 MAINU YAAR YAAR (2).json: tagged in 3.3s (event_type=bhajan, lang=hindi, topics=['bhakti', 'guru-bhakti', 'guru-purnima', 'devotion', 'meditation'])
2026-07-09 09:58:01,706 | INFO | enrich_content_tags | tagging Dagshai 2002/07 JULY - 2002/DAGSHAI 13 - 15 JULY 2002/14 JUL - 3$ - 7 AM/06 TU MANE YA NA MANE.json (chars=993, est_tokens=248, strategy=single-pass)
2026-07-09 09:58:05,575 | INFO | enrich_content_tags | Dagshai 2002/07 JULY - 2002/DAGSHAI 13 - 15 JULY 2002/14 JUL - 3$ - 7 AM/06 TU MANE YA NA MANE.json: tagged in 3.8s (event_type=bhajan, lang=hindi, topics=['bhajan', 'divine-love', 'immortality', 'guru-grace', 'monsoon-season'])
2026-07-09 09:58:05,576 | INFO | enrich_content_tags | tagging Dagshai 2002/07 JULY - 2002/DAGSHAI 13 - 15 JULY 2002/14 JUL - 3$ - 7 AM/07 DIL DENA DILVAR KO.json (chars=552, est_tokens=138, strategy=single-pass)
2026-07-09 09:58:08,244 | INFO | enrich_content_tags | Dagshai 2002/07 JULY - 2002/DAGSHAI 13 - 15 JULY 2002/14 JUL - 3$ - 7 AM/07 DIL DENA DILVAR KO.json: tagged in 2.7s (event_type=bhajan, lang=hindi, topics=['bhajan', 'devotion', 'love', 'spiritual-longing'])
2026-07-09 09:58:08,245 | INFO | enrich_content_tags | tagging Dagshai 2002/07 JULY - 2002/DAGSHAI 13 - 15 JULY 2002/14 JUL - 3$ - 7 AM/08 TU MANE YA NA MANE.json (chars=4229, est_tokens=1057, strategy=single-pass)
2026-07-09 09:58:12,029 | INFO | enrich_content_tags | Dagshai 2002/07 JULY - 2002/DAGSHAI 13 - 15 JULY 2002/14 JUL - 3$ - 7 AM/08 TU MANE YA NA MANE.json: tagged in 3.8s (event_type=bhajan, lang=hindi, topics=['bhakti', 'devotion', 'living-god', 'surrender', 'equality'])
2026-07-09 09:58:12,030 | INFO | enrich_content_tags | tagging Dagshai 2002/07 JULY - 2002/DAGSHAI 13 - 15 JULY 2002/14 JUL - 3$ - 7 AM/09 NIT KHAIR MANGA.json (chars=806, est_tokens=201, strategy=single-pass)
2026-07-09 09:58:14,897 | INFO | enrich_content_tags | Dagshai 2002/07 JULY - 2002/DAGSHAI 13 - 15 JULY 2002/14 JUL - 3$ - 7 AM/09 NIT KHAIR MANGA.json: tagged in 2.9s (event_type=bhajan, lang=hindi, topics=['bhakti', 'prayer', 'devotion', 'monsoon', 'spiritual-songs'])
2026-07-09 09:58:14,899 | INFO | enrich_content_tags | tagging Dagshai 2002/07 JULY - 2002/DAGSHAI 13 - 15 JULY 2002/14 JUL - 3$ - 7 AM/10 GURUPURNIMA NAMAH.json (chars=2422, est_tokens=605, strategy=single-pass)
2026-07-09 09:58:18,615 | INFO | enrich_content_tags | Dagshai 2002/07 JULY - 2002/DAGSHAI 13 - 15 JULY 2002/14 JUL - 3$ - 7 AM/10 GURUPURNIMA NAMAH.json: tagged in 3.7s (event_type=bhajan, lang=hindi, topics=['guru-purnima', 'bhakti', 'meditation', 'divine-love', 'self-reflection'])
2026-07-09 09:58:18,616 | INFO | enrich_content_tags | tagging Dagshai 2002/07 JULY - 2002/DAGSHAI 13 - 15 JULY 2002/14 JUL - 3$ - 7 AM/11 SUNI MALKA MERI KOOK.json (chars=1905, est_tokens=476, strategy=single-pass)
2026-07-09 09:58:21,570 | INFO | enrich_content_tags | Dagshai 2002/07 JULY - 2002/DAGSHAI 13 - 15 JULY 2002/14 JUL - 3$ - 7 AM/11 SUNI MALKA MERI KOOK.json: tagged in 2.9s (event_type=bhajan, lang=hindi, topics=['bhakti', 'divine-love', 'grace', 'self-surrender', 'devotion'])
2026-07-09 09:58:21,571 | INFO | enrich_content_tags | tagging Dagshai 2002/07 JULY - 2002/DAGSHAI 13 - 15 JULY 2002/14 JUL - 3$ - 7 AM/12 SAMBODHAN.json (chars=1949, est_tokens=487, strategy=single-pass)
2026-07-09 09:58:25,621 | INFO | enrich_content_tags | Dagshai 2002/07 JULY - 2002/DAGSHAI 13 - 15 JULY 2002/14 JUL - 3$ - 7 AM/12 SAMBODHAN.json: tagged in 4.1s (event_type=discourse, lang=hindi, topics=['guru-purnima', 'meditation-camps', 'travel-plans', 'weather-advice', 'gratitude'])
2026-07-09 09:58:25,623 | INFO | enrich_content_tags | tagging Dagshai 2002/07 JULY - 2002/DAGSHAI 13 - 15 JULY 2002/14 JUL - 4$ - 7 PM/02 MEDITATION.json (chars=2217, est_tokens=554, strategy=single-pass)
2026-07-09 09:58:29,545 | INFO | enrich_content_tags | Dagshai 2002/07 JULY - 2002/DAGSHAI 13 - 15 JULY 2002/14 JUL - 4$ - 7 PM/02 MEDITATION.json: tagged in 3.9s (event_type=meditation, lang=hindi, topics=['meditation', 'self-inquiry', 'mind-control', 'guru-purnima', 'spiritual-journey'])
2026-07-09 09:58:29,546 | INFO | enrich_content_tags | tagging Dagshai 2002/07 JULY - 2002/DAGSHAI 13 - 15 JULY 2002/14 JUL - 4$ - 7 PM/03 OM GURUVE NAMAH (1).json (chars=705, est_tokens=176, strategy=single-pass)
2026-07-09 09:58:32,404 | INFO | enrich_content_tags | Dagshai 2002/07 JULY - 2002/DAGSHAI 13 - 15 JULY 2002/14 JUL - 4$ - 7 PM/03 OM GURUVE NAMAH (1).json: tagged in 2.9s (event_type=bhajan, lang=hindi, topics=['bhajan', 'monsoon', 'devotion', 'nature'])
2026-07-09 09:58:32,406 | INFO | enrich_content_tags | tagging Dagshai 2002/07 JULY - 2002/DAGSHAI 13 - 15 JULY 2002/14 JUL - 4$ - 7 PM/03 OM GURUVE NAMAH (2).json (chars=1206, est_tokens=301, strategy=single-pass)
2026-07-09 09:58:35,425 | INFO | enrich_content_tags | Dagshai 2002/07 JULY - 2002/DAGSHAI 13 - 15 JULY 2002/14 JUL - 4$ - 7 PM/03 OM GURUVE NAMAH (2).json: tagged in 3.0s (event_type=bhajan, lang=hindi, topics=['bhajan', 'devotion', 'guru-bhakti', 'chanting'])
2026-07-09 09:58:35,426 | INFO | enrich_content_tags | tagging Dagshai 2002/07 JULY - 2002/DAGSHAI 13 - 15 JULY 2002/14 JUL - 4$ - 7 PM/04 PYAR NAHI HAI.json (chars=16306, est_tokens=4076, strategy=single-pass)
2026-07-09 09:58:42,001 | INFO | enrich_content_tags | Dagshai 2002/07 JULY - 2002/DAGSHAI 13 - 15 JULY 2002/14 JUL - 4$ - 7 PM/04 PYAR NAHI HAI.json: tagged in 6.6s (event_type=bhajan, lang=hindi, topics=['self-inquiry', 'bhakti', 'guru-grace', 'inner-awareness', 'dharma'])
2026-07-09 09:58:42,002 | INFO | enrich_content_tags | tagging Dagshai 2002/07 JULY - 2002/DAGSHAI 13 - 15 JULY 2002/14 JUL - 4$ - 7 PM/05 SAMBODHAN.json (chars=367, est_tokens=91, strategy=single-pass)
2026-07-09 09:58:44,753 | INFO | enrich_content_tags | Dagshai 2002/07 JULY - 2002/DAGSHAI 13 - 15 JULY 2002/14 JUL - 4$ - 7 PM/05 SAMBODHAN.json: tagged in 2.8s (event_type=satsang, lang=hindi, topics=['welcome', 'gratitude', 'divine-presence', 'monsoon-season'])
2026-07-09 09:58:44,754 | INFO | enrich_content_tags | tagging Dagshai 2002/07 JULY - 2002/DAGSHAI 13 - 15 JULY 2002/15 JUL - 5$ - 7 AM/01 MEDITATION.json (chars=493, est_tokens=123, strategy=single-pass)
2026-07-09 09:58:47,342 | INFO | enrich_content_tags | Dagshai 2002/07 JULY - 2002/DAGSHAI 13 - 15 JULY 2002/15 JUL - 5$ - 7 AM/01 MEDITATION.json: tagged in 2.5s (event_type=meditation, lang=hindi, topics=['chanting', 'mantra', 'devotion', 'monsoon'])
2026-07-09 09:58:47,343 | INFO | enrich_content_tags | tagging Dagshai 2002/07 JULY - 2002/DAGSHAI 13 - 15 JULY 2002/15 JUL - 5$ - 7 AM/02 SHLOK.json (chars=443, est_tokens=110, strategy=single-pass)
2026-07-09 09:58:50,394 | INFO | enrich_content_tags | Dagshai 2002/07 JULY - 2002/DAGSHAI 13 - 15 JULY 2002/15 JUL - 5$ - 7 AM/02 SHLOK.json: tagged in 3.1s (event_type=bhajan, lang=hindi, topics=['brahma', 'ananda', 'jnana', 'divine-attributes', 'monsoon'])
2026-07-09 09:58:50,395 | INFO | enrich_content_tags | tagging Dagshai 2002/07 JULY - 2002/DAGSHAI 13 - 15 JULY 2002/15 JUL - 5$ - 7 AM/03 OM GURUVE NAMAH.json (chars=517, est_tokens=129, strategy=single-pass)
2026-07-09 09:58:53,090 | INFO | enrich_content_tags | Dagshai 2002/07 JULY - 2002/DAGSHAI 13 - 15 JULY 2002/15 JUL - 5$ - 7 AM/03 OM GURUVE NAMAH.json: tagged in 2.7s (event_type=bhajan, lang=sanskrit, topics=['devotion', 'chanting', 'guru-grace', 'monsoon-season'])
2026-07-09 09:58:53,091 | INFO | enrich_content_tags | tagging Dagshai 2002/07 JULY - 2002/DAGSHAI 13 - 15 JULY 2002/15 JUL - 5$ - 7 AM/04 MUJHE GURUVAR YAHI VAR (1).json (chars=4093, est_tokens=1023, strategy=single-pass)
2026-07-09 09:58:57,270 | INFO | enrich_content_tags | Dagshai 2002/07 JULY - 2002/DAGSHAI 13 - 15 JULY 2002/15 JUL - 5$ - 7 AM/04 MUJHE GURUVAR YAHI VAR (1).json: tagged in 4.2s (event_type=bhajan, lang=hindi, topics=['bhajan', 'guru-shishya', 'devotion', 'self-surrender', 'guru-purnima'])
2026-07-09 09:58:57,271 | INFO | enrich_content_tags | tagging Dagshai 2002/07 JULY - 2002/DAGSHAI 13 - 15 JULY 2002/15 JUL - 5$ - 7 AM/04 MUJHE GURUVAR YAHI VAR (2).json (chars=22655, est_tokens=5663, strategy=single-pass)
2026-07-09 09:59:05,678 | INFO | enrich_content_tags | Dagshai 2002/07 JULY - 2002/DAGSHAI 13 - 15 JULY 2002/15 JUL - 5$ - 7 AM/04 MUJHE GURUVAR YAHI VAR (2).json: tagged in 8.4s (event_type=bhajan, lang=hindi, topics=['guru-grace', 'devotion', 'self-surrender', 'bhakti', 'transformation'])
2026-07-09 09:59:05,680 | INFO | enrich_content_tags | tagging Dagshai 2002/07 JULY - 2002/DAGSHAI 13 - 15 JULY 2002/15 JUL - 5$ - 7 AM/05 GURUPURNIMA NAMAH.json (chars=13786, est_tokens=3446, strategy=single-pass)
2026-07-09 09:59:12,113 | INFO | enrich_content_tags | Dagshai 2002/07 JULY - 2002/DAGSHAI 13 - 15 JULY 2002/15 JUL - 5$ - 7 AM/05 GURUPURNIMA NAMAH.json: tagged in 6.6s (event_type=bhajan, lang=hindi, topics=['guru-shishya', 'formalities', 'devotion', 'self-realization', 'guru-purnima'])
2026-07-09 09:59:12,114 | INFO | enrich_content_tags | tagging Dagshai 2002/07 JULY - 2002/DAGSHAI 13 - 15 JULY 2002/15 JUL - 5$ - 7 AM/06 SAMBODHAN.json (chars=366, est_tokens=91, strategy=single-pass)
2026-07-09 09:59:13,960 | INFO | enrich_content_tags | Dagshai 2002/07 JULY - 2002/DAGSHAI 13 - 15 JULY 2002/15 JUL - 5$ - 7 AM/06 SAMBODHAN.json: tagged in 1.8s (event_type=meditation, lang=hindi, topics=['meditation', 'vibration', 'faith', 'spiritual-seating'])
2026-07-09 09:59:13,962 | INFO | enrich_content_tags | tagging Dagshai 2002/07 JULY - 2002/DAGSHAI 19 - 22 JULY 2002/19 JUL - 1$ - 7 PM/02 MEDITATION.json (chars=6256, est_tokens=1564, strategy=single-pass)
2026-07-09 09:59:17,902 | INFO | enrich_content_tags | Dagshai 2002/07 JULY - 2002/DAGSHAI 19 - 22 JULY 2002/19 JUL - 1$ - 7 PM/02 MEDITATION.json: tagged in 3.9s (event_type=meditation, lang=hindi, topics=['meditation', 'self-inquiry', 'bhakti', 'mental-health', 'divine-love'])
2026-07-09 09:59:17,903 | INFO | enrich_content_tags | tagging Dagshai 2002/07 JULY - 2002/DAGSHAI 19 - 22 JULY 2002/19 JUL - 1$ - 7 PM/03 BAN KE MERA HUMKADAM.json (chars=15938, est_tokens=3984, strategy=single-pass)
2026-07-09 09:59:23,640 | INFO | enrich_content_tags | Dagshai 2002/07 JULY - 2002/DAGSHAI 19 - 22 JULY 2002/19 JUL - 1$ - 7 PM/03 BAN KE MERA HUMKADAM.json: tagged in 5.8s (event_type=bhajan, lang=hindi, topics=['bhakti', 'guru-grace', 'self-inquiry', 'devotion', 'surrender'])
2026-07-09 09:59:23,641 | INFO | enrich_content_tags | tagging Dagshai 2002/07 JULY - 2002/DAGSHAI 19 - 22 JULY 2002/19 JUL - 1$ - 7 PM/04 GURUPURNIMA NAMAH (1).json (chars=2208, est_tokens=552, strategy=single-pass)
2026-07-09 09:59:28,206 | INFO | enrich_content_tags | Dagshai 2002/07 JULY - 2002/DAGSHAI 19 - 22 JULY 2002/19 JUL - 1$ - 7 PM/04 GURUPURNIMA NAMAH (1).json: tagged in 4.5s (event_type=bhajan, lang=hindi, topics=['guru-purnima', 'bhakti', 'nam-smaran', 'jnana', 'divine-love'])
2026-07-09 09:59:28,207 | INFO | enrich_content_tags | tagging Dagshai 2002/07 JULY - 2002/DAGSHAI 19 - 22 JULY 2002/19 JUL - 1$ - 7 PM/04 GURUPURNIMA NAMAH (2).json (chars=289, est_tokens=72, strategy=single-pass)
2026-07-09 09:59:31,034 | INFO | enrich_content_tags | Dagshai 2002/07 JULY - 2002/DAGSHAI 19 - 22 JULY 2002/19 JUL - 1$ - 7 PM/04 GURUPURNIMA NAMAH (2).json: tagged in 2.8s (event_type=bhajan, lang=hindi, topics=['bhajan', 'guru-purnima', 'devotion', 'chanting'])
2026-07-09 09:59:31,035 | INFO | enrich_content_tags | tagging Dagshai 2002/07 JULY - 2002/DAGSHAI 19 - 22 JULY 2002/19 JUL - 1$ - 7 PM/05 SAMBODHAN.json (chars=2923, est_tokens=730, strategy=single-pass)
2026-07-09 09:59:35,332 | INFO | enrich_content_tags | Dagshai 2002/07 JULY - 2002/DAGSHAI 19 - 22 JULY 2002/19 JUL - 1$ - 7 PM/05 SAMBODHAN.json: tagged in 4.3s (event_type=discourse, lang=mixed, topics=['meditation', 'simplicity', 'nature', 'health', 'devotion'])
2026-07-09 09:59:35,333 | INFO | enrich_content_tags | tagging Dagshai 2002/07 JULY - 2002/DAGSHAI 19 - 22 JULY 2002/20 JUL - 2$ - 730 AM/01 MEDITATION.json (chars=732, est_tokens=183, strategy=single-pass)
2026-07-09 09:59:38,252 | INFO | enrich_content_tags | Dagshai 2002/07 JULY - 2002/DAGSHAI 19 - 22 JULY 2002/20 JUL - 2$ - 730 AM/01 MEDITATION.json: tagged in 2.9s (event_type=meditation, lang=hindi, topics=['meditation', 'self-realization', 'divine-presence', 'bhakti', 'monsoon'])
2026-07-09 09:59:38,253 | INFO | enrich_content_tags | tagging Dagshai 2002/07 JULY - 2002/DAGSHAI 19 - 22 JULY 2002/20 JUL - 2$ - 730 AM/02 OM GURUVE NAMAH.json (chars=3577, est_tokens=894, strategy=single-pass)
2026-07-09 09:59:41,458 | INFO | enrich_content_tags | Dagshai 2002/07 JULY - 2002/DAGSHAI 19 - 22 JULY 2002/20 JUL - 2$ - 730 AM/02 OM GURUVE NAMAH.json: tagged in 3.2s (event_type=bhajan, lang=hindi, topics=['bhajan', 'guru-bhakti', 'devotion', 'monsoon-season', 'spiritual-songs'])
2026-07-09 09:59:41,459 | INFO | enrich_content_tags | tagging Dagshai 2002/07 JULY - 2002/DAGSHAI 19 - 22 JULY 2002/20 JUL - 2$ - 730 AM/03 PRAVACHAN.json (chars=1895, est_tokens=473, strategy=single-pass)
2026-07-09 09:59:55,680 | ERROR | enrich_content_tags | Dagshai 2002/07 JULY - 2002/DAGSHAI 19 - 22 JULY 2002/20 JUL - 2$ - 730 AM/03 PRAVACHAN.json: tagging failed (json decode failed: Unterminated string starting at: line 46 column 5 (char 3302)) — dead-letter dead_letter/tag_failures/Dagshai_2002_07_JULY_-_2002_DAGSHAI_19_-_22_JULY_2002_20_JUL_-_2__-_730_AM_03_PRAVACHAN.json.ab1615c2aa42.txt
2026-07-09 09:59:55,680 | ERROR | enrich_content_tags | [1907/9168] Dagshai 2002/07 JULY - 2002/DAGSHAI 19 - 22 JULY 2002/20 JUL - 2$ - 730 AM/03 PRAVACHAN.json: json decode failed: Unterminated string starting at: line 46 column 5 (char 3302)
2026-07-09 09:59:55,681 | INFO | enrich_content_tags | tagging Dagshai 2002/07 JULY - 2002/DAGSHAI 19 - 22 JULY 2002/20 JUL - 2$ - 730 AM/04 ZARA TO KHUL KE BARAS.json (chars=3059, est_tokens=764, strategy=single-pass)
2026-07-09 09:59:58,915 | INFO | enrich_content_tags | Dagshai 2002/07 JULY - 2002/DAGSHAI 19 - 22 JULY 2002/20 JUL - 2$ - 730 AM/04 ZARA TO KHUL KE BARAS.json: tagged in 3.2s (event_type=bhajan, lang=hindi, topics=['bhajan', 'divine-love', 'separation-pain', 'monsoon-devotion', 'spiritual-longing'])
2026-07-09 09:59:58,917 | INFO | enrich_content_tags | tagging Dagshai 2002/07 JULY - 2002/DAGSHAI 19 - 22 JULY 2002/20 JUL - 2$ - 730 AM/05 OM ONKAR.json (chars=251, est_tokens=62, strategy=single-pass)
2026-07-09 10:00:01,711 | INFO | enrich_content_tags | Dagshai 2002/07 JULY - 2002/DAGSHAI 19 - 22 JULY 2002/20 JUL - 2$ - 730 AM/05 OM ONKAR.json: tagged in 2.8s (event_type=bhajan, lang=hindi, topics=['bhajan', 'om-chanting', 'devotion'])
2026-07-09 10:00:01,712 | INFO | enrich_content_tags | tagging Dagshai 2002/07 JULY - 2002/DAGSHAI 19 - 22 JULY 2002/20 JUL - 2$ - 730 AM/06 SAMBODHAN.json (chars=935, est_tokens=233, strategy=single-pass)
2026-07-09 10:00:04,850 | INFO | enrich_content_tags | Dagshai 2002/07 JULY - 2002/DAGSHAI 19 - 22 JULY 2002/20 JUL - 2$ - 730 AM/06 SAMBODHAN.json: tagged in 3.1s (event_type=meditation, lang=hindi, topics=['meditation', 'nature-worship', 'silence', 'gratitude', 'spiritual-energy'])
2026-07-09 10:00:04,851 | INFO | enrich_content_tags | tagging Dagshai 2002/07 JULY - 2002/DAGSHAI 19 - 22 JULY 2002/20 JUL - 3$ - 1130 AM/01 MEDITATION.json (chars=4708, est_tokens=1177, strategy=single-pass)
2026-07-09 10:00:08,393 | INFO | enrich_content_tags | Dagshai 2002/07 JULY - 2002/DAGSHAI 19 - 22 JULY 2002/20 JUL - 3$ - 1130 AM/01 MEDITATION.json: tagged in 3.5s (event_type=meditation, lang=hindi, topics=['self-inquiry', 'mind-control', 'inner-peace', 'meditation-practice', 'spiritual-strength'])
2026-07-09 10:00:08,394 | INFO | enrich_content_tags | tagging Dagshai 2002/07 JULY - 2002/DAGSHAI 19 - 22 JULY 2002/20 JUL - 3$ - 1130 AM/02 SHLOK.json (chars=636, est_tokens=159, strategy=single-pass)
2026-07-09 10:00:11,622 | INFO | enrich_content_tags | Dagshai 2002/07 JULY - 2002/DAGSHAI 19 - 22 JULY 2002/20 JUL - 3$ - 1130 AM/02 SHLOK.json: tagged in 3.2s (event_type=bhajan, lang=hindi, topics=['bhajan', 'guru-bhakti', 'divine-attributes', 'monsoon-season', 'spiritual-devotion'])
2026-07-09 10:00:11,623 | INFO | enrich_content_tags | tagging Dagshai 2002/07 JULY - 2002/DAGSHAI 19 - 22 JULY 2002/20 JUL - 3$ - 1130 AM/03 GURUDEV MUJHE BHI.json (chars=23371, est_tokens=5842, strategy=single-pass)
2026-07-09 10:00:18,801 | INFO | enrich_content_tags | Dagshai 2002/07 JULY - 2002/DAGSHAI 19 - 22 JULY 2002/20 JUL - 3$ - 1130 AM/03 GURUDEV MUJHE BHI.json: tagged in 7.2s (event_type=bhajan, lang=hindi, topics=['guru-purnima', 'bhakti', 'self-surrender', 'divine-love', 'spiritual-transformation'])
2026-07-09 10:00:18,803 | INFO | enrich_content_tags | tagging Dagshai 2002/07 JULY - 2002/DAGSHAI 19 - 22 JULY 2002/20 JUL - 3$ - 1130 AM/04 BATON HI BATON MEIN.json (chars=1525, est_tokens=381, strategy=single-pass)
2026-07-09 10:00:21,568 | INFO | enrich_content_tags | Dagshai 2002/07 JULY - 2002/DAGSHAI 19 - 22 JULY 2002/20 JUL - 3$ - 1130 AM/04 BATON HI BATON MEIN.json: tagged in 2.8s (event_type=bhajan, lang=hindi, topics=['bhajan', 'time-pass', 'life-regret', 'spiritual-wealth', 'human-condition'])
2026-07-09 10:00:21,569 | INFO | enrich_content_tags | tagging Dagshai 2002/07 JULY - 2002/DAGSHAI 19 - 22 JULY 2002/20 JUL - 3$ - 1130 AM/05 AAYE HAIN TERE MAIKHANE MEIN.json (chars=4515, est_tokens=1128, strategy=single-pass)
2026-07-09 10:00:25,133 | INFO | enrich_content_tags | Dagshai 2002/07 JULY - 2002/DAGSHAI 19 - 22 JULY 2002/20 JUL - 3$ - 1130 AM/05 AAYE HAIN TERE MAIKHANE MEIN.json: tagged in 3.6s (event_type=bhajan, lang=hindi, topics=['guru-purnima', 'bhakti', 'surrender', 'devotion', 'spiritual-identity'])
2026-07-09 10:00:25,134 | INFO | enrich_content_tags | tagging Dagshai 2002/07 JULY - 2002/DAGSHAI 19 - 22 JULY 2002/20 JUL - 3$ - 1130 AM/06 GURUPURNIMA NAMAH (1).json (chars=1199, est_tokens=299, strategy=single-pass)
2026-07-09 10:00:28,615 | INFO | enrich_content_tags | Dagshai 2002/07 JULY - 2002/DAGSHAI 19 - 22 JULY 2002/20 JUL - 3$ - 1130 AM/06 GURUPURNIMA NAMAH (1).json: tagged in 3.5s (event_type=bhajan, lang=hindi, topics=['guru-purnima', 'bhakti', 'chanting', 'devotion', 'spiritual-sound'])
2026-07-09 10:00:28,616 | INFO | enrich_content_tags | tagging Dagshai 2002/07 JULY - 2002/DAGSHAI 19 - 22 JULY 2002/20 JUL - 3$ - 1130 AM/06 GURUPURNIMA NAMAH (2).json (chars=282, est_tokens=70, strategy=single-pass)
2026-07-09 10:00:31,227 | INFO | enrich_content_tags | Dagshai 2002/07 JULY - 2002/DAGSHAI 19 - 22 JULY 2002/20 JUL - 3$ - 1130 AM/06 GURUPURNIMA NAMAH (2).json: tagged in 2.6s (event_type=bhajan, lang=hindi, topics=['bhajan', 'guru-purnima', 'devotion', 'chanting'])
2026-07-09 10:00:31,228 | INFO | enrich_content_tags | tagging Dagshai 2002/07 JULY - 2002/DAGSHAI 19 - 22 JULY 2002/20 JUL - 3$ - 1130 AM/07 OM ONKAR.json (chars=249, est_tokens=62, strategy=single-pass)
2026-07-09 10:00:33,918 | INFO | enrich_content_tags | Dagshai 2002/07 JULY - 2002/DAGSHAI 19 - 22 JULY 2002/20 JUL - 3$ - 1130 AM/07 OM ONKAR.json: tagged in 2.7s (event_type=bhajan, lang=hindi, topics=['bhajan', 'om', 'devotion', 'chanting'])
2026-07-09 10:00:33,919 | INFO | enrich_content_tags | tagging Dagshai 2002/07 JULY - 2002/DAGSHAI 19 - 22 JULY 2002/20 JUL - 3$ - 1130 AM/08 SAMBODHAN.json (chars=897, est_tokens=224, strategy=single-pass)
2026-07-09 10:00:37,165 | INFO | enrich_content_tags | Dagshai 2002/07 JULY - 2002/DAGSHAI 19 - 22 JULY 2002/20 JUL - 3$ - 1130 AM/08 SAMBODHAN.json: tagged in 3.2s (event_type=meditation, lang=hindi, topics=['meditation', 'bhakti', 'devotion', 'spiritual-vibration', 'monsoon'])
2026-07-09 10:00:37,166 | INFO | enrich_content_tags | tagging Dagshai 2002/07 JULY - 2002/DAGSHAI 19 - 22 JULY 2002/20 JUL - 4$ - 630 PM/02 MEDITATION.json (chars=4549, est_tokens=1137, strategy=single-pass)
2026-07-09 10:00:41,239 | INFO | enrich_content_tags | Dagshai 2002/07 JULY - 2002/DAGSHAI 19 - 22 JULY 2002/20 JUL - 4$ - 630 PM/02 MEDITATION.json: tagged in 4.1s (event_type=meditation, lang=hindi, topics=['meditation', 'self-inquiry', 'mindfulness', 'inner-peace', 'devotion'])
2026-07-09 10:00:41,240 | INFO | enrich_content_tags | tagging Dagshai 2002/07 JULY - 2002/DAGSHAI 19 - 22 JULY 2002/20 JUL - 4$ - 630 PM/03 OM GURUVE NAMAH.json (chars=301, est_tokens=75, strategy=single-pass)
2026-07-09 10:00:44,043 | INFO | enrich_content_tags | Dagshai 2002/07 JULY - 2002/DAGSHAI 19 - 22 JULY 2002/20 JUL - 4$ - 630 PM/03 OM GURUVE NAMAH.json: tagged in 2.8s (event_type=bhajan, lang=hindi, topics=['invocation', 'devotion', 'guru-bhakti'])
2026-07-09 10:00:44,044 | INFO | enrich_content_tags | tagging Dagshai 2002/07 JULY - 2002/DAGSHAI 19 - 22 JULY 2002/20 JUL - 4$ - 630 PM/04 JAAG JAAG O MANUA.json (chars=14185, est_tokens=3546, strategy=single-pass)
2026-07-09 10:00:50,537 | INFO | enrich_content_tags | Dagshai 2002/07 JULY - 2002/DAGSHAI 19 - 22 JULY 2002/20 JUL - 4$ - 630 PM/04 JAAG JAAG O MANUA.json: tagged in 6.5s (event_type=bhajan, lang=hindi, topics=['guru-purnima', 'self-inquiry', 'inner-temple', 'stress-relief', 'spiritual-awakening'])
2026-07-09 10:00:50,538 | INFO | enrich_content_tags | tagging Dagshai 2002/07 JULY - 2002/DAGSHAI 19 - 22 JULY 2002/20 JUL - 4$ - 630 PM/05 MUJHE MERI MASTI (1).json (chars=7592, est_tokens=1898, strategy=single-pass)
2026-07-09 10:00:55,359 | INFO | enrich_content_tags | Dagshai 2002/07 JULY - 2002/DAGSHAI 19 - 22 JULY 2002/20 JUL - 4$ - 630 PM/05 MUJHE MERI MASTI (1).json: tagged in 4.8s (event_type=bhajan, lang=hindi, topics=['bhajan', 'devotion', 'self-inquiry', 'mindfulness', 'grace'])
2026-07-09 10:00:55,360 | INFO | enrich_content_tags | tagging Dagshai 2002/07 JULY - 2002/DAGSHAI 19 - 22 JULY 2002/20 JUL - 4$ - 630 PM/05 MUJHE MERI MASTI (2).json (chars=756, est_tokens=189, strategy=single-pass)
2026-07-09 10:00:58,866 | INFO | enrich_content_tags | Dagshai 2002/07 JULY - 2002/DAGSHAI 19 - 22 JULY 2002/20 JUL - 4$ - 630 PM/05 MUJHE MERI MASTI (2).json: tagged in 3.5s (event_type=bhajan, lang=hindi, topics=['meditation', 'self-inquiry', 'mind-control', 'present-moment', 'spiritual-practice'])
2026-07-09 10:00:58,867 | INFO | enrich_content_tags | tagging Dagshai 2002/07 JULY - 2002/DAGSHAI 19 - 22 JULY 2002/20 JUL - 4$ - 630 PM/06 MAIKHANE MEIN BAITHE.json (chars=6103, est_tokens=1525, strategy=single-pass)
2026-07-09 10:01:02,538 | INFO | enrich_content_tags | Dagshai 2002/07 JULY - 2002/DAGSHAI 19 - 22 JULY 2002/20 JUL - 4$ - 630 PM/06 MAIKHANE MEIN BAITHE.json: tagged in 3.7s (event_type=bhajan, lang=hindi, topics=['bhajan', 'devotion', 'self-inquiry', 'monsoon', 'spiritual-life'])
2026-07-09 10:01:02,539 | INFO | enrich_content_tags | tagging Dagshai 2002/07 JULY - 2002/DAGSHAI 19 - 22 JULY 2002/20 JUL - 4$ - 630 PM/07 JIS TARAF DEKHA DEEVANGI.json (chars=3228, est_tokens=807, strategy=single-pass)
2026-07-09 10:01:06,271 | INFO | enrich_content_tags | Dagshai 2002/07 JULY - 2002/DAGSHAI 19 - 22 JULY 2002/20 JUL - 4$ - 630 PM/07 JIS TARAF DEKHA DEEVANGI.json: tagged in 3.7s (event_type=bhajan, lang=hindi, topics=['bhakti', 'self-realization', 'devotion', 'inner-peace', 'monsoon'])
2026-07-09 10:01:06,272 | INFO | enrich_content_tags | tagging Dagshai 2002/07 JULY - 2002/DAGSHAI 19 - 22 JULY 2002/20 JUL - 4$ - 630 PM/08 MAIKHANE MEIN BAITHE.json (chars=851, est_tokens=212, strategy=single-pass)
2026-07-09 10:01:09,205 | INFO | enrich_content_tags | Dagshai 2002/07 JULY - 2002/DAGSHAI 19 - 22 JULY 2002/20 JUL - 4$ - 630 PM/08 MAIKHANE MEIN BAITHE.json: tagged in 2.9s (event_type=bhajan, lang=hindi, topics=['bhakti', 'divine-love', 'separation', 'devotion', 'spiritual-longing'])
2026-07-09 10:01:09,206 | INFO | enrich_content_tags | tagging Dagshai 2002/07 JULY - 2002/DAGSHAI 19 - 22 JULY 2002/20 JUL - 4$ - 630 PM/09 SAYA BHI JAB SAATH.json (chars=3475, est_tokens=868, strategy=single-pass)
2026-07-09 10:01:12,295 | INFO | enrich_content_tags | Dagshai 2002/07 JULY - 2002/DAGSHAI 19 - 22 JULY 2002/20 JUL - 4$ - 630 PM/09 SAYA BHI JAB SAATH.json: tagged in 3.1s (event_type=bhajan, lang=hindi, topics=['separation', 'devotion', 'vedanta', 'vedanta', 'bhakti'])
2026-07-09 10:01:12,297 | INFO | enrich_content_tags | tagging Dagshai 2002/07 JULY - 2002/DAGSHAI 19 - 22 JULY 2002/20 JUL - 4$ - 630 PM/10 NI MAIN YAAR.json (chars=3139, est_tokens=784, strategy=single-pass)
2026-07-09 10:02:07,202 | INFO | enrich_content_tags | Dagshai 2002/07 JULY - 2002/DAGSHAI 19 - 22 JULY 2002/20 JUL - 4$ - 630 PM/10 NI MAIN YAAR.json: tagged in 3.5s (event_type=bhajan, lang=hindi, topics=['bhajan', 'devotion', 'longing', 'guru-bhakti', 'spiritual-longing'])
2026-07-09 10:02:07,204 | INFO | enrich_content_tags | tagging Dagshai 2002/07 JULY - 2002/DAGSHAI 19 - 22 JULY 2002/20 JUL - 4$ - 630 PM/11 GURUPURNIMA NAMAH.json (chars=2429, est_tokens=607, strategy=single-pass)
2026-07-09 10:01:19,199 | INFO | enrich_content_tags | Dagshai 2002/07 JULY - 2002/DAGSHAI 19 - 22 JULY 2002/20 JUL - 4$ - 630 PM/11 GURUPURNIMA NAMAH.json: tagged in 3.4s (event_type=bhajan, lang=hindi, topics=['guru-purnima', 'bhakti', 'devotion', 'spiritual-joy', 'gratitude'])
2026-07-09 10:01:19,200 | INFO | enrich_content_tags | tagging Dagshai 2002/07 JULY - 2002/DAGSHAI 19 - 22 JULY 2002/20 JUL - 4$ - 630 PM/12 ISHQ KA RUTBA.json (chars=3809, est_tokens=952, strategy=single-pass)
2026-07-09 10:01:22,926 | INFO | enrich_content_tags | Dagshai 2002/07 JULY - 2002/DAGSHAI 19 - 22 JULY 2002/20 JUL - 4$ - 630 PM/12 ISHQ KA RUTBA.json: tagged in 3.7s (event_type=bhajan, lang=hindi, topics=['ishq', 'bhakti', 'divine-love', 'surrender', 'spiritual-transformation'])
2026-07-09 10:01:22,928 | INFO | enrich_content_tags | tagging Dagshai 2002/07 JULY - 2002/DAGSHAI 19 - 22 JULY 2002/20 JUL - 4$ - 630 PM/13 OM ONKAR.json (chars=252, est_tokens=63, strategy=single-pass)
2026-07-09 10:01:25,722 | INFO | enrich_content_tags | Dagshai 2002/07 JULY - 2002/DAGSHAI 19 - 22 JULY 2002/20 JUL - 4$ - 630 PM/13 OM ONKAR.json: tagged in 2.8s (event_type=bhajan, lang=hindi, topics=['bhajan', 'chanting', 'devotion'])
2026-07-09 10:01:25,723 | INFO | enrich_content_tags | tagging Dagshai 2002/07 JULY - 2002/DAGSHAI 19 - 22 JULY 2002/20 JUL - 4$ - 630 PM/14 NIT KHAIR MANGA (1).json (chars=1348, est_tokens=337, strategy=single-pass)
2026-07-09 10:01:29,097 | INFO | enrich_content_tags | Dagshai 2002/07 JULY - 2002/DAGSHAI 19 - 22 JULY 2002/20 JUL - 4$ - 630 PM/14 NIT KHAIR MANGA (1).json: tagged in 3.4s (event_type=bhajan, lang=hindi, topics=['bhajan', 'devotion', 'prayer', 'guru-bhakti', 'monsoon'])
2026-07-09 10:01:29,098 | INFO | enrich_content_tags | tagging Dagshai 2002/07 JULY - 2002/DAGSHAI 19 - 22 JULY 2002/20 JUL - 4$ - 630 PM/14 NIT KHAIR MANGA (2).json (chars=1935, est_tokens=483, strategy=single-pass)
2026-07-09 10:01:32,501 | INFO | enrich_content_tags | Dagshai 2002/07 JULY - 2002/DAGSHAI 19 - 22 JULY 2002/20 JUL - 4$ - 630 PM/14 NIT KHAIR MANGA (2).json: tagged in 3.4s (event_type=bhajan, lang=hindi, topics=['bhakti', 'devotion', 'surrender', 'divine-love', 'prayer'])
2026-07-09 10:01:32,502 | INFO | enrich_content_tags | tagging Dagshai 2002/07 JULY - 2002/DAGSHAI 19 - 22 JULY 2002/20 JUL - 4$ - 630 PM/15 OM ONKAR.json (chars=240, est_tokens=60, strategy=single-pass)
2026-07-09 10:01:35,315 | INFO | enrich_content_tags | Dagshai 2002/07 JULY - 2002/DAGSHAI 19 - 22 JULY 2002/20 JUL - 4$ - 630 PM/15 OM ONKAR.json: tagged in 2.8s (event_type=bhajan, lang=hindi, topics=['bhajan', 'devotion', 'spiritual-practice'])
2026-07-09 10:01:35,317 | INFO | enrich_content_tags | tagging Dagshai 2002/07 JULY - 2002/DAGSHAI 19 - 22 JULY 2002/20 JUL - 4$ - 630 PM/16 SAMBODHAN.json (chars=1135, est_tokens=283, strategy=single-pass)
2026-07-09 10:01:38,399 | INFO | enrich_content_tags | Dagshai 2002/07 JULY - 2002/DAGSHAI 19 - 22 JULY 2002/20 JUL - 4$ - 630 PM/16 SAMBODHAN.json: tagged in 3.1s (event_type=satsang, lang=hindi, topics=['guru-purnima', 'meditation', 'devotion', 'spiritual-path'])
2026-07-09 10:01:38,400 | INFO | enrich_content_tags | tagging Dagshai 2002/07 JULY - 2002/DAGSHAI 19 - 22 JULY 2002/20 JUL - 4$ - 630 PM/17 YE TO PREM KI BAATEN.json (chars=1547, est_tokens=386, strategy=single-pass)
2026-07-09 10:01:41,446 | INFO | enrich_content_tags | Dagshai 2002/07 JULY - 2002/DAGSHAI 19 - 22 JULY 2002/20 JUL - 4$ - 630 PM/17 YE TO PREM KI BAATEN.json: tagged in 3.0s (event_type=bhajan, lang=hindi, topics=['prem', 'bhakti', 'divine-love', 'devotion', 'surrender'])
2026-07-09 10:01:41,447 | INFO | enrich_content_tags | tagging Dagshai 2002/07 JULY - 2002/DAGSHAI 19 - 22 JULY 2002/20 JUL - 4$ - 630 PM/18 AAYE HAIN SAMJHANE LOG.json (chars=2375, est_tokens=593, strategy=single-pass)
2026-07-09 10:01:44,982 | INFO | enrich_content_tags | Dagshai 2002/07 JULY - 2002/DAGSHAI 19 - 22 JULY 2002/20 JUL - 4$ - 630 PM/18 AAYE HAIN SAMJHANE LOG.json: tagged in 3.6s (event_type=bhajan, lang=hindi, topics=['love', 'inner-peace', 'human-condition', 'ignorance', 'spiritual-awareness'])
2026-07-09 10:01:44,984 | INFO | enrich_content_tags | tagging Dagshai 2002/07 JULY - 2002/DAGSHAI 19 - 22 JULY 2002/20 JUL - 4$ - 630 PM/19 NA GHAR CHAHIYE.json (chars=3618, est_tokens=904, strategy=single-pass)
2026-07-09 10:01:48,052 | INFO | enrich_content_tags | Dagshai 2002/07 JULY - 2002/DAGSHAI 19 - 22 JULY 2002/20 JUL - 4$ - 630 PM/19 NA GHAR CHAHIYE.json: tagged in 3.0s (event_type=bhajan, lang=hindi, topics=['bhakti', 'divine-love', 'devotion', 'spiritual-longing', 'grace'])
2026-07-09 10:01:48,053 | INFO | enrich_content_tags | tagging Dagshai 2002/07 JULY - 2002/DAGSHAI 19 - 22 JULY 2002/20 JUL - 4$ - 630 PM/20 SAMBODHAN.json (chars=860, est_tokens=215, strategy=single-pass)
2026-07-09 10:01:51,497 | INFO | enrich_content_tags | Dagshai 2002/07 JULY - 2002/DAGSHAI 19 - 22 JULY 2002/20 JUL - 4$ - 630 PM/20 SAMBODHAN.json: tagged in 3.5s (event_type=discourse, lang=hindi, topics=['guru-purnima', 'spiritual-identity', 'devotion', 'monsoon-season'])
2026-07-09 10:01:51,499 | INFO | enrich_content_tags | tagging Dagshai 2002/07 JULY - 2002/DAGSHAI 19 - 22 JULY 2002/20 JUL - 4$ - 630 PM/21 SAMBODHAN & SANGAT BHAJAN.json (chars=765, est_tokens=191, strategy=single-pass)
2026-07-09 10:02:46,090 | INFO | enrich_content_tags | Dagshai 2002/07 JULY - 2002/DAGSHAI 19 - 22 JULY 2002/20 JUL - 4$ - 630 PM/21 SAMBODHAN & SANGAT BHAJAN.json: tagged in 3.2s (event_type=bhajan, lang=hindi, topics=['bhajan', 'devotion', 'monsoon', 'spiritual-songs'])
2026-07-09 10:02:46,091 | INFO | enrich_content_tags | tagging Dagshai 2002/07 JULY - 2002/DAGSHAI 19 - 22 JULY 2002/20 JUL - 4$ - 630 PM/22 SANGAT BHAJAN.json (chars=1103, est_tokens=275, strategy=single-pass)
2026-07-09 10:01:58,332 | INFO | enrich_content_tags | Dagshai 2002/07 JULY - 2002/DAGSHAI 19 - 22 JULY 2002/20 JUL - 4$ - 630 PM/22 SANGAT BHAJAN.json: tagged in 3.6s (event_type=bhajan, lang=hindi, topics=['bhajan', 'devotion', 'monsoon', 'spiritual-journey', 'community'])
2026-07-09 10:01:58,333 | INFO | enrich_content_tags | tagging Dagshai 2002/07 JULY - 2002/DAGSHAI 19 - 22 JULY 2002/20 JUL - 4$ - 630 PM/23 TERE DAR KA JO DEKHA.json (chars=815, est_tokens=203, strategy=single-pass)
2026-07-09 10:02:01,158 | INFO | enrich_content_tags | Dagshai 2002/07 JULY - 2002/DAGSHAI 19 - 22 JULY 2002/20 JUL - 4$ - 630 PM/23 TERE DAR KA JO DEKHA.json: tagged in 2.8s (event_type=bhajan, lang=hindi, topics=['bhajan', 'devotion', 'divine-presence', 'monsoon-season'])
2026-07-09 10:02:01,159 | INFO | enrich_content_tags | tagging Dagshai 2002/07 JULY - 2002/DAGSHAI 19 - 22 JULY 2002/20 JUL - 4$ - 630 PM/24 SAMBODHAN.json (chars=459, est_tokens=114, strategy=single-pass)
2026-07-09 10:02:03,609 | INFO | enrich_content_tags | Dagshai 2002/07 JULY - 2002/DAGSHAI 19 - 22 JULY 2002/20 JUL - 4$ - 630 PM/24 SAMBODHAN.json: tagged in 2.5s (event_type=satsang, lang=hindi, topics=['farewell', 'monsoon', 'spiritual-journey'])
2026-07-09 10:02:03,610 | INFO | enrich_content_tags | tagging Dagshai 2002/07 JULY - 2002/DAGSHAI 19 - 22 JULY 2002/21 JUL - 5$ - 7 AM/02 MEDITATION.json (chars=920, est_tokens=230, strategy=single-pass)
2026-07-09 10:02:06,164 | INFO | enrich_content_tags | Dagshai 2002/07 JULY - 2002/DAGSHAI 19 - 22 JULY 2002/21 JUL - 5$ - 7 AM/02 MEDITATION.json: tagged in 2.6s (event_type=meditation, lang=hindi, topics=['meditation', 'self-observation', 'inner-light', 'mind-control', 'guru-devotion'])
2026-07-09 10:02:06,165 | INFO | enrich_content_tags | tagging Dagshai 2002/07 JULY - 2002/DAGSHAI 19 - 22 JULY 2002/21 JUL - 5$ - 7 AM/03 OM GURUVE NAMAH.json (chars=421, est_tokens=105, strategy=single-pass)
2026-07-09 10:02:08,882 | INFO | enrich_content_tags | Dagshai 2002/07 JULY - 2002/DAGSHAI 19 - 22 JULY 2002/21 JUL - 5$ - 7 AM/03 OM GURUVE NAMAH.json: tagged in 2.7s (event_type=bhajan, lang=sanskrit, topics=['guru-devotion', 'chanting', 'monsoon-season'])
2026-07-09 10:02:08,883 | INFO | enrich_content_tags | tagging Dagshai 2002/07 JULY - 2002/DAGSHAI 19 - 22 JULY 2002/21 JUL - 5$ - 7 AM/04 GURUDEV MERE GURUDEV MERE (1).json (chars=2065, est_tokens=516, strategy=single-pass)
2026-07-09 10:02:12,459 | INFO | enrich_content_tags | Dagshai 2002/07 JULY - 2002/DAGSHAI 19 - 22 JULY 2002/21 JUL - 5$ - 7 AM/04 GURUDEV MERE GURUDEV MERE (1).json: tagged in 3.6s (event_type=bhajan, lang=hindi, topics=['bhakti', 'guru-bhakti', 'devotion', 'surrender', 'monsoon'])
2026-07-09 10:02:12,460 | INFO | enrich_content_tags | tagging Dagshai 2002/07 JULY - 2002/DAGSHAI 19 - 22 JULY 2002/21 JUL - 5$ - 7 AM/04 GURUDEV MERE GURUDEV MERE (2).json (chars=6872, est_tokens=1718, strategy=single-pass)
2026-07-09 10:02:16,766 | INFO | enrich_content_tags | Dagshai 2002/07 JULY - 2002/DAGSHAI 19 - 22 JULY 2002/21 JUL - 5$ - 7 AM/04 GURUDEV MERE GURUDEV MERE (2).json: tagged in 4.3s (event_type=bhajan, lang=hindi, topics=['bhakti', 'guru-grace', 'bhagavad-gita', 'vedavyasa', 'heart-opening'])
2026-07-09 10:02:16,767 | INFO | enrich_content_tags | tagging Dagshai 2002/07 JULY - 2002/DAGSHAI 19 - 22 JULY 2002/21 JUL - 5$ - 7 AM/05 JAAG UTHENGI DHYAN KI.json (chars=8965, est_tokens=2241, strategy=single-pass)
2026-07-09 10:02:22,305 | INFO | enrich_content_tags | Dagshai 2002/07 JULY - 2002/DAGSHAI 19 - 22 JULY 2002/21 JUL - 5$ - 7 AM/05 JAAG UTHENGI DHYAN KI.json: tagged in 5.6s (event_type=bhajan, lang=hindi, topics=['bhajan', 'self-inquiry', 'guru-grace', 'spiritual-courage', 'devotion'])
2026-07-09 10:02:22,306 | INFO | enrich_content_tags | tagging Dagshai 2002/07 JULY - 2002/DAGSHAI 19 - 22 JULY 2002/21 JUL - 5$ - 7 AM/06 MAHI O MAHI.json (chars=4290, est_tokens=1072, strategy=single-pass)
2026-07-09 10:02:26,472 | INFO | enrich_content_tags | Dagshai 2002/07 JULY - 2002/DAGSHAI 19 - 22 JULY 2002/21 JUL - 5$ - 7 AM/06 MAHI O MAHI.json: tagged in 4.2s (event_type=bhajan, lang=hindi, topics=['bhakti', 'devotion', 'love-of-god', 'spiritual-transformation', 'monsoon-season'])
2026-07-09 10:02:26,473 | INFO | enrich_content_tags | tagging Dagshai 2002/07 JULY - 2002/DAGSHAI 19 - 22 JULY 2002/21 JUL - 5$ - 7 AM/07 PRAVACHAN.json (chars=3843, est_tokens=960, strategy=single-pass)
2026-07-09 10:02:30,959 | INFO | enrich_content_tags | Dagshai 2002/07 JULY - 2002/DAGSHAI 19 - 22 JULY 2002/21 JUL - 5$ - 7 AM/07 PRAVACHAN.json: tagged in 4.5s (event_type=discourse, lang=hindi, topics=['divine-love', 'family-dynamics', 'spiritual-devotion', 'swami-vidyananda', 'motherly-sacrifice'])
2026-07-09 10:02:30,961 | INFO | enrich_content_tags | tagging Dagshai 2002/07 JULY - 2002/DAGSHAI 19 - 22 JULY 2002/21 JUL - 5$ - 7 AM/08 TERE DAR KA JO DEKHA.json (chars=3474, est_tokens=868, strategy=single-pass)
2026-07-09 10:02:34,459 | INFO | enrich_content_tags | Dagshai 2002/07 JULY - 2002/DAGSHAI 19 - 22 JULY 2002/21 JUL - 5$ - 7 AM/08 TERE DAR KA JO DEKHA.json: tagged in 3.5s (event_type=bhajan, lang=hindi, topics=['bhakti', 'divine-love', 'devotion', 'spiritual-suffering', 'meditation'])
2026-07-09 10:02:34,461 | INFO | enrich_content_tags | tagging Dagshai 2002/07 JULY - 2002/DAGSHAI 19 - 22 JULY 2002/21 JUL - 5$ - 7 AM/09 GURUPURNIMA NAMAH (1).json (chars=2611, est_tokens=652, strategy=single-pass)
2026-07-09 10:02:37,899 | INFO | enrich_content_tags | Dagshai 2002/07 JULY - 2002/DAGSHAI 19 - 22 JULY 2002/21 JUL - 5$ - 7 AM/09 GURUPURNIMA NAMAH (1).json: tagged in 3.5s (event_type=bhajan, lang=hindi, topics=['guru-purnima', 'bhakti', 'devotion', 'spiritual-longing', 'kabbir-sahib'])
2026-07-09 10:02:37,900 | INFO | enrich_content_tags | tagging Dagshai 2002/07 JULY - 2002/DAGSHAI 19 - 22 JULY 2002/21 JUL - 5$ - 7 AM/09 GURUPURNIMA NAMAH (2).json (chars=476, est_tokens=119, strategy=single-pass)
2026-07-09 10:02:51,766 | ERROR | enrich_content_tags | Dagshai 2002/07 JULY - 2002/DAGSHAI 19 - 22 JULY 2002/21 JUL - 5$ - 7 AM/09 GURUPURNIMA NAMAH (2).json: tagging failed (json decode failed: Unterminated string starting at: line 26 column 20 (char 549)) — dead-letter dead_letter/tag_failures/Dagshai_2002_07_JULY_-_2002_DAGSHAI_19_-_22_JULY_2002_21_JUL_-_5__-_7_AM_09_GURUPURNIMA_NAMAH__2_.js.3fda177ae612.txt
2026-07-09 10:02:51,767 | ERROR | enrich_content_tags | [1954/9168] Dagshai 2002/07 JULY - 2002/DAGSHAI 19 - 22 JULY 2002/21 JUL - 5$ - 7 AM/09 GURUPURNIMA NAMAH (2).json: json decode failed: Unterminated string starting at: line 26 column 20 (char 549)
2026-07-09 10:02:51,768 | INFO | enrich_content_tags | tagging Dagshai 2002/07 JULY - 2002/DAGSHAI 19 - 22 JULY 2002/21 JUL - 5$ - 7 AM/10 OM ONKAR.json (chars=251, est_tokens=62, strategy=single-pass)
2026-07-09 10:03:46,045 | INFO | enrich_content_tags | Dagshai 2002/07 JULY - 2002/DAGSHAI 19 - 22 JULY 2002/21 JUL - 5$ - 7 AM/10 OM ONKAR.json: tagged in 2.8s (event_type=bhajan, lang=hindi, topics=['chanting', 'divine-name', 'monsoon-season'])
2026-07-09 10:03:46,046 | INFO | enrich_content_tags | tagging Dagshai 2002/07 JULY - 2002/DAGSHAI 19 - 22 JULY 2002/21 JUL - 5$ - 7 AM/11 SAMBODHAN.json (chars=1488, est_tokens=372, strategy=single-pass)
2026-07-09 10:03:00,299 | INFO | enrich_content_tags | Dagshai 2002/07 JULY - 2002/DAGSHAI 19 - 22 JULY 2002/21 JUL - 5$ - 7 AM/11 SAMBODHAN.json: tagged in 5.7s (event_type=discourse, lang=hindi, topics=['meditation', 'monsoon', 'spiritual-journey', 'community-meetings', 'gratitude'])
2026-07-09 10:03:00,300 | INFO | enrich_content_tags | tagging Dagshai 2002/07 JULY - 2002/DAGSHAI 19 - 22 JULY 2002/21 JUL - 6$ - 630 PM/02 MEDITATION.json (chars=7909, est_tokens=1977, strategy=single-pass)
2026-07-09 10:03:56,857 | INFO | enrich_content_tags | Dagshai 2002/07 JULY - 2002/DAGSHAI 19 - 22 JULY 2002/21 JUL - 6$ - 630 PM/02 MEDITATION.json: tagged in 5.2s (event_type=meditation, lang=hindi, topics=['self-inquiry', 'meditation', 'mind-observation', 'guru-purnima', 'inner-witness'])
2026-07-09 10:03:56,858 | INFO | enrich_content_tags | tagging Dagshai 2002/07 JULY - 2002/DAGSHAI 19 - 22 JULY 2002/21 JUL - 6$ - 630 PM/03 SHLOK.json (chars=485, est_tokens=121, strategy=single-pass)
2026-07-09 10:03:59,903 | INFO | enrich_content_tags | Dagshai 2002/07 JULY - 2002/DAGSHAI 19 - 22 JULY 2002/21 JUL - 6$ - 630 PM/03 SHLOK.json: tagged in 3.0s (event_type=bhajan, lang=sanskrit, topics=['bhakti', 'divine-nature', 'surrender', 'spiritual-joy'])
2026-07-09 10:03:59,904 | INFO | enrich_content_tags | tagging Dagshai 2002/07 JULY - 2002/DAGSHAI 19 - 22 JULY 2002/21 JUL - 6$ - 630 PM/04 SUNI MALKA MERI KOOK.json (chars=12576, est_tokens=3144, strategy=single-pass)
2026-07-09 10:04:05,254 | INFO | enrich_content_tags | Dagshai 2002/07 JULY - 2002/DAGSHAI 19 - 22 JULY 2002/21 JUL - 6$ - 630 PM/04 SUNI MALKA MERI KOOK.json: tagged in 5.3s (event_type=bhajan, lang=hindi, topics=['bhajan', 'guru-purnima', 'self-surrender', 'divine-love', 'ego-dissolution'])
2026-07-09 10:04:05,255 | INFO | enrich_content_tags | tagging Dagshai 2002/07 JULY - 2002/DAGSHAI 19 - 22 JULY 2002/21 JUL - 6$ - 630 PM/05 AAYE HAIN TERE MAIKHANE (1).json (chars=4792, est_tokens=1198, strategy=single-pass)
2026-07-09 10:03:17,715 | INFO | enrich_content_tags | Dagshai 2002/07 JULY - 2002/DAGSHAI 19 - 22 JULY 2002/21 JUL - 6$ - 630 PM/05 AAYE HAIN TERE MAIKHANE (1).json: tagged in 3.9s (event_type=bhajan, lang=hindi, topics=['guru-purnima', 'meditation', 'devotion', 'living-entity', 'spiritual-search'])
2026-07-09 10:03:17,716 | INFO | enrich_content_tags | tagging Dagshai 2002/07 JULY - 2002/DAGSHAI 19 - 22 JULY 2002/21 JUL - 6$ - 630 PM/05 AAYE HAIN TERE MAIKHANE (2).json (chars=6524, est_tokens=1631, strategy=single-pass)
2026-07-09 10:03:22,490 | INFO | enrich_content_tags | Dagshai 2002/07 JULY - 2002/DAGSHAI 19 - 22 JULY 2002/21 JUL - 6$ - 630 PM/05 AAYE HAIN TERE MAIKHANE (2).json: tagged in 4.8s (event_type=bhajan, lang=hindi, topics=['bhakti', 'divine-love', 'ego-death', 'worldly-renunciation', 'guru-devotion'])
2026-07-09 10:03:22,492 | INFO | enrich_content_tags | tagging Dagshai 2002/07 JULY - 2002/DAGSHAI 19 - 22 JULY 2002/21 JUL - 6$ - 630 PM/06 GURUPURNIMA NAMAH.json (chars=2290, est_tokens=572, strategy=single-pass)
2026-07-09 10:03:26,274 | INFO | enrich_content_tags | Dagshai 2002/07 JULY - 2002/DAGSHAI 19 - 22 JULY 2002/21 JUL - 6$ - 630 PM/06 GURUPURNIMA NAMAH.json: tagged in 3.8s (event_type=bhajan, lang=hindi, topics=['guru-purnima', 'bhakti', 'devotion', 'spiritual-light', 'guru-shakti'])
2026-07-09 10:03:26,275 | INFO | enrich_content_tags | tagging Dagshai 2002/07 JULY - 2002/DAGSHAI 19 - 22 JULY 2002/21 JUL - 6$ - 630 PM/07 OM ONKAR.json (chars=247, est_tokens=61, strategy=single-pass)
2026-07-09 10:03:28,917 | INFO | enrich_content_tags | Dagshai 2002/07 JULY - 2002/DAGSHAI 19 - 22 JULY 2002/21 JUL - 6$ - 630 PM/07 OM ONKAR.json: tagged in 2.6s (event_type=bhajan, lang=hindi, topics=['chanting', 'divine-name', 'devotion'])
2026-07-09 10:03:28,918 | INFO | enrich_content_tags | tagging Dagshai 2002/07 JULY - 2002/DAGSHAI 19 - 22 JULY 2002/21 JUL - 6$ - 630 PM/08 SAMBODHAN.json (chars=1798, est_tokens=449, strategy=single-pass)
2026-07-09 10:03:33,128 | INFO | enrich_content_tags | Dagshai 2002/07 JULY - 2002/DAGSHAI 19 - 22 JULY 2002/21 JUL - 6$ - 630 PM/08 SAMBODHAN.json: tagged in 4.2s (event_type=satsang, lang=hindi, topics=['guru-purnima', 'meditation', 'mindfulness', 'monsoon', 'devotion'])
2026-07-09 10:03:33,129 | INFO | enrich_content_tags | tagging Dagshai 2002/07 JULY - 2002/DAGSHAI 19 - 22 JULY 2002/22 JUL - 7$ - 730 AM/02 MEDITATION.json (chars=435, est_tokens=108, strategy=single-pass)
2026-07-09 10:03:35,902 | INFO | enrich_content_tags | Dagshai 2002/07 JULY - 2002/DAGSHAI 19 - 22 JULY 2002/22 JUL - 7$ - 730 AM/02 MEDITATION.json: tagged in 2.8s (event_type=meditation, lang=hindi, topics=['meditation', 'chanting', 'water-element', 'devotion', 'monsoon'])
2026-07-09 10:03:35,903 | INFO | enrich_content_tags | tagging Dagshai 2002/07 JULY - 2002/DAGSHAI 19 - 22 JULY 2002/22 JUL - 7$ - 730 AM/03 OM GURUVE NAMAH.json (chars=2183, est_tokens=545, strategy=single-pass)
2026-07-09 10:03:39,068 | INFO | enrich_content_tags | Dagshai 2002/07 JULY - 2002/DAGSHAI 19 - 22 JULY 2002/22 JUL - 7$ - 730 AM/03 OM GURUVE NAMAH.json: tagged in 3.2s (event_type=bhajan, lang=hindi, topics=['bhakti', 'guru-bhakti', 'self-surrender', 'devotion', 'spiritual-identity'])
2026-07-09 10:03:39,069 | INFO | enrich_content_tags | tagging Dagshai 2002/07 JULY - 2002/DAGSHAI 19 - 22 JULY 2002/22 JUL - 7$ - 730 AM/04 PRAVACHAN.json (chars=2774, est_tokens=693, strategy=single-pass)
2026-07-09 10:03:42,721 | INFO | enrich_content_tags | Dagshai 2002/07 JULY - 2002/DAGSHAI 19 - 22 JULY 2002/22 JUL - 7$ - 730 AM/04 PRAVACHAN.json: tagged in 3.7s (event_type=discourse, lang=hindi, topics=['self-inquiry', 'meditation', 'inner-journey', 'spiritual-realization', 'satsang'])
2026-07-09 10:03:42,722 | INFO | enrich_content_tags | tagging Dagshai 2002/07 JULY - 2002/DAGSHAI 19 - 22 JULY 2002/22 JUL - 7$ - 730 AM/05 IS YOGYE HUM KAHAN HAIN (1).json (chars=3934, est_tokens=983, strategy=single-pass)
2026-07-09 10:03:45,859 | INFO | enrich_content_tags | Dagshai 2002/07 JULY - 2002/DAGSHAI 19 - 22 JULY 2002/22 JUL - 7$ - 730 AM/05 IS YOGYE HUM KAHAN HAIN (1).json: tagged in 3.1s (event_type=bhajan, lang=hindi, topics=['bhajan', 'self-inquiry', 'maya', 'human-condition', 'spiritual-awareness'])
2026-07-09 10:03:45,861 | INFO | enrich_content_tags | tagging Dagshai 2002/07 JULY - 2002/DAGSHAI 19 - 22 JULY 2002/22 JUL - 7$ - 730 AM/05 IS YOGYE HUM KAHAN HAIN (2).json (chars=3928, est_tokens=982, strategy=single-pass)
2026-07-09 10:03:49,522 | INFO | enrich_content_tags | Dagshai 2002/07 JULY - 2002/DAGSHAI 19 - 22 JULY 2002/22 JUL - 7$ - 730 AM/05 IS YOGYE HUM KAHAN HAIN (2).json: tagged in 3.7s (event_type=bhajan, lang=hindi, topics=['self-inquiry', 'worldly-attachment', 'inner-peace', 'human-nature', 'spiritual-surrender'])
2026-07-09 10:03:49,523 | INFO | enrich_content_tags | tagging Dagshai 2002/07 JULY - 2002/DAGSHAI 19 - 22 JULY 2002/22 JUL - 7$ - 730 AM/06 GUM SABHI RAAH KE.json (chars=1418, est_tokens=354, strategy=single-pass)
2026-07-09 10:03:52,193 | INFO | enrich_content_tags | Dagshai 2002/07 JULY - 2002/DAGSHAI 19 - 22 JULY 2002/22 JUL - 7$ - 730 AM/06 GUM SABHI RAAH KE.json: tagged in 2.7s (event_type=bhajan, lang=hindi, topics=['bhajan', 'grace', 'devotion', 'transformation', 'love'])
2026-07-09 10:03:52,194 | INFO | enrich_content_tags | tagging Dagshai 2002/07 JULY - 2002/DAGSHAI 19 - 22 JULY 2002/22 JUL - 7$ - 730 AM/07 OM ONKAR.json (chars=247, est_tokens=61, strategy=single-pass)
2026-07-09 10:04:46,231 | INFO | enrich_content_tags | Dagshai 2002/07 JULY - 2002/DAGSHAI 19 - 22 JULY 2002/22 JUL - 7$ - 730 AM/07 OM ONKAR.json: tagged in 2.6s (event_type=bhajan, lang=hindi, topics=['chanting', 'divine-name', 'devotion'])
2026-07-09 10:04:46,232 | INFO | enrich_content_tags | tagging Dagshai 2002/07 JULY - 2002/DAGSHAI 19 - 22 JULY 2002/22 JUL - 7$ - 730 AM/08 SAMBODHAN.json (chars=992, est_tokens=248, strategy=single-pass)
2026-07-09 10:03:58,409 | INFO | enrich_content_tags | Dagshai 2002/07 JULY - 2002/DAGSHAI 19 - 22 JULY 2002/22 JUL - 7$ - 730 AM/08 SAMBODHAN.json: tagged in 3.6s (event_type=meditation, lang=hindi, topics=['morning-meditation', 'schedule-announcement', 'inner-peace', 'guru-devotion', 'monsoon-season'])
2026-07-09 10:03:58,410 | INFO | enrich_content_tags | tagging Dagshai 2002/07 JULY - 2002/DAGSHAI 19 - 22 JULY 2002/22 JUL - 8$ - 1130 AM/02 MEDITATION.json (chars=1159, est_tokens=289, strategy=single-pass)
2026-07-09 10:04:00,976 | INFO | enrich_content_tags | Dagshai 2002/07 JULY - 2002/DAGSHAI 19 - 22 JULY 2002/22 JUL - 8$ - 1130 AM/02 MEDITATION.json: tagged in 2.6s (event_type=meditation, lang=hindi, topics=['meditation', 'self-inquiry', 'awareness', 'inner-seeing', 'consciousness'])
2026-07-09 10:04:00,978 | INFO | enrich_content_tags | tagging Dagshai 2002/07 JULY - 2002/DAGSHAI 19 - 22 JULY 2002/22 JUL - 8$ - 1130 AM/03 AA CHHOD KE SABHI SAHARE (1).json (chars=16944, est_tokens=4236, strategy=single-pass)
2026-07-09 10:04:17,603 | ERROR | enrich_content_tags | Dagshai 2002/07 JULY - 2002/DAGSHAI 19 - 22 JULY 2002/22 JUL - 8$ - 1130 AM/03 AA CHHOD KE SABHI SAHARE (1).json: tagging failed (json decode failed: Unterminated string starting at: line 269 column 5 (char 4400)) — dead-letter dead_letter/tag_failures/Dagshai_2002_07_JULY_-_2002_DAGSHAI_19_-_22_JULY_2002_22_JUL_-_8__-_1130_AM_03_AA_CHHOD_KE_SABHI_SAH.c75502b26734.txt
2026-07-09 10:04:17,603 | ERROR | enrich_content_tags | [1974/9168] Dagshai 2002/07 JULY - 2002/DAGSHAI 19 - 22 JULY 2002/22 JUL - 8$ - 1130 AM/03 AA CHHOD KE SABHI SAHARE (1).json: json decode failed: Unterminated string starting at: line 269 column 5 (char 4400)
2026-07-09 10:04:17,604 | INFO | enrich_content_tags | tagging Dagshai 2002/07 JULY - 2002/DAGSHAI 19 - 22 JULY 2002/22 JUL - 8$ - 1130 AM/03 AA CHHOD KE SABHI SAHARE (2).json (chars=7456, est_tokens=1864, strategy=single-pass)
2026-07-09 10:04:22,715 | INFO | enrich_content_tags | Dagshai 2002/07 JULY - 2002/DAGSHAI 19 - 22 JULY 2002/22 JUL - 8$ - 1130 AM/03 AA CHHOD KE SABHI SAHARE (2).json: tagged in 5.1s (event_type=bhajan, lang=hindi, topics=['self-surrender', 'death-transformation', 'guru-grace', 'monsoon-devotion', 'inner-thirst'])
2026-07-09 10:04:22,717 | INFO | enrich_content_tags | tagging Dagshai 2002/07 JULY - 2002/DAGSHAI 19 - 22 JULY 2002/22 JUL - 8$ - 1130 AM/04 DIL DENA DILVAR KO.json (chars=765, est_tokens=191, strategy=single-pass)
2026-07-09 10:04:25,258 | INFO | enrich_content_tags | Dagshai 2002/07 JULY - 2002/DAGSHAI 19 - 22 JULY 2002/22 JUL - 8$ - 1130 AM/04 DIL DENA DILVAR KO.json: tagged in 2.5s (event_type=bhajan, lang=hindi, topics=['bhakti', 'devotion', 'love', 'surrender'])
2026-07-09 10:04:25,259 | INFO | enrich_content_tags | tagging Dagshai 2002/07 JULY - 2002/DAGSHAI 19 - 22 JULY 2002/22 JUL - 8$ - 1130 AM/05 GURUPURNIMA NAMAH.json (chars=1776, est_tokens=444, strategy=single-pass)
2026-07-09 10:04:28,975 | INFO | enrich_content_tags | Dagshai 2002/07 JULY - 2002/DAGSHAI 19 - 22 JULY 2002/22 JUL - 8$ - 1130 AM/05 GURUPURNIMA NAMAH.json: tagged in 3.7s (event_type=bhajan, lang=hindi, topics=['guru-purnima', 'devotion', 'simplicity', 'spiritual-practice', 'love'])
2026-07-09 10:04:28,976 | INFO | enrich_content_tags | tagging Dagshai 2002/07 JULY - 2002/DAGSHAI 19 - 22 JULY 2002/22 JUL - 8$ - 1130 AM/06 KOI MANE YA NA MANE.json (chars=1353, est_tokens=338, strategy=single-pass)
2026-07-09 10:04:31,937 | INFO | enrich_content_tags | Dagshai 2002/07 JULY - 2002/DAGSHAI 19 - 22 JULY 2002/22 JUL - 8$ - 1130 AM/06 KOI MANE YA NA MANE.json: tagged in 3.0s (event_type=bhajan, lang=hindi, topics=['bhakti', 'divine-love', 'devotion', 'spiritual-longing'])
2026-07-09 10:04:31,938 | INFO | enrich_content_tags | tagging Dagshai 2002/07 JULY - 2002/DAGSHAI 19 - 22 JULY 2002/22 JUL - 8$ - 1130 AM/07 NI MAIN YAAR.json (chars=2052, est_tokens=513, strategy=single-pass)
2026-07-09 10:04:35,318 | INFO | enrich_content_tags | Dagshai 2002/07 JULY - 2002/DAGSHAI 19 - 22 JULY 2002/22 JUL - 8$ - 1130 AM/07 NI MAIN YAAR.json: tagged in 3.4s (event_type=bhajan, lang=hindi, topics=['guru-purnima', 'devotion', 'spiritual-longing', 'inner-peace', 'bhakti'])
2026-07-09 10:04:35,319 | INFO | enrich_content_tags | tagging Dagshai 2002/07 JULY - 2002/DAGSHAI 19 - 22 JULY 2002/22 JUL - 8$ - 1130 AM/08 NAMO NAMAH.json (chars=258, est_tokens=64, strategy=single-pass)
2026-07-09 10:04:38,152 | INFO | enrich_content_tags | Dagshai 2002/07 JULY - 2002/DAGSHAI 19 - 22 JULY 2002/22 JUL - 8$ - 1130 AM/08 NAMO NAMAH.json: tagged in 2.8s (event_type=bhajan, lang=hindi, topics=['devotion', 'chanting', 'namo-namah', 'monsoon-season'])
2026-07-09 10:04:38,153 | INFO | enrich_content_tags | tagging Dagshai 2002/07 JULY - 2002/DAGSHAI 19 - 22 JULY 2002/22 JUL - 8$ - 1130 AM/09 OM ONKAR.json (chars=246, est_tokens=61, strategy=single-pass)
2026-07-09 10:04:40,922 | INFO | enrich_content_tags | Dagshai 2002/07 JULY - 2002/DAGSHAI 19 - 22 JULY 2002/22 JUL - 8$ - 1130 AM/09 OM ONKAR.json: tagged in 2.7s (event_type=bhajan, lang=hindi, topics=['bhajan', 'om-onkar', 'devotional-singing'])
2026-07-09 10:04:40,923 | INFO | enrich_content_tags | tagging Dagshai 2002/07 JULY - 2002/DAGSHAI 19 - 22 JULY 2002/22 JUL - 8$ - 1130 AM/10 SAMBODHAN.json (chars=1020, est_tokens=255, strategy=single-pass)
2026-07-09 10:04:45,240 | INFO | enrich_content_tags | Dagshai 2002/07 JULY - 2002/DAGSHAI 19 - 22 JULY 2002/22 JUL - 8$ - 1130 AM/10 SAMBODHAN.json: tagged in 4.3s (event_type=satsang, lang=hindi, topics=['satsang', 'nature-walk', 'schedule', 'gratitude', 'monsoon'])
2026-07-09 10:04:45,241 | INFO | enrich_content_tags | tagging Dagshai 2002/07 JULY - 2002/DAGSHAI 19 - 22 JULY 2002/22 JUL - 9$ - 7 PM/02 MEDITATION.json (chars=1520, est_tokens=380, strategy=single-pass)
2026-07-09 10:04:48,436 | INFO | enrich_content_tags | Dagshai 2002/07 JULY - 2002/DAGSHAI 19 - 22 JULY 2002/22 JUL - 9$ - 7 PM/02 MEDITATION.json: tagged in 3.2s (event_type=meditation, lang=hindi, topics=['meditation', 'thoughtlessness', 'self-inquiry', 'devotion', 'surrender'])
2026-07-09 10:04:48,437 | INFO | enrich_content_tags | tagging Dagshai 2002/07 JULY - 2002/DAGSHAI 19 - 22 JULY 2002/22 JUL - 9$ - 7 PM/03 OM GURUVE NAMAH.json (chars=642, est_tokens=160, strategy=single-pass)
2026-07-09 10:04:51,155 | INFO | enrich_content_tags | Dagshai 2002/07 JULY - 2002/DAGSHAI 19 - 22 JULY 2002/22 JUL - 9$ - 7 PM/03 OM GURUVE NAMAH.json: tagged in 2.7s (event_type=bhajan, lang=sanskrit, topics=['devotion', 'chanting', 'guru-bhakti', 'monsoon-season'])
2026-07-09 10:04:51,157 | INFO | enrich_content_tags | tagging Dagshai 2002/07 JULY - 2002/DAGSHAI 19 - 22 JULY 2002/22 JUL - 9$ - 7 PM/04 DHOOL TERE CHARNO KI (1).json (chars=6731, est_tokens=1682, strategy=single-pass)
2026-07-09 10:04:55,241 | INFO | enrich_content_tags | Dagshai 2002/07 JULY - 2002/DAGSHAI 19 - 22 JULY 2002/22 JUL - 9$ - 7 PM/04 DHOOL TERE CHARNO KI (1).json: tagged in 4.1s (event_type=bhajan, lang=hindi, topics=['guru-devotion', 'surrender', 'ashram-life', 'bhakti-yoga', 'maha-bharata'])
2026-07-09 10:04:55,243 | INFO | enrich_content_tags | tagging Dagshai 2002/07 JULY - 2002/DAGSHAI 19 - 22 JULY 2002/22 JUL - 9$ - 7 PM/04 DHOOL TERE CHARNO KI (2).json (chars=5090, est_tokens=1272, strategy=single-pass)
2026-07-09 10:04:59,577 | INFO | enrich_content_tags | Dagshai 2002/07 JULY - 2002/DAGSHAI 19 - 22 JULY 2002/22 JUL - 9$ - 7 PM/04 DHOOL TERE CHARNO KI (2).json: tagged in 4.3s (event_type=bhajan, lang=hindi, topics=['guru-devotion', 'bhakti-yoga', 'human-body', 'spiritual-path', 'bhagwan-ram'])
2026-07-09 10:04:59,578 | INFO | enrich_content_tags | tagging Dagshai 2002/07 JULY - 2002/DAGSHAI 19 - 22 JULY 2002/22 JUL - 9$ - 7 PM/05 AA TUJHE MAIN GUNGUNANA.json (chars=5014, est_tokens=1253, strategy=single-pass)
2026-07-09 10:05:03,466 | INFO | enrich_content_tags | Dagshai 2002/07 JULY - 2002/DAGSHAI 19 - 22 JULY 2002/22 JUL - 9$ - 7 PM/05 AA TUJHE MAIN GUNGUNANA.json: tagged in 3.9s (event_type=bhajan, lang=hindi, topics=['bhakti', 'self-inquiry', 'inner-light', 'social-suffering', 'guru-devotion'])
2026-07-09 10:05:03,468 | INFO | enrich_content_tags | tagging Dagshai 2002/07 JULY - 2002/DAGSHAI 19 - 22 JULY 2002/22 JUL - 9$ - 7 PM/06 GURUPURNIMA NAMAH.json (chars=836, est_tokens=209, strategy=single-pass)
2026-07-09 10:05:06,129 | INFO | enrich_content_tags | Dagshai 2002/07 JULY - 2002/DAGSHAI 19 - 22 JULY 2002/22 JUL - 9$ - 7 PM/06 GURUPURNIMA NAMAH.json: tagged in 2.7s (event_type=bhajan, lang=hindi, topics=['guru-purnima', 'bhakti', 'chanting', 'devotion'])
2026-07-09 10:05:06,130 | INFO | enrich_content_tags | tagging Dagshai 2002/07 JULY - 2002/DAGSHAI 19 - 22 JULY 2002/22 JUL - 9$ - 7 PM/07 SAMBODHAN.json (chars=1388, est_tokens=347, strategy=single-pass)
2026-07-09 10:05:09,221 | INFO | enrich_content_tags | Dagshai 2002/07 JULY - 2002/DAGSHAI 19 - 22 JULY 2002/22 JUL - 9$ - 7 PM/07 SAMBODHAN.json: tagged in 3.1s (event_type=discourse, lang=hindi, topics=['guru-purnima', 'bhakti', 'divine-love', 'spiritual-power', 'devotion'])
2026-07-09 10:05:09,223 | INFO | enrich_content_tags | tagging Dagshai 2002/07 JULY - 2002/DAGSHAI 19 - 22 JULY 2002/22 JUL - 9$ - 7 PM/08 ISHQ KA RUTBA.json (chars=3755, est_tokens=938, strategy=single-pass)
2026-07-09 10:05:12,893 | INFO | enrich_content_tags | Dagshai 2002/07 JULY - 2002/DAGSHAI 19 - 22 JULY 2002/22 JUL - 9$ - 7 PM/08 ISHQ KA RUTBA.json: tagged in 3.7s (event_type=bhajan, lang=hindi, topics=['ishq', 'bhakti', 'monsoon', 'devotion', 'surrender'])
2026-07-09 10:05:12,894 | INFO | enrich_content_tags | tagging Dagshai 2002/07 JULY - 2002/DAGSHAI 19 - 22 JULY 2002/22 JUL - 9$ - 7 PM/09 TERE DAR KA JO DEKHA.json (chars=3270, est_tokens=817, strategy=single-pass)
2026-07-09 10:05:16,716 | INFO | enrich_content_tags | Dagshai 2002/07 JULY - 2002/DAGSHAI 19 - 22 JULY 2002/22 JUL - 9$ - 7 PM/09 TERE DAR KA JO DEKHA.json: tagged in 3.8s (event_type=bhajan, lang=hindi, topics=['devotion', 'divine-presence', 'self-surrender', 'spiritual-longing', 'bhakti'])
2026-07-09 10:05:16,717 | INFO | enrich_content_tags | tagging Dagshai 2002/07 JULY - 2002/DAGSHAI 19 - 22 JULY 2002/22 JUL - 9$ - 7 PM/10 BALDI AGG HANERIYAN WALI.json (chars=2756, est_tokens=689, strategy=single-pass)
2026-07-09 10:05:20,177 | INFO | enrich_content_tags | Dagshai 2002/07 JULY - 2002/DAGSHAI 19 - 22 JULY 2002/22 JUL - 9$ - 7 PM/10 BALDI AGG HANERIYAN WALI.json: tagged in 3.5s (event_type=bhajan, lang=hindi, topics=['bhajan', 'devotion', 'suffering', 'divine-love', 'spiritual-identity'])
2026-07-09 10:05:20,178 | INFO | enrich_content_tags | tagging Dagshai 2002/07 JULY - 2002/DAGSHAI 19 - 22 JULY 2002/22 JUL - 9$ - 7 PM/11 OM ONKAR.json (chars=246, est_tokens=61, strategy=single-pass)
2026-07-09 10:05:22,620 | INFO | enrich_content_tags | Dagshai 2002/07 JULY - 2002/DAGSHAI 19 - 22 JULY 2002/22 JUL - 9$ - 7 PM/11 OM ONKAR.json: tagged in 2.4s (event_type=bhajan, lang=hindi, topics=['chanting', 'divine-name', 'devotion'])
2026-07-09 10:05:22,622 | INFO | enrich_content_tags | tagging Dagshai 2002/07 JULY - 2002/DAGSHAI 19 - 22 JULY 2002/22 JUL - 9$ - 7 PM/12 SAMBODHAN.json (chars=2284, est_tokens=571, strategy=single-pass)
2026-07-09 10:05:26,214 | INFO | enrich_content_tags | Dagshai 2002/07 JULY - 2002/DAGSHAI 19 - 22 JULY 2002/22 JUL - 9$ - 7 PM/12 SAMBODHAN.json: tagged in 3.6s (event_type=satsang, lang=hindi, topics=['gru-purnima', 'vishwas-meditation', 'life-health', 'nature-blessings', 'travel-advice'])
2026-07-09 10:05:26,216 | INFO | enrich_content_tags | tagging Dagshai 2002/07 JULY - 2002/DAGSHAI 6 - 7 JULY 2002/6 JULY - 1$ - 630 PM/01 MEDITATION (EVENING).json (chars=1467, est_tokens=366, strategy=single-pass)
2026-07-09 10:05:29,229 | INFO | enrich_content_tags | Dagshai 2002/07 JULY - 2002/DAGSHAI 6 - 7 JULY 2002/6 JULY - 1$ - 630 PM/01 MEDITATION (EVENING).json: tagged in 3.0s (event_type=bhajan, lang=hindi, topics=['meditation', 'self-observation', 'mind-control', 'evening-prayer', 'spiritual-discipline'])
2026-07-09 10:05:29,230 | INFO | enrich_content_tags | tagging Dagshai 2002/07 JULY - 2002/DAGSHAI 6 - 7 JULY 2002/6 JULY - 1$ - 630 PM/02 DHYAN HARI KA.json (chars=9886, est_tokens=2471, strategy=single-pass)
2026-07-09 10:05:34,619 | INFO | enrich_content_tags | Dagshai 2002/07 JULY - 2002/DAGSHAI 6 - 7 JULY 2002/6 JULY - 1$ - 630 PM/02 DHYAN HARI KA.json: tagged in 5.4s (event_type=bhajan, lang=hindi, topics=['self-realization', 'meditation', 'inner-divinity', 'life-purpose', 'devotion'])
2026-07-09 10:05:34,620 | INFO | enrich_content_tags | tagging Dagshai 2002/07 JULY - 2002/DAGSHAI 6 - 7 JULY 2002/6 JULY - 1$ - 630 PM/03 OM GURUVE NAMAH.json (chars=1531, est_tokens=382, strategy=single-pass)
2026-07-09 10:05:37,404 | INFO | enrich_content_tags | Dagshai 2002/07 JULY - 2002/DAGSHAI 6 - 7 JULY 2002/6 JULY - 1$ - 630 PM/03 OM GURUVE NAMAH.json: tagged in 2.8s (event_type=bhajan, lang=hindi, topics=['guru-bhakti', 'divine-light', 'self-inquiry', 'spiritual-awakening'])
2026-07-09 10:05:37,405 | INFO | enrich_content_tags | tagging Dagshai 2002/07 JULY - 2002/DAGSHAI 6 - 7 JULY 2002/7 JULY - 2$ - 1130 AM/01 MEDITATION.json (chars=1358, est_tokens=339, strategy=single-pass)
2026-07-09 10:05:40,467 | INFO | enrich_content_tags | Dagshai 2002/07 JULY - 2002/DAGSHAI 6 - 7 JULY 2002/7 JULY - 2$ - 1130 AM/01 MEDITATION.json: tagged in 3.1s (event_type=meditation, lang=hindi, topics=['meditation', 'self-observation', 'stress-relief', 'inner-peace', 'mindfulness'])
2026-07-09 10:05:40,469 | INFO | enrich_content_tags | tagging Dagshai 2002/07 JULY - 2002/DAGSHAI 6 - 7 JULY 2002/7 JULY - 2$ - 1130 AM/02 OM GURUVE NAMAH.json (chars=1000, est_tokens=250, strategy=single-pass)
2026-07-09 10:05:43,562 | INFO | enrich_content_tags | Dagshai 2002/07 JULY - 2002/DAGSHAI 6 - 7 JULY 2002/7 JULY - 2$ - 1130 AM/02 OM GURUVE NAMAH.json: tagged in 3.1s (event_type=bhajan, lang=hindi, topics=['devotion', 'chanting', 'guru-bhakti', 'spiritual-practice'])
2026-07-09 10:05:43,564 | INFO | enrich_content_tags | tagging Dagshai 2002/07 JULY - 2002/DAGSHAI 6 - 7 JULY 2002/7 JULY - 2$ - 1130 AM/03 MAI PAYSA TERE DARSHAN KA.json (chars=11630, est_tokens=2907, strategy=single-pass)
2026-07-09 10:05:48,031 | INFO | enrich_content_tags | Dagshai 2002/07 JULY - 2002/DAGSHAI 6 - 7 JULY 2002/7 JULY - 2$ - 1130 AM/03 MAI PAYSA TERE DARSHAN KA.json: tagged in 4.5s (event_type=bhajan, lang=hindi, topics=['bhakti', 'guru-grace', 'self-realization', 'divine-love', 'spiritual-mastery'])
2026-07-09 10:05:48,032 | INFO | enrich_content_tags | tagging Dagshai 2002/07 JULY - 2002/DAGSHAI 6 - 7 JULY 2002/7 JULY - 2$ - 1130 AM/04 MAIKHANE MAIN BAITHE HAIN (INCOMPLETE).json (chars=3482, est_tokens=870, strategy=single-pass)
2026-07-09 10:05:50,998 | INFO | enrich_content_tags | Dagshai 2002/07 JULY - 2002/DAGSHAI 6 - 7 JULY 2002/7 JULY - 2$ - 1130 AM/04 MAIKHANE MAIN BAITHE HAIN (INCOMPLETE).json: tagged in 3.0s (event_type=bhajan, lang=hindi, topics=['bhajan', 'divine-love', 'separation-pain', 'spiritual-intoxication', 'devotion'])
2026-07-09 10:05:50,999 | INFO | enrich_content_tags | tagging Dagshai 2002/07 JULY - 2002/DAGSHAI 6 - 7 JULY 2002/UNKNOWN/05 MEDITATION (INCOMPLETE).json (chars=214, est_tokens=53, strategy=single-pass)
2026-07-09 10:05:53,251 | INFO | enrich_content_tags | Dagshai 2002/07 JULY - 2002/DAGSHAI 6 - 7 JULY 2002/UNKNOWN/05 MEDITATION (INCOMPLETE).json: tagged in 2.3s (event_type=bhajan, lang=hindi, topics=['bhajan', 'meditation', 'devotion'])
2026-07-09 10:05:53,252 | INFO | enrich_content_tags | tagging Dagshai 2002/08 AUG - 2002/DAGSHAI 29 AUG - 1 SEP 2002/1 SEP - 6$ - 530 AM/02 MEDITATION.json (chars=3925, est_tokens=981, strategy=single-pass)
2026-07-09 10:05:57,216 | INFO | enrich_content_tags | Dagshai 2002/08 AUG - 2002/DAGSHAI 29 AUG - 1 SEP 2002/1 SEP - 6$ - 530 AM/02 MEDITATION.json: tagged in 4.0s (event_type=meditation, lang=hindi, topics=['meditation', 'mind-control', 'self-awareness', 'inner-peace', 'spiritual-mastery'])
2026-07-09 10:05:57,217 | INFO | enrich_content_tags | tagging Dagshai 2002/08 AUG - 2002/DAGSHAI 29 AUG - 1 SEP 2002/1 SEP - 6$ - 530 AM/03 OM GURUVE NAMAH.json (chars=988, est_tokens=247, strategy=single-pass)
2026-07-09 10:05:59,675 | INFO | enrich_content_tags | Dagshai 2002/08 AUG - 2002/DAGSHAI 29 AUG - 1 SEP 2002/1 SEP - 6$ - 530 AM/03 OM GURUVE NAMAH.json: tagged in 2.5s (event_type=bhajan, lang=sanskrit, topics=['chanting', 'devotion', ' Invocation'])
2026-07-09 10:05:59,677 | INFO | enrich_content_tags | tagging Dagshai 2002/08 AUG - 2002/DAGSHAI 29 AUG - 1 SEP 2002/1 SEP - 6$ - 530 AM/04 PYAR NAHI HAI (1).json (chars=19649, est_tokens=4912, strategy=single-pass)
