name,files,mentions
swami ji,6421,6501
guruji,1552,1573
nanak,476,500
krishna,448,456
swami-ji,374,374
guru,332,338
arjuna,306,313
ram,303,315
kabir,252,261
mira,251,258
buddha,236,241
vivekananda,230,235
prahlad,216,220
rama,185,204
mirabai,181,188
swami,164,166
raidas,162,169
shankaracharya,145,150
mahavir,139,142
alexander,139,139
murshid,130,131
jesus,119,122
arjun,119,121
sagar,116,119
baba,113,115
prabhu,111,121
shiva,109,115
aristotle,108,108
hari,105,106
shikandar,104,104
mahavira,102,103
badal,101,104
rabia,101,104
gurudev,98,104
guru nanak,97,98
ravidas,92,96
naren,92,94
julius caesar,89,89
gobind,86,89
gopal,86,87
narendra,82,85
raja janak,79,80
edison,77,77
einstein,75,75
newton,74,74
guru sandipani,67,69
swami vivekananda,66,68
rishi kumar,64,65
shri krishna,60,67
babaji,60,62
peepa,60,61
kabeer,60,60
abraham,59,62
mursheed,59,60
akbar,59,59
guru nanak dev,56,56
shankar,55,56
sudama,54,59
pipa,54,56
guru devi ji,54,54
guru ji,54,54
guru gobind singh,52,69
sita,52,54
alexander the great,51,51
jesus christ,50,51
socrates,49,56
bhagwan krishna,49,50
guru gorakhnath,49,50
sahajo,48,52
guru ravidas,48,51
nana,45,51
muhammad,45,47
bhagwan ram,45,46
master,44,45
ramakrishna,43,44
puran singh,43,43
swami ram,43,43
hanuman,42,44
carnegie,42,42
gora,42,42
raabia,41,41
bhagwan,40,43
guru vasishtha,40,42
dhanna,40,40
tukaram,39,40
gurudev ji,39,39
plato,38,38
rockefeller,38,38
dhru,37,37
raja,36,45
brahma,36,36
sadguru,36,36
swami ram tirth,36,36
gopala,35,38
bithal,35,36
maharaj,35,35
siddhartha,35,35
chaitanya,33,35
lakshman,33,33
swami ram tirath,32,33
indumati,32,32
morgan,31,31
swamiji,31,31
guru gorakshanath,30,34
astavakra,30,30
guru dev,30,30
mansoor,30,30
narada,30,30
rishi ji,30,30
gorakhnath,29,32
surdas,29,30
vardhman,29,30
namdev,29,29
shiv,29,29
baava,28,29
tukka,28,28
adison,27,27
eknath,27,27
gargi,27,27
morgan rockefeller,27,27
narada muni,26,26
janak,25,26
tulsidas,25,26
dhruv,25,25
mira bai,25,25
narayan,25,25
rishikumar,25,25
sushila,25,25
vishnu,25,25
christ,24,24
guru-dev,24,24
prahlaad,24,24
malik,23,23
swami ramtirth,23,23
vikramaditya,23,23
yashoda,23,23
mursid,22,23
gautam,22,22
govind,22,22
radha,22,22
dhruva,21,22
girdhar gopal,21,22
swamiram,21,21
guru nanak dev ji,20,21
ramakrishna paramahansa,20,21
kabir sahab,20,20
nank,20,20
vasishtha,20,20
baba ramakrishna,19,22
shukdev,19,22
lakshmi,19,21
dhanan,18,19
rishi,18,19
guruvar,18,18
mira maharani,18,18
shabari,18,18
jain,17,18
mahatma gandhi,17,18
ajay,17,17
raja bhartri hari,17,17
sahaj,17,17
uddhav,16,20
guru-nanak-dev,16,17
lord krishna,16,16
narendranath,16,16
purn singh,16,16
rahul,16,16
virat,16,16
lahna,15,16
draupadi,15,15
kabeer sahab,15,15
raja bharat,15,15
udhav,15,15
birbal,14,15
kapil,14,15
garagi,14,14
guru dev ji,14,14
kabiir,14,14
napoleon,14,14
rishikapil,14,14
mark,13,15
guru gobind,13,14
mahaprabhu chaitanya,13,14
bhagwan shiv,13,13
bhagwan shri krishna,13,13
budh,13,13
duryodhana,13,13
ekanath,13,13
ekna,13,13
guru arjan dev,13,13
hanumanlal,13,13
mahatma buddha,13,13
mohammad,13,13
nachiketa,13,13
purushotam ji,13,13
raavan,13,13
ramananda,13,13
bhagavan,12,13
devi,12,13
raidaas,12,13
shabri,12,13
shivaji,12,13
baba farid,12,12
divan,12,12
guru devi,12,12
ibrahim,12,12
rabindranath tagore,12,12
ravana,12,12
sant,12,12
shuk dev,12,12
vyasa,12,12
vishwas,11,12
gorakh,11,11
gulshan,11,11
gurunanak,11,11
hitler,11,11
lakshmana,11,11
paramahansa,11,11
peter,11,11
pita shri,11,11
tata,11,11
tulsi das,11,11
sankaracharya,10,13
guru-nanak,10,12
allah,10,11
gor,10,11
maharaja,10,11
raam,10,11
rajkumar,10,11
sudarshan,10,11
sugriva,10,11
sundar,10,11
ambani,10,10
drupada,10,10
drupadi,10,10
gautam buddha,10,10
gurunank dev,10,10
kabir saheb,10,10
maharani,10,10
masters,10,10
meera,10,10
murshid ji,10,10
nachi,10,10
nam,10,10
nama,10,10
narayana,10,10
rana,10,10
ruth,10,10
savitri,10,10
shankara,10,10
shukadev,10,10
vinod,10,10
shri ram,9,16
raja kumar,9,11
mohammed,9,10
ram krishna,9,10
baba ram krishna,9,9
bernard shaw,9,9
bharat,9,9
dev,9,9
dhana,9,9
guru-ji,9,9
guru rai das,9,9
hanuman lal ji,9,9
hasan,9,9
janaka,9,9
kabi,9,9
maa,9,9
narad,9,9
narendranath datta,9,9
parvati,9,9
pir,9,9
prabhupada,9,9
prince ram,9,9
professor tirtharam,9,9
raman,9,9
shri,9,9
shuddhodhan,9,9
shwet ketu,9,9
tiratharam,9,9
tuka,9,9
yashodhara,9,9
yudhishthira,9,9
baba ji,8,12
bulleshwar,8,10
guru kabir,8,9
guru ram das,8,9
mahaavir,8,9
sahiba,8,9
swami ramteerth,8,9
baba ramkishan,8,8
brahma ji,8,8
caesar,8,8
child ruth,8,8
dadami,8,8
dharna,8,8
father,8,8
gora badal,8,8
guru angad dev,8,8
guru govind singh,8,8
guru krishna,8,8
hanuman lal,8,8
karam,8,8
lord ram,8,8
maha raj,8,8
mahesh,8,8
mool shankar,8,8
professor,8,8
professor tiratharam,8,8
raja janaka,8,8
shukra dev,8,8
swami ram tirat,8,8
vallabhacharya,8,8
yama,8,8
gajab,7,11
maharshi dadami,7,10
nara,7,9
bhagavan krishna,7,8
guru vashishtha,7,8
rajan,7,8
sants,7,8
shakti,7,8
addison,7,7
angad,7,7
bajshah,7,7
balaram,7,7
bhagwan mahavir,7,7
birla,7,7
budha,7,7
dadhichi,7,7
dadu,7,7
dasharatha,7,7
doctor,7,7
gosain ji,7,7
guru arjun dev,7,7
guru granth sahib,7,7
guru ramanand,7,7
guru ramdas,7,7
guru vasist,7,7
guru vasistha,7,7
guruvesh,7,7
kabeer saheb,7,7
king janaka,7,7
krsna,7,7
mahaprabhu,7,7
maitreyi,7,7
mansur,7,7
miraji,7,7
paramatma,7,7
prince gopal,7,7
rabiyah,7,7
rahaul,7,7
raja bhartrihari,7,7
raja ram,7,7
raman maharshi,7,7
ram basah,7,7
ratnavali,7,7
rishi dinesh vishwas,7,7
rishi jan,7,7
rumi,7,7
sardar puran singh,7,7
swamiram tirath,7,7
swami-ram-tirth,7,7
vinod goyal,7,7
viraat,7,7
vishwamitra,7,7
rani,6,15
guru badal,6,8
guru ram,6,8
baba ram das,6,7
babu,6,7
balram,6,7
deva,6,7
hanumanlal ji,6,7
rajab,6,7
sahib,6,7
anita,6,6
ashish,6,6
ashok,6,6
ashok sharma,6,6
asthavakra,6,6
bhagat,6,6
child,6,6
dhan,6,6
divani,6,6
drupad,6,6
ek,6,6
ganga,6,6
gaura,6,6
gautama,6,6
girdhar,6,6
giridhar gopal,6,6
guru brahma,6,6
gurus,6,6
guru vishnu,6,6
hari ji,6,6
harishchandra,6,6
lal,6,6
maharaja vikramaditya,6,6
maharshi,6,6
mehraj,6,6
mirza,6,6
mother,6,6
murshids,6,6
narain,6,6
narasimha,6,6
prabhujee,6,6
pritam,6,6
raibya,6,6
raida,6,6
raja bharati hari,6,6
ramkrishna,6,6
rishikesh,6,6
rishis,6,6
sabri,6,6
sadhguru,6,6
sadhu,6,6
sai baba,6,6
saibaba,6,6
sakhis,6,6
sati,6,6
sharda,6,6
shushila,6,6
siddharth,6,6
siddhartha gautam,6,6
sita ji,6,6
sri ram,6,6
sumitra,6,6
sunil,6,6
sunita,6,6
suniti,6,6
swami ramteerath,6,6
tirtharam,6,6
tulsi,6,6
vashishtha,6,6
ved vyasa,6,6
vipul jain,6,6
vithal,6,6
guru sagar,5,7
guru tegh bahadur,5,7
jagadish,5,7
majnu,5,7
belani,5,6
kant,5,6
nath,5,6
prabhuram,5,6
swami ramdev,5,6
swami ramteer,5,6
urmila,5,6
ashoka,5,5
ashwatthama,5,5
baba ram kisan,5,5
babur,5,5
badar,5,5
bata,5,5
beepa,5,5
bhagwan buddh,5,5
bhart,5,5
bhartrihari,5,5
bhuvaneswari,5,5
buleshwar,5,5
dadamji,5,5
dayanand,5,5
dhru prahlad,5,5
emerson,5,5
ganesha,5,5
gita,5,5
gulal,5,5
guru-gobind-singh,5,5
guru-gorakhnath,5,5
guru-gorakshanath,5,5
guru gulal,5,5
guru hargobind,5,5
guru haridas,5,5
guru har krishan,5,5
guru har rai,5,5
guru nanak sahab,5,5
guru raidas,5,5
hanumantlal ji,5,5
kumar gupta,5,5
madhav,5,5
mahadev,5,5
mahammad,5,5
mahatma,5,5
maitreya,5,5
naanak,5,5
nachiket,5,5
nam dev,5,5
nanak dev,5,5
pandavas,5,5
prabhu ji,5,5
prahlada,5,5
prof. tirathram,5,5
raavi,5,5
raaviya,5,5
rahu,5,5
raja bharati,5,5
raja bharatri hari,5,5
raja ram mohan roy,5,5
raja vikramaditya,5,5
rajendra,5,5
raju,5,5
rama krishna,5,5
ramakrishna paramahamsa,5,5
ramdas,5,5
ram kishan,5,5
ratanavali,5,5
rishi gautam,5,5
rishi kapil,5,5
saagar,5,5
saddguru,5,5
sadhak,5,5
sahab,5,5
sai,5,5
satya,5,5
shakuni,5,5
shishya,5,5
shivneta,5,5
shri chand,5,5
shwet,5,5
soyam,5,5
sri ramakrishna,5,5
sukrat,5,5
suresh,5,5
swami ramtirath,5,5
thoreau,5,5
vardhaman,5,5
vedavyasa,5,5
videha,5,5
vyas,5,5
yamaraj,5,5
yudhishthir,5,5
नानक,5,5
भगवान कृष्ण,5,5
महावीर,5,5
maharaj ji,4,10
rupa,4,6
sri krishna,4,6
surya,4,6
bulleshah,4,5
kapila,4,5
purushottam,4,5
rajabahadur,4,5
rajabir,4,5
sabari,4,5
sitaji,4,5
swami ramdas,4,5
valmiki,4,5
vivekanand,4,5
adam,4,4
agra,4,4
alamgir,4,4
arundhati,4,4
athar,4,4
atul jain,4,4
baba ram,4,4
baba ram kishan,4,4
babu ram kishan,4,4
basanti chola,4,4
bhagavan ram,4,4
bhagwan vishnu,4,4
bhartrhari,4,4
buddh,4,4
bulasha,4,4
chaitanya mahaprabhu,4,4
dayananda,4,4
dhann,4,4
dhanya,4,4
dhritarashtra,4,4
dr david,4,4
girdhar-gopala,4,4
gor badal,4,4
guru-dev-ji,4,4
guru har gobind,4,4
guru puranima,4,4
guru sandeepani,4,4
haranakashipu,4,4
hemraj,4,4
holika,4,4
ikana,4,4
julius,4,4
kabiir sahab,4,4
kali ma,4,4
kalu,4,4
kapil vastu,4,4
kavi,4,4
keshav chandra sen,4,4
king janak,4,4
kumar,4,4
kumbhakarna,4,4
kunti,4,4
living master,4,4
ludhiana,4,4
mahavir jain,4,4
malaik,4,4
maluk das,4,4
manoj gupta,4,4
mata,4,4
mishra,4,4
morgan rogers,4,4
morgon rockefeller,4,4
mumtaz mahal,4,4
mursheed ji,4,4
na,4,4
nanak gobind,4,4
narad muni,4,4
narendra vivekananda,4,4
naren vivekananda,4,4
osho,4,4
panchkula,4,4
pankaj,4,4
parashurama,4,4
paul,4,4
peep,4,4
pita,4,4
professor tirathram,4,4
professor tirth ram,4,4
prophet,4,4
puran-singh,4,4
purn-singh,4,4
raahul,4,4
rabhia,4,4
raghunath,4,4
rahiya,4,4
raja gadwal,4,4
raja harishchandra,4,4
raja-janak,4,4
rajaji,4,4
rajneesh,4,4
ramakrishna-paramahansa,4,4
ramakrishna paramhansa,4,4
ramanand,4,4
ram tirth,4,4
ravan,4,4
raviya,4,4
rishi anand vishwas,4,4
rishi dinesh,4,4
rishii balraj,4,4
rishi kapil vishwas,4,4
rishipurusottam,4,4
rishiyon,4,4
rogers,4,4
rohan,4,4
rohini,4,4
saints,4,4
saki,4,4
sambodhan,4,4
sarla,4,4
satyuk,4,4
shah inayat,4,4
sharma,4,4
shirdi sai baba,4,4
shivam,4,4
shri guru,4,4
shrikrishna,4,4
shudhodhan,4,4
shuka,4,4
simran,4,4
sudhodhan,4,4
swami narayan,4,4
swami ramatirth,4,4
tansen,4,4
teacher,4,4
teesi jain,4,4
thakur ji,4,4
tirath ram,4,4
tukaaram,4,4
tukkaram,4,4
yashodharm,4,4
भगवान राम,4,4
स्वामी जी,4,4
vinod vishwas,3,13
nani,3,10
babu ji,3,9
shashi,3,5
yamacharya,3,5
adi shankaracharya,3,4
baba ramdas,3,4
guru arjun,3,4
har,3,4
kashmiri,3,4
khuda,3,4
laila,3,4
ramanuja,3,4
sadhvi,3,4
shukadeva,3,4
surendra,3,4
aanand ji,3,3
abraham lincoln,3,3
acharya,3,3
alauddin,3,3
aligarh,3,3
anand,3,3
anil kumar,3,3
anumantlal,3,3
archana,3,3
arvind,3,3
ashok monga,3,3
ashok-monga-ji,3,3
ashok vishwas,3,3
astaavakra,3,3
baaba,3,3
baadal,3,3
baazshah,3,3
baba nanak,3,3
bahadur,3,3
baiju bawra,3,3
balak,3,3
balami,3,3
bali,3,3
bazshah,3,3
beti,3,3
bhagat singh,3,3
bhagavan shri krishna,3,3
bhagwan buddha,3,3
bhagwan shiva,3,3
bharatri hari,3,3
bheema,3,3
bhiksha,3,3
bhushan,3,3
bilani,3,3
brahmarshi,3,3
bullesh,3,3
bulle shah,3,3
chankya,3,3
chirag,3,3
daata ji,3,3
dadaji,3,3
dadam,3,3
dagshai,3,3
dakshai,3,3
danna,3,3
dasharath,3,3
dashrath,3,3
daya bai,3,3
dayabai,3,3
delhi,3,3
devaki,3,3
devtas,3,3
dhanana,3,3
dharana,3,3
dinesh,3,3
diogenes,3,3
doctor crouse,3,3
dr. david,3,3
dronacharya,3,3
ekana,3,3
fakir,3,3
farid,3,3
gaurav,3,3
god,3,3
goshalak,3,3
greater india,3,3
gulshan ji,3,3
guru angad,3,3
guru arjan dev ji,3,3
guru dadu,3,3
guru goraknath,3,3
guru-govind,3,3
gurujee,3,3
gurunanak dev,3,3
gurunank,3,3
guru narad,3,3
guru pipa,3,3
guru ramakrishna,3,3
guruv,3,3
guru virajanand,3,3
guru vishwamitra,3,3
hanuman ji,3,3
hanumantlal,3,3
hanumatlal ji,3,3
harish,3,3
hazrat,3,3
himanshu,3,3
hisar,3,3
hissar,3,3
husain,3,3
iknat,3,3
iknath,3,3
indomati,3,3
indra,3,3
jesusa,3,3
kabiir saahab,3,3
kali,3,3
kamal,3,3
kamla,3,3
keshav,3,3
lalit suri,3,3
lavkush,3,3
linchy,3,3
maharishi dayananda,3,3
maharishi ramana,3,3
maharshi dayanand,3,3
maharshi ramana,3,3
manish,3,3
manoj,3,3
maulana,3,3
mirza maharani,3,3
mohit,3,3
morgans,3,3
moses,3,3
muni,3,3
musa,3,3
nachi keta,3,3
nar,3,3
narak,3,3
naresh,3,3
narsimha,3,3
nataraja,3,3
neelima ji,3,3
palto,3,3
paltu,3,3
papa,3,3
patiala,3,3
prabhuji,3,3
pratima,3,3
preetam,3,3
prince gopala,3,3
priya,3,3
professor tirat ram,3,3
purani singh,3,3
rabia basri,3,3
rabiah,3,3
raghukul,3,3
rahim,3,3
rajabai,3,3
rajabali,3,3
raja bhartri,3,3
raja chanak,3,3
raja daksh,3,3
rajiv gandhi,3,3
rama das,3,3
ram-badshah,3,3
ram basa,3,3
ram bhasha,3,3
ramesh,3,3
ramkishan,3,3
ram-krishna,3,3
ram sharma,3,3
ram tirath,3,3
rang baba,3,3
rantidev,3,3
ravi,3,3
ravinder,3,3
ravish,3,3
rekha,3,3
ridaas,3,3
rishi dadami,3,3
rishi dinesh ji,3,3
rishiji,3,3
rishiprasad,3,3
rishi purushotam ji,3,3
rishipushottam,3,3
rishiravindar,3,3
rotak,3,3
sadguru ji,3,3
samrat,3,3
sandeep,3,3
sandip,3,3
sani,3,3
sanjay,3,3
sankara,3,3
sant dadami,3,3
saradar puran singh,3,3
saraswati,3,3
sardar,3,3
saroj,3,3
saurav,3,3
schopenhauer,3,3
sevak,3,3
shabar,3,3
shah,3,3
shahjahan,3,3
shikandar-ajam,3,3
shiv baba,3,3
shri hanuman,3,3
shri shankaracharya,3,3
shruti,3,3
sikandar,3,3
sirsa,3,3
sufi,3,3
sufi fakir,3,3
sundaripani,3,3
swami ramteet,3,3
swami ramtirtha,3,3
urvila,3,3
vallabacharya,3,3
varadhamana,3,3
vardhamana,3,3
vardhman mahavir,3,3
veena jain,3,3
veerat,3,3
vibhishan,3,3
vikram aditya,3,3
vina,3,3
vina jain,3,3
vinod gohil,3,3
viraj,3,3
yajnavalkya,3,3
yamraj,3,3
yusuf,3,3
अर्जुन,3,3
कबीर,3,3
गुरु,3,3
नरेंद्र,3,3
बुद्ध,3,3
भगवान,3,3
विवेकानंद,3,3
शिव,3,3
साहिल,3,3
raja rai,2,8
goshal,2,5
guru eknath,2,4
puranmal,2,4
raamkrishna,2,4
rishibhooshan,2,4
sankar,2,4
shirdar,2,4
babu ram krishna,2,3
bhakt,2,3
chand das,2,3
danuj,2,3
gopis,2,3
guru das,2,3
guru tukaram,2,3
laxman,2,3
mandana mishra,2,3
rai das,2,3
raja dasharath,2,3
rishiaashok,2,3
rishikumar satyam vishwas,2,3
rukmini,2,3
shatrughna,2,3
shri das,2,3
vallabha,2,3
मुरशिद,2,3
aakash upadhyay,2,2
abhishek sharma,2,2
ajamil,2,2
akanksha varma,2,2
akrura,2,2
aman,2,2
amardip,2,2
amir,2,2
amrit,2,2
anan,2,2
anand bharti,2,2
anika,2,2
anil sharma,2,2
anita chodhari,2,2
anita segal,2,2
anju tanija,2,2
ankit,2,2
anmol,2,2
anuj,2,2
anukampa vyas,2,2
anumant lal,2,2
araidas,2,2
arastu,2,2
archana ji,2,2
arita devi,2,2
arora,2,2
arunachala,2,2
arun khanna,2,2
asharam,2,2
ashish mahata,2,2
ashok kumar,2,2
ashok mogani,2,2
ashtavakra,2,2
asim,2,2
athar ji,2,2
atul,2,2
atul saxena,2,2
baava ram krishna,2,2
baba kisan,2,2
baba narain,2,2
baba-ram-kishan,2,2
baba ram krishna paramhans,2,2
babu ramakrishna,2,2
babu ramkishan,2,2
babu vishwas,2,2
badshah,2,2
bahen ji,2,2
bairam,2,2
bajirao,2,2
balaram ji,2,2
bala saini ji,2,2
bara baras,2,2
barla,2,2
barth russell,2,2
basant chola,2,2
bathinda,2,2
bathlehem,2,2
baz,2,2
beepi gupta,2,2
bernard,2,2
bertrand russell,2,2
bhagat raj surdas,2,2
bhagavad gita,2,2
bhagwan bithal,2,2
bhagwan das,2,2
bhagwan hammad,2,2
bhagwan ji,2,2
bhagwan-ram,2,2
bhagwan shankar,2,2
bhai kanaya,2,2
bhai lehna,2,2
bhai manohar,2,2
bhajan,2,2
bhaktaraj,2,2
bhaktaraj suradas,2,2
bharata,2,2
bharat mathur,2,2
bhartri hari,2,2
bheena,2,2
bhishma,2,2
bhishma pitamaha,2,2
bhola,2,2
biksha,2,2
bimala devi,2,2
bimbisara,2,2
bina,2,2
brahma rishi,2,2
brijbhumi,2,2
bulash,2,2
bulesha,2,2
bupal,2,2
chail,2,2
chanakya,2,2
chand,2,2
chandigarh,2,2
chandra,2,2
chandragupta maurya,2,2
chandrashekhar,2,2
channana,2,2
chatarpur,2,2
childers,2,2
churchill,2,2
commissioner,2,2
dada,2,2
dadichi,2,2
daruka,2,2
das,2,2
datta ji,2,2
dav,2,2
dayanand saraswati,2,2
deepak,2,2
devanshu,2,2
devkrishna bansal,2,2
dharm pati,2,2
dhru-prahlad,2,2
dilip shah,2,2
dinesh kumar,2,2
divya,2,2
doctor crauz,2,2
doctor cross,2,2
doctor crow,2,2
doctor neena ji,2,2
doctor sidana,2,2
doctor varg,2,2
dr,2,2
draupad,2,2
dr. craig,2,2
dr. crouch,2,2
drona,2,2
dr. sharma,2,2
dru,2,2
druid,2,2
dushara,2,2
dwarka,2,2
edinburgh,2,2
edington,2,2
eka,2,2
ekan,2,2
fareed,2,2
faridabad,2,2
fisar,2,2
gadval raja,2,2
gadwal ki raja,2,2
gandhi,2,2
ganika,2,2
garibi,2,2
garwal,2,2
gasm,2,2
gautam ji,2,2
geeta,2,2
geeta chawla,2,2
geeta ji,2,2
geeta sharma,2,2
geeta vyas,2,2
girdhar-gopal,2,2
girdhar gopala,2,2
girdhar gupal,2,2
gobind singh,2,2
goddess,2,2
gopinath,2,2
governor,2,2
guptaji,2,2
gur,2,2
gurdwara,2,2
guru amar nath,2,2
guru chardas,2,2
guruday,2,2
gurudev-ji,2,2
guru dhanna,2,2
guru gobind singh maharaj,2,2
guru gopal,2,2
guru govind,2,2
gurugran sahab,2,2
guru-gulal,2,2
guru gurunath,2,2
guru janak,2,2
guru kabir das,2,2
guru matang maharshi,2,2
guru narada,2,2
guru-narad-muni-dev,2,2
gurunath dev,2,2
guru purnima,2,2
gurupurnima,2,2
gurur,2,2
guru raj,2,2
guru ramakrishna paramahansa,2,2
guru ramanaand,2,2
guru-ravidas,2,2
guru sahab,2,2
guru sakshat,2,2
guru-sandipani,2,2
guru shish,2,2
guru shishya,2,2
guruvarn,2,2
guru vashisht,2,2
guru-vashishtha,2,2
guru vijayapad,2,2
guruvir,2,2
guru vishisht,2,2
hari chand,2,2
haridas,2,2
harihar chand,2,2
hari mohan,2,2
harish chandra,2,2
harish vishwas,2,2
harish vyas,2,2
hassan,2,2
hirday,2,2
hittler,2,2
hudson,2,2
indra devata,2,2
indra devta,2,2
indr devata,2,2
indr devta,2,2
indu,2,2
jagdish,2,2
jagjot,2,2
jahangir,2,2
jahanzeb,2,2
jalaluddin,2,2
jammu,2,2
jara,2,2
jessus,2,2
jesus-christ,2,2
jitendar,2,2
jodi,2,2
joseph,2,2
julia,2,2
jyoti,2,2
kabil,2,2
kabir-sahab,2,2
kamakshi gupta,2,2
kamal jain,2,2
kamla sachdeva,2,2
kamlesh rani ji,2,2
kamsa,2,2
kanpur,2,2
kanta,2,2
kapil ji,2,2
kapilvastu,2,2
karagi,2,2
karma,2,2
karna,2,2
karnegi,2,2
karni,2,2
keshav chandrasekhar,2,2
keshav chandrasena,2,2
keshav chand sain,2,2
keshav chand sen,2,2
ketu,2,2
kiran,2,2
kiran qatra,2,2
kisan,2,2
krishma tanija,2,2
krishnalal ahuja,2,2
krishna rani,2,2
kunal dogra,2,2
lahana,2,2
lahore,2,2
lajpat nagar,2,2
lakhmi chand,2,2
lakshmi chand,2,2
lalaa,2,2
lingji,2,2
living entity,2,2
lord shiva,2,2
lord vishnu,2,2
ma bhuvaneswari,2,2
madalasa,2,2
madan mohan,2,2
madari,2,2
madhu,2,2
maha dev,2,2
mahamaya,2,2
mahaprabhu chetani,2,2
mahapurush,2,2
maha-raaj,2,2
maharaja avikramaditya,2,2
maharaja bhartri hari,2,2
maharshi dadhmi,2,2
maharshi ram,2,2
maharshi ramn,2,2
mahashivratri,2,2
maheshwar,2,2
mahmoud,2,2
mahmud,2,2
mala,2,2
malika,2,2
mandi,2,2
manisha vyas,2,2
manju,2,2
manju khurana,2,2
manzur,2,2
mardan,2,2
margaret,2,2
masi,2,2
mataangi,2,2
mattang,2,2
meenu varma,2,2
meerabai,2,2
meghnath,2,2
mehesh varma,2,2
mehraani mira,2,2
mehran,2,2
miraa maharani,2,2
mirabai-bai,2,2
mirabai maharani,2,2
mister arthees,2,2
modi,2,2
mohali,2,2
mohan,2,2
mohanlal sharma,2,2
morgan rockfeller,2,2
mughal,2,2
mullah,2,2
muni dev,2,2
munidev,2,2
munis,2,2
murari,2,2
mursheed gulal,2,2
mursheeds,2,2
murshid sahab,2,2
murshid sahib,2,2
mushir,2,2
naam,2,2
nachieta,2,2
nachi kaita,2,2
naida,2,2
nakula,2,2
naman,2,2
nand baba,2,2
naraada muni,2,2
narada-muni,2,2
narada muni dev,2,2
naraindra,2,2
narasimh,2,2
narindar,2,2
narsi mehta,2,2
natchiketa,2,2
nathu,2,2
navab,2,2
nawab,2,2
neelam ahuja,2,2
nirmala,2,2
nirmal ji,2,2
nishant goyal,2,2
nitesh-bhateja-ji,2,2
nitesh bhatreja ji,2,2
nitin,2,2
nitin yadav,2,2
om sharma,2,2
palta das,2,2
pandit,2,2
panjab,2,2
paramahams,2,2
parama pita,2,2
paramhans,2,2
pardeep khanna,2,2
patajali,2,2
patanjali,2,2
patricia,2,2
pavan kumar,2,2
peepa sagar,2,2
peesi ahuja,2,2
pip,2,2
pitambar,2,2
pitam bardhari,2,2
poonam arora,2,2
pop,2,2
pope,2,2
prabh,2,2
pradeep jahan,2,2
prakash,2,2
pralad,2,2
pramata,2,2
prameshwar,2,2
pramhans,2,2
pramila mahata,2,2
prashant,2,2
pratima ji,2,2
prem,2,2
president,2,2
president mckinley,2,2
priest,2,2
prisha,2,2
prithu,2,2
professor tirutharam,2,2
punam,2,2
puran sinh,2,2
purn,2,2
purushottam singh,2,2
pushpa devi ji,2,2
quran,2,2
raabiya,2,2
rabia balkhi,2,2
rabiyaa,2,2
rada,2,2
radha ahuja,2,2
radhika chawla,2,2
rahiba,2,2
rahidas,2,2
rahula,2,2
raja bahadur,2,2
rajabala ji,2,2
raja-bharat,2,2
raja bharat hari,2,2
raja-bhartari-hari,2,2
raja bharthari,2,2
raja bharthari hari,2,2
raja bhoj,2,2
raja dadhichi,2,2
raja krishna,2,2
rajakumar,2,2
raja rammohan roy,2,2
raja singh,2,2
raja sudhodhan,2,2
raja-vikramaditya,2,2
rajendra prasnna,2,2
rajendra singh,2,2
rajesh,2,2
rajgarh,2,2
raj kumar,2,2
rajnish kumar,2,2
rajnish vishwas,2,2
rajpura,2,2
rakesh kumar,2,2
rama basa,2,2
ramadas,2,2
rama rajkumar,2,2
rama sharma,2,2
rama tirth,2,2
ram badshah,2,2
rambajsha,2,2
ram-bajshah,2,2
ram basch,2,2
ram basha,2,2
ram-bhasha,2,2
ram das,2,2
ram dev,2,2
ramesh ji,2,2
ram ji,2,2
ram krishna paramahansa,2,2
rampura,2,2
ramtirat,2,2
rani devi,2,2
rani pathi,2,2
rani sani,2,2
ratna,2,2
ravi ji,2,2
ravindra,2,2
ridas,2,2
rish-anand,2,2
rishi balraj vishwas,2,2
rishi chand ji,2,2
rishigautam,2,2
rishii dinesh,2,2
rishii kumar,2,2
rishi kesh,2,2
rishikesh kapil,2,2
rishikesh kumar,2,2
rishi kumar anany vishwas,2,2
rishi kumaron,2,2
rishi kumar satya vishwas,2,2
rishi nutha,2,2
rishiparshottam,2,2
rishi patanjali,2,2
rishipatanjali,2,2
rishi prashotam,2,2
rishipurohitam,2,2
rishi purshotam,2,2
rishiravindra,2,2
rishi sandesh vishwas,2,2
rishi sandipani,2,2
rishi sankalp vishwas,2,2
rishi sunil,2,2
rishi sunil vishwas,2,2
rishi vishwas,2,2
rishiy,2,2
ruchika,2,2
saddgur,2,2
sadhana,2,2
sadhu kiran vishwas,2,2
sadhu pratima,2,2
sadhvi kapila,2,2
sadhvi kusum vishwas,2,2
sadhy,2,2
sahadeva,2,2
sahaja,2,2
sahajo bai,2,2
sahib baba,2,2
sahil agarwal,2,2
sahjora,2,2
saijo,2,2
saint paul,2,2
sajo,2,2
salam,2,2
sami ji,2,2
samrat bhartri hari,2,2
sandeepani,2,2
sandip prajapati,2,2
sani chawla,2,2
sanjay gandhi,2,2
sanjeev,2,2
sankalp shakti,2,2
sant jnaneshwar,2,2
santosh ahuja,2,2
saradar purn singh,2,2
sarala,2,2
sarvesh,2,2
satya narayan,2,2
saurav gupta,2,2
seema bansal,2,2
seth,2,2
shahabad,2,2
shah inayat khan,2,2
shakshi vyas,2,2
shama,2,2
shashila,2,2
shikandar azam,2,2
shikandar-e-azam,2,2
shikar,2,2
shikhar,2,2
shivaaji,2,2
shiva baba,2,2
shiva-baba,2,2
shivananda,2,2
shivani,2,2
shivi,2,2
shivnethra,2,2
shri chand ji,2,2
shri-guru,2,2
shri guruji,2,2
shri ji,2,2
shri shiva,2,2
shri vishnu,2,2
shudodhan,2,2
shuk-dev,2,2
shukradev,2,2
shvetketu,2,2
shwetaketu,2,2
shwet keta,2,2
shwetketu,2,2
shyam,2,2
siddha master,2,2
siddhidas,2,2
siddhipani,2,2
simran dhawan,2,2
soma sharma,2,2
sonipat,2,2
spiritual master,2,2
s.p. sharma,2,2
sri guru,2,2
sri ramakrishna paramahamsa,2,2
sri sri ravi shankar,2,2
subhash baba,2,2
sudarman,2,2
sudhama,2,2
sufi fakirs,2,2
sufis,2,2
sukraat,2,2
sukriti,2,2
sulakhani,2,2
sultan,2,2
suman rani,2,2
suman sharma,2,2
sumitra devi,2,2
sundaram,2,2
sunil talwar,2,2
sunita sharma,2,2
sunmit,2,2
surajpal,2,2
suresh chand,2,2
suresh segal,2,2
suri,2,2
swamiji ji,2,2
swami raj,2,2
swamiraj,2,2
swami-ram,2,2
swamiramajit,2,2
swami ramati,2,2
swamiramati,2,2
swami rama tirth,2,2
swami ram teerth,2,2
swami veekanand,2,2
swami vishwas ji,2,2
tariya,2,2
tatata,2,2
teesa jain,2,2
tilaya,2,2
tilkaraj,2,2
tiloya,2,2
tiritararam,2,2
tirth,2,2
tirtharam lahori,2,2
tirtharam swami,2,2
trilochan,2,2
tukkar,2,2
uma sharma,2,2
umesh kumar singh,2,2
usha singla,2,2
uttam,2,2
vallabha acharya,2,2
vandana arora,2,2
varsha dhawan,2,2
varthaman,2,2
vasale sanam,2,2
veeraath,2,2
videhi,2,2
vidwan,2,2
vidyas,2,2
vidyasagar,2,2
vijay,2,2
vikad,2,2
vike bhasin,2,2
vina rani,2,2
vinay jain,2,2
vinod dhawan,2,2
vinod kumar,2,2
vinod singla,2,2
vipin,2,2
vishubh ji,2,2
vishvamitra,2,2
vishvesh,2,2
vishwanath,2,2
vivek,2,2
viveka,2,2
wahai guru,2,2
yamaacharya,2,2
yama chari,2,2
yama-chari,2,2
yamaraja,2,2
yamnagar,2,2
yamuna,2,2
yash bansal,2,2
yashodhra,2,2
yashpal,2,2
yudhisthir,2,2
zarathustra,2,2
अंकुश,2,2
अजय,2,2
गुरु गोरखनाथ,2,2
गुलशन,2,2
पूर्ण सिंह,2,2
प्रभु,2,2
प्रहलाद,2,2
बादल,2,2
बाबा,2,2
बुद्ध (buddha),2,2
ब्रह्मा,2,2
भगवान महावीर,2,2
मालिक,2,2
मीनू,2,2
मीरा,2,2
यशोदा,2,2
राजा भरतरी,2,2
राजा भरत हरि,2,2
राम,2,2
विष्णु,2,2
शंकराचार्य,2,2
शिकंदर,2,2
सागर,2,2
swami sivananda,1,14
shivkumar subramaniam,1,11
lal baba ji,1,10
अलंकार,1,10
raja parshuram,1,9
rishi pratik sadhu,1,9
guruksh,1,5
indore,1,4
maharshi daddami,1,4
maharshi didami,1,4
naren baba,1,4
rishiprakash,1,4
baba balaram,1,3
catalyst,1,3
guru chandan,1,3
guru dhan,1,3
guru gorakh,1,3
guru mark,1,3
guru pipu,1,3
guru rahidas,1,3
guru tukka,1,3
raja bharadvaja,1,3
rishi savat,1,3
rishivinoj,1,3
प्राण,1,3
abhishek ji,1,2
aik,1,2
ashok vihar,1,2
bajaz shah,1,2
bhagwan shri rajneesh,1,2
bhushan goel,1,2
birani,1,2
bithalitiya,1,2
brihat,1,2
chin,1,2
darna,1,2
darya,1,2
devothi,1,2
divaani,1,2
dr. lakhanpuri,1,2
guru anumant lal,1,2
guru-harivir,1,2
guru indumati,1,2
guru maitreyi,1,2
guru mira,1,2
guru ramkrishna,1,2
guru sadipani,1,2
guru savitri,1,2
guru shiva,1,2
guru sita,1,2
guru varan,1,2
iqbal,1,2
jamaat,1,2
kalikata,1,2
kubja,1,2
madhva,1,2
mahamabuddha,1,2
mahat kalu nanak,1,2
maita,1,2
mark darshak,1,2
matang,1,2
mata sabari,1,2
mursit,1,2
nikho,1,2
nimbarka,1,2
paita,1,2
paramanand,1,2
peter hawp,1,2
rabb,1,2
rabiyar,1,2
rahimdas,1,2
rajanand,1,2
rajraj,1,2
rama-dharma,1,2
rama lila,1,2
rashikumar,1,2
risheshwar purshotam,1,2
rishi kumar mith,1,2
rish marikanda,1,2
rumkmani,1,2
sadhu parshottam,1,2
sant baba m,1,2
shudoshan,1,2
siddharam,1,2
sundar somya ramtirth,1,2
swami ramachandra,1,2
swami ramdas ji,1,2
swami ramtit,1,2
thanna,1,2
tripta,1,2
tulajain,1,2
vallabh,1,2
vikram goyal,1,2
vipash,1,2
vishveshwar,1,2
yama chariya,1,2
yamauna,1,2
yaso,1,2
zarastu,1,2
साहब,1,2
aadit,1,1
aakansha sharma,1,1
aalag ji,1,1
aanand-ji,1,1
aarpiita,1,1
aarpi sharma,1,1
aarshita gupta,1,1
aarti devi,1,1
aashish-som,1,1
aasim,1,1
aastha ji,1,1
aatma,1,1
aatm gyan ji,1,1
aaviya,1,1
abdullah,1,1
abhay,1,1
abhilash ji,1,1
abhimanyu,1,1
abhi priya ji,1,1
abhi ruchi ji,1,1
abhishek chandiwala,1,1
abhishek joshi,1,1
abhiya,1,1
abhya,1,1
abraham guru,1,1
abya,1,1
achal,1,1
adarsh singh ji,1,1
adc,1,1
adeti,1,1
adhiti seth,1,1
adhitya arora,1,1
adhyatmik pravchan,1,1
aditya,1,1
aditya ji,1,1
aditya kumar sachdeva ji,1,1
afsar,1,1
agar,1,1
agastya,1,1
agni,1,1
agtar,1,1
ainshtein,1,1
aisal kapoor,1,1
ajai bakshi ji,1,1
ajam,1,1
ajay bakshi,1,1
ajay girb,1,1
ajay hans ji,1,1
ajay kumar gupta,1,1
ajay sharma,1,1
ajay vishwar,1,1
ajeebal bansal,1,1
ajeez singh,1,1
ajita,1,1
ajit j,1,1
ajit jujhar,1,1
ajit kumar gupta,1,1
ajit-singh,1,1
akash kumar singh ji,1,1
akash narang,1,1
akbar badshah,1,1
akbar basha,1,1
akbar vishwas,1,1
akhilesh singh yadav,1,1
akhtar ji,1,1
akshay,1,1
akshay ji,1,1
akshay khanna,1,1
akshay khanna ji,1,1
aksh bhartwad,1,1
akshita ji,1,1
alaka asnnani,1,1
alambagar,1,1
alamegir,1,1
alamgeers,1,1
alam mahata ji,1,1
alarakhalam,1,1
alar kalam,1,1
alauddin-alamgir,1,1
albert einstein,1,1
alexand,1,1
alexander-azam,1,1
alexander digrat,1,1
alexander julius caesar,1,1
alexander of alexanders,1,1
alexander-the-great,1,1
alexandres,1,1
alexandria,1,1
ali,1,1
aligarh center,1,1
alig ki mandi,1,1
alisha devi ji,1,1
alka garg,1,1
allegor,1,1
all india,1,1
alwar,1,1
alwar rajasan,1,1
amabani,1,1
aman chalan,1,1
aman jod,1,1
aman jod ji,1,1
aman kumar,1,1
aman malvi,1,1
aman sharma,1,1
amant,1,1
amaranath ahuja,1,1
amarit vadwa,1,1
amar jiit ji,1,1
amark,1,1
amar kaur,1,1
amar nath ahuja,1,1
ambala,1,1
ambiram,1,1
ameen,1,1
ameer,1,1
ameer khan ji,1,1
ameer singh,1,1
amit,1,1
amitabh bachchan,1,1
amit chochan,1,1
amit jain,1,1
amit khurana,1,1
amit nagpal,1,1
amma rabia,1,1
ampil,1,1
amrish-sar,1,1
amrit pal ji,1,1
anahit,1,1
ananda,1,1
anandamayi ma,1,1
anand hake,1,1
anand sharma,1,1
anand vishwas ji,1,1
anantam,1,1
ananya mukhyo padya,1,1
anany mukhyopadhyaya,1,1
anasuya,1,1
andrew carnegie,1,1
angad dev,1,1
angat,1,1
anil,1,1
anilak,1,1
anil kumar ariya,1,1
anil kumar gupta,1,1
anil nagale,1,1
anirud pathaniya,1,1
anisha,1,1
anish asnnani,1,1
anita ahuja ji,1,1
anita bedi,1,1
anita jain,1,1
anita joshi,1,1
anita kapoor,1,1
anita-kapur,1,1
anita malviya,1,1
anjad,1,1
anjali chalan,1,1
anjali divya,1,1
anjali ji,1,1
anjee,1,1
anju chavala,1,1
anju hans ji,1,1
anju lakhan,1,1
anju lakhani,1,1
anju lakhi,1,1
anju lakhina,1,1
anju rana,1,1
ankabir,1,1
ankit arora,1,1
ankit rana,1,1
ankitta gohil,1,1
ankor,1,1
ankuj,1,1
ankur ji,1,1
ankur kumar,1,1
ankur pathak ji,1,1
ankush,1,1
ankush khanna,1,1
annu garak ji,1,1
ansh,1,1
antaratma,1,1
anubhav,1,1
anubhav joshi,1,1
anuj kalar ji,1,1
anumatalal,1,1
anup,1,1
anupama,1,1
anupama saini,1,1
anur,1,1
anurag,1,1
anushka ariya,1,1
apar mehdi ratta,1,1
apple,1,1
ar,1,1
araidas ji,1,1
aram,1,1
aramesh yogi,1,1
aranyakrishna,1,1
arasa sudama,1,1
arati bharatvad ji,1,1
arbi mathur,1,1
archana aroda ji,1,1
archana gohil,1,1
archia gaba,1,1
archit goyal,1,1
ardhanari,1,1
ardi singh,1,1
arghan,1,1
ari atma,1,1
arishchandra,1,1
arish-gautam,1,1
arjan-dev,1,1
arjun dev,1,1
arjya vikshu,1,1
arka gupta,1,1
arke saini,1,1
armita goyal,1,1
arnav,1,1
arnold,1,1
arnold rasel,1,1
arnold schwarzenegger,1,1
arpit bansal,1,1
arsh mulla,1,1
arthur,1,1
arti hari sharma,1,1
arti pande,1,1
arudati,1,1
arujain faridabad,1,1
aruna,1,1
aruna chabada ji,1,1
aruna chhabda,1,1
arunaditya,1,1
aruna ragav ji,1,1
aruna-set,1,1
aruna suj ji,1,1
arun garg,1,1
arun luniyag,1,1
arun sarodhya,1,1
arun simani,1,1
arvind melotra,1,1
ary,1,1
aryan ji,1,1
aryan nithika malik,1,1
aryapikshu,1,1
arya vikshu,1,1
ary vishwas,1,1
asaram bapu,1,1
asdi bhagat,1,1
asha,1,1
asha ambala,1,1
asha devi mahata,1,1
ashadhingra,1,1
asha goyal,1,1
asha gulyani,1,1
asha ji,1,1
asharani ji,1,1
asha setiya,1,1
ashhtavakra,1,1
ashi,1,1
ashima tanjaru,1,1
ashima tanjea,1,1
ashiri sepi kalara ji,1,1
ashish ji,1,1
ashish palvi,1,1
ashish pande,1,1
ashish sharma ji,1,1
ashish thakur,1,1
ashish vish,1,1
ashi vadava,1,1
ash ji,1,1
ashlesh sundarlal gullati,1,1
ashmana,1,1
ashoka hotel,1,1
ashok ji,1,1
ashok kakar narainana vihar,1,1
ashok khichi,1,1
ashok kumar chohan,1,1
ashok kumar ji,1,1
ashok kundra,1,1
ashok madan ji,1,1
ashok-monga,1,1
ashok monga ji,1,1
ashok mongani,1,1
ashok-sharma,1,1
ashok vishal arora,1,1
ashra rani ji,1,1
ashugar,1,1
ashu gupta,1,1
ashvalayana,1,1
ashwag,1,1
ashwalan maharshi,1,1
ashwani sharma,1,1
ashwatama,1,1
ashwattha,1,1
ashwini kumar ji,1,1
astaavrak,1,1
astabakr,1,1
asthavakr,1,1
asupata muni,1,1
aswal maharoli,1,1
atharmuhammad,1,1
atul arora,1,1
atul gandhi,1,1
aurangzeb,1,1
aurobindo,1,1
avadhitesh,1,1
avatar,1,1
avatars,1,1
avdharsingh,1,1
avin,1,1
avinathma,1,1
azam,1,1
baabaji,1,1
baaba ram kishan,1,1
baabu,1,1
baalak nanak,1,1
baap,1,1
baapa,1,1
baap aram,1,1
baap shri,1,1
baapu,1,1
baava ji,1,1
baava-ji,1,1
baavaji,1,1
baava narain,1,1
baava raaam kisan,1,1
baava rama kishan,1,1
baava ramakrishna,1,1
baava ram kishan,1,1
baava saibaba,1,1
baavda,1,1
baazbah,1,1
baazha,1,1
babaa,1,1
babaa farid,1,1
babaa ram krishna,1,1
baba badal,1,1
baba balaji,1,1
baba budha,1,1
baba bukhian,1,1
baba chamatkari,1,1
babachhatram,1,1
baba dadal,1,1
baba dayanand,1,1
baba dev,1,1
baba dhanna,1,1
baba-farid,1,1
baba guru gorakshanath,1,1
baba huk,1,1
babaji ramanand,1,1
babaji ramkishan,1,1
babaji ramkrishna,1,1
babajji,1,1
baba kishan,1,1
baba komal,1,1
baba kripa,1,1
baba kuch,1,1
baba mehnath,1,1
baba naman,1,1
baba nanak dev,1,1
baba natt,1,1
baba pipa,1,1
baba prakash,1,1
babar,1,1
baba rama kishan,1,1
babaramakrishna,1,1
babaramakrishnan,1,1
baba ramakrishna paramahansa,1,1
baba ramananda,1,1
baba ramdev,1,1
babaram kan,1,1
babaram kisan,1,1
babaramkishanparamans,1,1
baba ram kishan parmans,1,1
baba ramkrishna,1,1
baba ramkrishna paramhansa,1,1
baba-ram-sвами-ram,1,1
baba ram tirath,1,1
baba sagar,1,1
baba saheb ambedkar,1,1
baba sai,1,1
baba saime srigiri,1,1
baba shiv,1,1
baba shri chan,1,1
baba shri chand,1,1
baba shri chann,1,1
baba shri chant,1,1
baba shri ramdas,1,1
baba soham,1,1
baba subhash,1,1
baba tukka,1,1
baba vancha,1,1
bab bukhia,1,1
bab hirani,1,1
babhu lal,1,1
babli sharma,1,1
babu astavakra,1,1
babu bhagwan krishna,1,1
babu farid,1,1
babu lal,1,1
babulal ji,1,1
baburam,1,1
babu ram kan,1,1
babu ram kisan,1,1
babu ram krishna paramhans,1,1
baby bhavika baba,1,1
baby simran baba,1,1
bachav ram ji,1,1
bachhi,1,1
badare,1,1
badari,1,1
badarpur border,1,1
badri maharaj,1,1
badrinath,1,1
bagawat,1,1
bagpat,1,1
bagwan ram krishna,1,1
bagwan shiv,1,1
baijnath,1,1
bai manch,1,1
baiya ji,1,1
bajit,1,1
bajrang bali,1,1
bajrang bhali ji,1,1
bajsha,1,1
bal,1,1
balaa,1,1
balabhadracharya,1,1
balaji,1,1
balaji ji,1,1
balak bakhar,1,1
balak bakhara,1,1
balak-bakhara,1,1
balak bakhsh,1,1
balak nank,1,1
balakrishna,1,1
balak shuk,1,1
bala maradana,1,1
balarama,1,1
balaram-ji,1,1
bala saini,1,1
balb,1,1
balbir arora,1,1
balbir singh ji,1,1
baldev singh,1,1
baldev-singh,1,1
balhaarii guru,1,1
balia-daku,1,1
balib,1,1
balla,1,1
balmiki,1,1
balraj,1,1
balraj singh,1,1
balvir singh,1,1
balwant sharma,1,1
balwinder singh,1,1
banara,1,1
bandana,1,1
banda shaker,1,1
banka,1,1
banshu devi ji,1,1
bans narayan ji,1,1
banti,1,1
baqooda,1,1
barah-barah-bars-ke-balak,1,1
baranash,1,1
bara shish,1,1
barat shah,1,1
barclay,1,1
bargain rockefeller,1,1
barnala,1,1
barnard shaw,1,1
bartlett russell,1,1
barvala,1,1
basant,1,1
basant chola ji,1,1
bashah,1,1
bashir,1,1
bashya,1,1
basumasa,1,1
batinda,1,1
bati sharma,1,1
batri vishwas,1,1
bavita kishor,1,1
bavita mendiratta,1,1
bavitta ji,1,1
bedi,1,1
beegam,1,1
beegun,1,1
beej sagar,1,1
beena garag,1,1
beepaa saagar,1,1
bega,1,1
begum,1,1
beider,1,1
beja,1,1
beja bawra,1,1
beju mathew,1,1
bela,1,1
bela garwa ji,1,1
belani sabari,1,1
belani shabari,1,1
belani shwari,1,1
belni,1,1
bengal,1,1
bengali baba,1,1
berg,1,1
bertren russel,1,1
bert russell,1,1
beta,1,1
beta dinesh,1,1
betal,1,1
bete,1,1
bethal,1,1
beti subhash butra,1,1
beva,1,1
bhadrabahu,1,1
bhagabari,1,1
bhagashah,1,1
bhagat kabir,1,1
bhagat puranmal,1,1
bhagat-raj-suradas,1,1
bhagat sahajo,1,1
bhagat shabari,1,1
bhagavan buddha,1,1
bhagavan christ,1,1
bhagavan shiva,1,1
bhagavan-shiva,1,1
bhagavati,1,1
bhagavati ma,1,1
bhag bhag,1,1
bhagdaraj,1,1
bhaghaban,1,1
bhagirath ganga,1,1
bhagirathi ji,1,1
bhagwan-bithal,1,1
bhagwan brahma,1,1
bhagwan-buddh,1,1
bhagwan christ,1,1
bhagwan devi,1,1
bhagwan devi ji,1,1
bhagwan durga,1,1
bhagwan ganesha,1,1
bhagwan girdhar gopal,1,1
bhagwan kali,1,1
bhagwan kapil,1,1
bhagwan kishan,1,1
bhagwan-kreshan,1,1
bhagwan lakshmi,1,1
bhagwan mahanim,1,1
bhagwan mannu,1,1
bhagwan-mishra,1,1
bhagwan rudra,1,1
bhagwan shri chann,1,1
bhagwan shrikrishna,1,1
bhagwan surya,1,1
bhagwan vamana,1,1
bhagwan ved vyas,1,1
bhagwan vidvyas,1,1
bhagwan vidyas,1,1
bhagwan vithal,1,1
bhagwat gopal,1,1
bhagwati,1,1
bhagwati ma,1,1
bhai,1,1
bhai amit nagpal ji,1,1
bhai lhuna,1,1
bhai manch,1,1
bhai manchu,1,1
bhai mani singh,1,1
bhai veeru,1,1
bhaiya,1,1
bhaji,1,1
bhaji kanaya,1,1
bhaji manjan,1,1
bhaktar,1,1
bhaktaraj prahlad,1,1
bhaktaraj surdas,1,1
bhakt divani,1,1
bhakti travani ji,1,1
bhakt palto,1,1
bhakt raja palad,1,1
bhakt raj pralad,1,1
bhakt raj suradas,1,1
bhakt raj surdas,1,1
bhakt tukaaram,1,1
bhana singh ji,1,1
bhara,1,1
bharang bali,1,1
bharat bhooshan,1,1
bharat bhusan ji,1,1
bharati hari,1,1
bharatri,1,1
bharatri-hari,1,1
bharat singla,1,1
bharji,1,1
bhartnagar,1,1
bhaskar sharma,1,1
bhava,1,1
bhavana,1,1
bhavana sharma ji,1,1
bhavaneshvari,1,1
bhavaneshwari,1,1
bhavika baba,1,1
bhavna,1,1
bhavna shri vastav,1,1
bhavya ji,1,1
bhavyam,1,1
bhavy svaroop,1,1
bhedi saradar,1,1
bhedi saradar ki bachhi,1,1
bheera,1,1
bheeshma,1,1
bhikh,1,1
bhil,1,1
bhilani,1,1
bhil raj,1,1
bhil saradar,1,1
bhim,1,1
bhima,1,1
bhimkaur,1,1
bhimla batala,1,1
bhim sain maharaj,1,1
bhisma,1,1
bhola baba,1,1
bholarajan,1,1
bhoneshwari,1,1
bhoneswari,1,1
bhopal center,1,1
bhoshan,1,1
bhrigu,1,1
bhuleshwar,1,1
bhumika sharma,1,1
bhuna,1,1
bhuna fatyavad,1,1
bhuneswari,1,1
bhupendra,1,1
bhusan goyal,1,1
bhushan garg,1,1
bhushan goyal,1,1
bhushan vishwas,1,1
bhutto ji,1,1
bhuvaneshwari,1,1
bhuvan sori,1,1
bibble,1,1
bibha,1,1
bible,1,1
bihari lal,1,1
bihiyani,1,1
bijendar sharma ji,1,1
bilani sabari,1,1
bilani-sabari,1,1
bilani shaveri,1,1
bilaspur,1,1
bilkul,1,1
bilwani,1,1
bilwani sabari,1,1
bilwani shabari,1,1
bimala,1,1
binda,1,1
bipa,1,1
biranch,1,1
bishop,1,1
bita vinayit kumar agarwal,1,1
bithal sahib,1,1
bithna,1,1
bithu,1,1
bobby,1,1
bod,1,1
bodharaj,1,1
bopal,1,1
brahmarishi,1,1
brahmarshi kapil,1,1
brahmarshis,1,1
brahmdev,1,1
brahmgarbha saheb,1,1
brahmi,1,1
brahm rishi,1,1
brahm-rishi,1,1
brah rishi,1,1
braj,1,1
brajboobee,1,1
brihadvaj,1,1
brij bhumi,1,1
brijgar,1,1
brijmohan,1,1
brij people,1,1
brothers,1,1
buddha mahavihar,1,1
buddh bhagwan,1,1
buddhi vyar,1,1
buddh mahavir,1,1
bulbul barwala,1,1
bulesh,1,1
buleshani,1,1
bullasha,1,1
bulla shah,1,1
bullashah,1,1
bulleh,1,1
bulleh shah,1,1
bulleh-shah,1,1
bulleshan,1,1
bushan-goel,1,1
bushan gohil,1,1
bushan vishwas,1,1
butanda,1,1
butar devi,1,1
cant,1,1
captain hawa singh,1,1
captain john,1,1
car,1,1
carneal child,1,1
carneige,1,1
catherine,1,1
chaand,1,1
chachis,1,1
chad ruth,1,1
chaildren,1,1
chaild root,1,1
chaild ruth,1,1
chail rut,1,1
chail-ruth,1,1
chaitan deep singh,1,1
chajuram,1,1
chal,1,1
chalaram,1,1
chaliaram ji,1,1
chaman lal,1,1
chamanlal ji,1,1
chameli devi,1,1
chan,1,1
chanana,1,1
chanda chawla ji,1,1
chandan deep singh,1,1
chandan yadav,1,1
chandar,1,1
chandel,1,1
chandi,1,1
chandi nagar,1,1
chandraban singh ji,1,1
chandragupta,1,1
chandrakanta sharma,1,1
chandra kharbanda,1,1
chandramohan bhat,1,1
chandramohan raj ji,1,1
chandrapakash,1,1
chandrapal,1,1
chandraprakash,1,1
chandrasena,1,1
chandr kant malik ji,1,1
chandr khurbanda,1,1
chanigar,1,1
chanihar panchkula,1,1
chanya,1,1
charanjit ji,1,1
charanjit katpal ji,1,1
chardanaas,1,1
charles,1,1
charles bliss,1,1
charles fees,1,1
charles hill ruth,1,1
charles routh,1,1
charu,1,1
chaudhary sukharam ji,1,1
chemical,1,1
chengez khan,1,1
chetan,1,1
chetana,1,1
chetan goyal,1,1
chetani,1,1
chetan ji,1,1
chetan ohri,1,1
chhavi kumari,1,1
chhista,1,1
chhiti sharma,1,1
chhoda balak,1,1
chhote-shankaracharyas,1,1
chief architect,1,1
chief minister,1,1
chikaita,1,1
childroot,1,1
child specialist,1,1
chirag kalda,1,1
chiranjivanand,1,1
chirayu,1,1
chirm minister,1,1
chitrup,1,1
chopda,1,1
chopda ji,1,1
chota,1,1
chote se balak,1,1
choti,1,1
christian,1,1
christians,1,1
ch surinder kumar agrawal,1,1
chutchute,1,1
civil engineer pridaabad,1,1
computer scientist,1,1
dabu sharma,1,1
dabwali,1,1
dadajee shuddhvan,1,1
dada ji,1,1
dadami baba,1,1
dadashri,1,1
daddami,1,1
dadi,1,1
dadi jodhi,1,1
dadi jyoti,1,1
dad saheb,1,1
dadu dayal,1,1
daduk,1,1
dadukhan,1,1
dadupuri,1,1
daily bhaskar,1,1
daiyanan,1,1
dakshai baba,1,1
dalahoja,1,1
dalal university student,1,1
dalami,1,1
dallas,1,1
damanir,1,1
damapati,1,1
damayantii,1,1
damodari,1,1
dampati,1,1
dan,1,1
dana,1,1
danak,1,1
danak govind,1,1
dand shukar,1,1
danje pandey,1,1
dank,1,1
dara,1,1
daradur,1,1
darana,1,1
dard,1,1
dario,1,1
darius,1,1
darjeens,1,1
darria,1,1
dars,1,1
darsan kapoor,1,1
darshalal arora,1,1
darshan,1,1
darshana,1,1
darshana devi,1,1
darshana ji,1,1
darshan goel,1,1
darshan tuteja,1,1
darshina rani,1,1
darshiram kashyap,1,1
darvesh,1,1
darya dadu,1,1
das guru,1,1
das-maluka,1,1
dasrath,1,1
datt,1,1
datta sahab,1,1
dattatreya,1,1
datt family,1,1
david,1,1
david boston,1,1
davo,1,1
daya bahi,1,1
daya bhai,1,1
dayanan,1,1
dayavati,1,1
dee gupta ji,1,1
deen dayal ji,1,1
deepa garovar,1,1
deepak ohri,1,1
deepak singla,1,1
deepika,1,1
deepika vishwas,1,1
dehradun,1,1
de ki,1,1
deputy commissioner,1,1
deshraj ji,1,1
devad,1,1
devahuti,1,1
devansh mahata,1,1
devansh vishwas,1,1
dev david,1,1
devender singh,1,1
dev-hudi,1,1
devhuti,1,1
devian ji,1,1
devi chotishtha,1,1
devi devi,1,1
devi-devt,1,1
devi devtano,1,1
devi ignorance,1,1
devinder kamar chauhan,1,1
devinder kamar ji,1,1
devi neeli ma,1,1
devi parvati,1,1
devi ram avatar,1,1
devi sadhaviyo,1,1
devi sadhvi kiran vishwas,1,1
devi-sadhvi-kiran-vishwas,1,1
deviya,1,1
deviyo,1,1
dev ji,1,1
devji,1,1
devka ji,1,1
devrashi,1,1
dev sankracharya,1,1
devyansh ohri,1,1
dewan,1,1
deyia bai,1,1
dhakur ji,1,1
dhalk,1,1
dhameja,1,1
dhami,1,1
dhananama,1,1
dhananana,1,1
dhananap,1,1
dhanapatri,1,1
dhana raj pale,1,1
dhanaya,1,1
dhannanajit,1,1
dhanna nama,1,1
dhannani,1,1
dhanyan,1,1
dharama,1,1
dharampal,1,1
dharampal chand ji,1,1
dharampur,1,1
dharampur hira varma,1,1
dharam set,1,1
dharam singh,1,1
dharchan matha ji,1,1
dharesh kumar,1,1
dharma,1,1
dharmapatri,1,1
dharmraj,1,1
dharn,1,1
dhayanandan,1,1
dhil vijay,1,1
dhiraj sachdeva,1,1
dhiratharam,1,1
dhirej chawla,1,1
dhirejgumar ji,1,1
dhog,1,1
dhradh,1,1
dhroprahlaad,1,1
dhruba,1,1
dhrub prahlad,1,1
dhrudhyan,1,1
dhrup,1,1
dhrupadilad,1,1
dhrupharaj,1,1
dhrup prahlad,1,1
dhruprahlat,1,1
dhru prajapati,1,1
dhru pralaj,1,1
dhru prasad,1,1
dhru rahal,1,1
dhruv rahalal,1,1
dhruv rahulad,1,1
dhulki,1,1
dhup,1,1
dhuparad,1,1
dhurandar mishra,1,1
dhwanthi,1,1
dhyana chand,1,1
dhyanananda,1,1
dhyan sanket,1,1
diipak,1,1
diksha,1,1
dileeb shankliacha,1,1
dilip kumar malhi ji,1,1
dilip sajadeva,1,1
dilli,1,1
dilli punjabi bagh center,1,1
dilli rohini center,1,1
dimpal,1,1
dinesh adhikari,1,1
dinesh garg ji,1,1
dinesh ji,1,1
dinesh mahata,1,1
dinesh shambala,1,1
dinesh sharma,1,1
dinesh vishwas,1,1
dinesh vishwas ji,1,1
dipali sharma,1,1
dipan shugoyal,1,1
dipanshu ji,1,1
diratharam,1,1
director,1,1
disha-ji,1,1
distik mansa,1,1
divaana,1,1
divaana pyaaso,1,1
divakar,1,1
divakar aras,1,1
divakar gupta,1,1
divakar marda ji,1,1
divakar sharma,1,1
divana,1,1
divanagi,1,1
divan chan ji,1,1
divans,1,1
divendra arora,1,1
divine power,1,1
divya bansal,1,1
divya ji,1,1
divya narendra,1,1
divyanshi,1,1
diwan,1,1
diyar janis,1,1
diyo janis,1,1
dobis delhi,1,1
doctor ajog garg,1,1
doctor akash,1,1
doctor anil kumar ji,1,1
doctor apsa narod,1,1
doctor askaroda,1,1
doctor bhardwaj,1,1
doctor chaand,1,1
doctor chan,1,1
doctor david,1,1
doctor dipali garg,1,1
doctor gulshan,1,1
doctor harish kumar singh,1,1
doctor jadesh sharma,1,1
doctor jagdish,1,1
doctor jain,1,1
doctor japra,1,1
doctor jayantanat ji,1,1
doctor kalarani,1,1
doctor lakhnupal,1,1
doctor lalit,1,1
doctor lalit sarana,1,1
doctor lee,1,1
doctor mahajan,1,1
doctor mandeep singh sandhu,1,1
doctor manjula ji,1,1
doctor mishra vid,1,1
doctor misra,1,1
doctor neena chadda,1,1
doctor patil,1,1
doctor pavan sharma,1,1
doctor priya ragavenshi,1,1
doctor ram sirana,1,1
doctor rochi ka vaidhpal ji,1,1
doctor roda,1,1
doctor rupa sarana,1,1
doctor rup sidana,1,1
doctor rup sirana,1,1
doctor sahab,1,1
doctor sahiban,1,1
doctor sharma,1,1
doctor sidarth ji,1,1
doctor sita ragavenshi,1,1
doctor subhash goyal,1,1
doctor surendra,1,1
doctor tisha gohil,1,1
doctor yesu,1,1
dolly sharma,1,1
dost guruv,1,1
drabala,1,1
draonacharya,1,1
draug,1,1
dr-aunaacharya,1,1
dravya rathor,1,1
dr. ayesha aruna,1,1
dr. bhargavaj,1,1
dr. chand,1,1
dr craig,1,1
dr. crous,1,1
dr. c. s. lewis,1,1
dr. datta,1,1
dr. david forsyth,1,1
dr jain,1,1
dr. jayant,1,1
dr. jeevee butra,1,1
dr. john,1,1
dr john david john,1,1
dr. kekke shukla,1,1
dr. ke mahata,1,1
dr kirai,1,1
dr. kiran,1,1
dr. kraus,1,1
dr krishna,1,1
dr. lakhanpal,1,1
dr. lalita sidana,1,1
dr. mahata,1,1
dr. manjula,1,1
dr michael smith,1,1
dr. mishra,1,1
dr. mp,1,1
drob,1,1
drona-acharya,1,1
droneacharya,1,1
droop prahlad,1,1
dropan,1,1
dropanadi,1,1
dropani,1,1
droprad,1,1
droprada,1,1
dropralata,1,1
dropti nagan,1,1
droupadi,1,1
drova,1,1
dr. ravii,1,1
dr. saigal,1,1
dr. sarma,1,1
dr. s. aurora ji,1,1
dr. sharma arya,1,1
dr. shivananda,1,1
dr. siddhan,1,1
drud,1,1
drup,1,1
drupadalaad,1,1
drupad rahalal,1,1
dr. vijja,1,1
dr. vinod pandya,1,1
dudami,1,1
dulsi das,1,1
durga,1,1
durgaparaaj,1,1
durgaram lamba ji,1,1
durvasa rishi,1,1
duryodhan,1,1
dushyant gola,1,1
dvendranath thakur,1,1
dwal,1,1
dwarakades,1,1
dwarakadheesh,1,1
dwarakadish,1,1
dwarap,1,1
dwarapal,1,1
dwarika,1,1
dwarkadhish,1,1
dwarka ji,1,1
eakna,1,1
eddingberg,1,1
eddington,1,1
edging berg,1,1
edging burk,1,1
edolf,1,1
egg,1,1
eisu,1,1
ekalavya,1,1
ekanan,1,1
ekashaku,1,1
eknaath,1,1
eknas,1,1
eknat,1,1
eknath tukkam,1,1
ek natu,1,1
eman,1,1
emily,1,1
eske sikkha,1,1
evan,1,1
evanya sadhviya,1,1
fakir mulatani,1,1
falender singh,1,1
false ego,1,1
faqeer,1,1
fareed kot,1,1
farghushan college,1,1
fargushan college,1,1
fat,1,1
fauler,1,1
ferguson college,1,1
first end formos tutor,1,1
fisherman,1,1
fool devi,1,1
four sabaqjads,1,1
frederick,1,1
fridabai,1,1
fridavad center,1,1
frudabad,1,1
fsc,1,1
fulchand,1,1
gabin,1,1
gadval,1,1
gadwal raja,1,1
gaga,1,1
gagan kwakra,1,1
gajav,1,1
gajesh shalimar,1,1
galileo,1,1
gan,1,1
ganesh,1,1
ganesha dev,1,1
gang,1,1
ganga fakir,1,1
ganga ji,1,1
ganganagar,1,1
ganga yamuna,1,1
gangna dhari ji,1,1
ganj shaker,1,1
ganvati ki raja,1,1
gar,1,1
gar bhavd,1,1
gardhar gopal,1,1
garib,1,1
garibda,1,1
garima,1,1
garima setiya ji,1,1
garish rajbut,1,1
garishva,1,1
garudas,1,1
gauraa baadal,1,1
gaurab,1,1
gaurakanath,1,1
gaurav bansal,1,1
gaurav garg,1,1
gaurav ji,1,1
gaur das,1,1
gauri badal,1,1
gauri devi baldewaraj chawla ji,1,1
gauri kumhar,1,1
gauri shankar,1,1
gautam baba,1,1
gautam bhut nagar,1,1
gautam buddh,1,1
gautami,1,1
gautam-muni,1,1
gautam pathaniya,1,1
gavind,1,1
gavir,1,1
gayatri devi,1,1
gayatri devi ji,1,1
geeta agarwal,1,1
geeta guleti,1,1
general secretary all india sant,1,1
ghansham sharma,1,1
ghansham sharma ji,1,1
ghura,1,1
giita ji,1,1
girdar gopal,1,1
girdhar gapal,1,1
girdhar gopiyal,1,1
giridhar,1,1
giridhargopal,1,1
girish,1,1
girnar,1,1
gita agarwal,1,1
gobin,1,1
gobindan,1,1
gobind rai,1,1
godhija,1,1
gohil,1,1
gold medalist,1,1
golsan ji,1,1
golshan,1,1
golshan vishwas,1,1
gombita,1,1
gomit,1,1
gopala sudama,1,1
gopal chaudhary,1,1
gopal das,1,1
gopal krishna,1,1
gopal prenas,1,1
gopal singh,1,1
gopal singla,1,1
gopal sudama,1,1
gorababal,1,1
gorabadal,1,1
gora badal peer,1,1
gora badar,1,1
gora bajal,1,1
gorak,1,1
gorakhnath baba,1,1
goraksh,1,1
gorakshanath,1,1
gor bandal,1,1
gorishankar,1,1
gorka,1,1
gorka kila,1,1
gorka naath,1,1
gosain-ji,1,1
gosainji,1,1
goshaain ji,1,1
goviind,1,1
govin,1,1
govin arura,1,1
govindaraya,1,1
govin mado,1,1
goyal architects,1,1
goyar,1,1
greater noida,1,1
green brigade,1,1
gulaal,1,1
gulaal-shah,1,1
gulab singh ji,1,1
gulal ji,1,1
gulal sahib,1,1
gulal sant fakir,1,1
gulsan,1,1
gulshan gasb,1,1
gulshan mehdi ratta,1,1
gulsun kumar ji,1,1
gunyan chawala,1,1
gupala,1,1
gupta,1,1
gupta kumar,1,1
gurank dev,1,1
gurank devji,1,1
gur-arjan-dev,1,1
gurbadad,1,1
gurdwara president,1,1
guredev ji,1,1
gurgansh sahab,1,1
gurgaon,1,1
gurjeet singh,1,1
gurmeet kaur,1,1
gurnanak dev,1,1
gurnanak devji,1,1
guru abraham,1,1
guru akna,1,1
guru alark lam,1,1
guru amar das,1,1
guru amardas,1,1
guru amrit,1,1
guru-angad-dev,1,1
guru aradha ji,1,1
guru arastu,1,1
guru archan das,1,1
guru archan dev,1,1
guru archan devi,1,1
guru ardas,1,1
guru arjan,1,1
guru arjand,1,1
guru arjundev,1,1
guru-arjundev,1,1
guru arjun dev ji,1,1
guru ash,1,1
guru astavakra,1,1
guru baba,1,1
guru baba hasan,1,1
guru-badal,1,1
guru badal bihari sagar,1,1
guru basish,1,1
guru basistha,1,1
guru bhagat,1,1
guru bhagat ji,1,1
guru-bhagvant,1,1
gurubhai,1,1
guru bhakti,1,1
guru-bhovind,1,1
guru buddha,1,1
guru budh,1,1
guru chandradas,1,1
guru charamdas,1,1
guru charan,1,1
guru-charanadas,1,1
guru charandas,1,1
gurucharan dev,1,1
guru chardin,1,1
guru chardin das,1,1
guru charmadass,1,1
guru charnadas,1,1
guru chela,1,1
guru churan das,1,1
guru d,1,1
guru dadhwal,1,1
guru dadira,1,1
guru dadu dayal,1,1
gurudao,1,1
gurudas,1,1
guru das ji,1,1
guru dattatreya,1,1
guru deva,1,1
guru-devaji,1,1
gurudev devji,1,1
guru devi bhai,1,1
guru devi shri ji,1,1
guru-dev ji,1,1
gurudev sandeepani,1,1
gurudev sandipani,1,1
guru dev shri ji,1,1
guru dhanan,1,1
guru-dhan-dhan,1,1
guru dvaracharya,1,1
gurudw,1,1
guru-ekanath,1,1
gurugan sahab,1,1
gurugansahab,1,1
gurugansh,1,1
gurugansh saab,1,1
guru garagi,1,1
guru gaurakshanath ji,1,1
guru gauri,1,1
guru gautam,1,1
guru gavin singh,1,1
guru ghalib,1,1
guru gharan sahab,1,1
guru ghasi sahab,1,1
guru giridhar,1,1
guru-gobind,1,1
guru gobind das,1,1
guru gobind rai,1,1
guru gobind singh ji,1,1
guru gokhinanaath,1,1
guru-gopal,1,1
guru gopinath,1,1
guru gopinath acharya,1,1
guru gopinath singh,1,1
guru gora kshanath,1,1
guru gorikhnath,1,1
guru gorkha nat,1,1
guru gorukshanath,1,1
guru-govil-singh,1,1
gurugovind,1,1
guru-govind-singh,1,1
guru govind singh maharaj,1,1
guru graham sahab,1,1
gurugram sahab,1,1
gurugrans sahab,1,1
guru gujala,1,1
guru-gurukhanath,1,1
guru gurunan sahib,1,1
guru gurunath dev,1,1
guruguruṇ sahab,1,1
guruguru sahab,1,1
guru-hargobind,1,1
guru hargobind ji,1,1
guru hari das,1,1
guru har krishan ji,1,1
guru har rai ji,1,1
gurui,1,1
guru indu,1,1
guru jesus,1,1
guruji ji,1,1
guruji ji ji,1,1
guruji ji ji ji,1,1
guruji ji ji ji ji,1,1
guruji ji ji ji ji ji,1,1
guruji ji ji ji ji ji ji,1,1
guruji ji ji ji ji ji ji ji,1,1
guruji ji ji ji ji ji ji ji ji,1,1
guruji ji ji ji ji ji ji ji ji ji,1,1
guruji ji ji ji ji ji ji ji ji ji ji,1,1
guruji vijaypat,1,1
guru-kabir,1,1
guru kabir sahab,1,1
guru kabir saheb,1,1
gurukhanat,1,1
guru kirpa,1,1
guru kripa,1,1
guru kripa bharama,1,1
guru kripalani,1,1
guru krupa,1,1
guru krupani,1,1
guru-maharaj-ji,1,1
guru mahavira,1,1
guru maheshwara,1,1
guru mai,1,1
guru maiti,1,1
guru matang,1,1
guru matangamari,1,1
guru matang maharsi,1,1
guru-matang-maharsi,1,1
guru mchchandar,1,1
guru mchhandar,1,1
guru meera,1,1
guru-mera,1,1
guru naamdev,1,1
gurunaank devji,1,1
guru nama,1,1
guru namdev,1,1
guru nana,1,1
guru nanak da,1,1
guru-nanak dev ji,1,1
gurunanak dev ji,1,1
guru nanak fakir,1,1
gurunanath dev,1,1
guru nanddas,1,1
guru nank,1,1
guru nank dev,1,1
gurunankdev,1,1
gurunank-dev-ji,1,1
guru naraian,1,1
guru nard dev,1,1
guru nath,1,1
guru nath dev,1,1
gurunathdevji,1,1
guruon,1,1
guru parampara,1,1
guru-parivar,1,1
guru parvak,1,1
guru-parwar,1,1
guru-pipa,1,1
guru puranim,1,1
guru-purnima,1,1
guru radda,1,1
guru-radda,1,1
gururadda,1,1
guru raddas,1,1
guru-raddas,1,1
guru radhasuradas,1,1
guru rahim das,1,1
guru-raidas,1,1
gururaisa,1,1
gururaj,1,1
guru raja janak,1,1
guru rajarajan,1,1
gururam,1,1
guru ramananda,1,1
gururama nandviraj,1,1
guru ram das ji,1,1
guru ram kishan,1,1
guru ramkishan paramhans,1,1
guru ram krishna,1,1
guru ravi das,1,1
guru reid as,1,1
gururididas,1,1
guru saakshat maheshwar,1,1
guru-sagar,1,1
guru-sai-ji,1,1
guru sakshat maheswar,1,1
guru sand,1,1
guru sandeep,1,1
guru sandipan,1,1
gur u sandipani,1,1
guru sandipini,1,1
guru sevak singh,1,1
guru shah inayat,1,1
guru sish,1,1
guru swami,1,1
guru swami ram tirath,1,1
guru swamisht,1,1
guru tata-puri,1,1
guru tath,1,1
guru teakh bahadur,1,1
guru tegh bahadur ji,1,1
guru tuka,1,1
guru-tuka,1,1
guruvai,1,1
guruvaisht,1,1
guru vajdev,1,1
guru vajpayee,1,1
guruval,1,1
guru varachand,1,1
guruvarajan devji,1,1
guruvaran,1,1
guruvar baba,1,1
guru varihshpati,1,1
guruvariy,1,1
guruvarj,1,1
guruvasesht,1,1
guruvashishtha,1,1
guruvasisht,1,1
guru vasishta,1,1
guru vasishth,1,1
guru-vasishtha,1,1
guruvasishtha,1,1
guruvasist,1,1
guru vasit,1,1
guru vast,1,1
guru vasu,1,1
guruveshth,1,1
guruveshwar,1,1
guru videh,1,1
guru videhi,1,1
guru vidya,1,1
guruvii,1,1
guru vijayanand,1,1
guru vijaypad,1,1
guru virachanand,1,1
guru virajananda,1,1
guru virajman,1,1
guru vishishtha,1,1
guru vishvesh,1,1
guru vishveshtha,1,1
guru vivekananda,1,1
guru yamachari,1,1
guzari,1,1
guzrat,1,1
gyal,1,1
gyan chauhan,1,1
gyaneshwar,1,1
gyan kals,1,1
gyan kaur,1,1
gyan prakash,1,1
gynecology department,1,1
haans raj ji,1,1
habad,1,1
haidar,1,1
haidarabad,1,1
hakikat rai,1,1
halka mir,1,1
hanee johar ji,1,1
hannant singh,1,1
hannant singh raj prohit,1,1
hans,1,1
hans buddhi,1,1
hanumaan,1,1
hanumangarh,1,1
hanuman-lal,1,1
hanuman tilak,1,1
hara,1,1
haraday vishwas,1,1
harani,1,1
haran jalandhar,1,1
hardeep singh,1,1
hardwarilal ji,1,1
harichandan,1,1
hari chandi,1,1
hari guru,1,1
harihar,1,1
hariharan,1,1
harihar-bhatija,1,1
hari hari,1,1
hari kabir,1,1
hari kishan gandhi,1,1
harinakshap,1,1
harinakshi,1,1
hari narayan,1,1
harinath,1,1
harindra vivikannan,1,1
hari raja,1,1
hari-sh,1,1
harishankar chohan,1,1
hari-sh-bhatija,1,1
harish chand,1,1
harish chander,1,1
hariyom yadav,1,1
harnakshi,1,1
harsh,1,1
harshani,1,1
harshchan,1,1
harshitathor,1,1
harshita vishwas,1,1
harshit ji,1,1
harsh ji,1,1
harsh lata,1,1
harsh lata samvir,1,1
harsh rathi,1,1
harsh sanw,1,1
hart,1,1
harura,1,1
harvindar kaur,1,1
hashok,1,1
hasim,1,1
hasnainpur,1,1
hastinapur,1,1
hava singh,1,1
heer,1,1
heera nand,1,1
heera singh,1,1
heera singh rajan,1,1
heera singh thakur,1,1
heera varma,1,1
heeta devi,1,1
hem goyal,1,1
hemira maharani,1,1
hemkaran rishi saakar,1,1
hem kunda,1,1
hemlata arora,1,1
hemrajagohil,1,1
hemraj goyal,1,1
hidimba mata,1,1
hik,1,1
himachal,1,1
himachal paradesh,1,1
himachal pradesh,1,1
himachal una,1,1
himani hotel,1,1
himani karun garg,1,1
himanshu mishra,1,1
himmat,1,1
himraj,1,1
himraj goyal,1,1
himraj-goyal,1,1
hindu,1,1
hiranand,1,1
hira varma,1,1
hotari,1,1
husain fakir,1,1
husain fakir sa'id,1,1
husein,1,1
hussain,1,1
hyderabad center,1,1
ias officer,1,1
ik,1,1
ikkana,1,1
iknana,1,1
iksvaku,1,1
imam bachchon,1,1
imam husain,1,1
imanashu aman,1,1
inayat,1,1
indar devta,1,1
índarjíít kaur lúthar,1,1
indeer,1,1
inderaj singh ji,1,1
inder devta,1,1
inder pal,1,1
indir missis,1,1
indo,1,1
indomati garagi,1,1
indr,1,1
indra-devata,1,1
indradevata,1,1
indradevta,1,1
indra motwani ji,1,1
indraprastha,1,1
indra vati singh ji,1,1
indra vishwas,1,1
indriyani,1,1
indu gupta,1,1
indu jain,1,1
indumadhya,1,1
indumat,1,1
indu mati,1,1
indumati gargi,1,1
indumatii,1,1
indu rajasthan,1,1
induswar,1,1
inta,1,1
intimat,1,1
ira sharma,1,1
irsita arora,1,1
isa,1,1
ishan ding,1,1
ishan garg,1,1
ishani,1,1
ishan singh,1,1
ishet kathuria,1,1
ish kumar ji,1,1
ishwar,1,1
ishwar gautam,1,1
ishwar singh,1,1
ismaail,1,1
isma'il,1,1
ismail,1,1
is officer,1,1
israel,1,1
ito,1,1
ivan ram,1,1
ivo malati jain,1,1
izz,1,1
jaagapurush,1,1
jaage purush,1,1
jaaved akhtar sahab,1,1
jagadip,1,1
jagadri,1,1
jagadri yamnagar,1,1
jagaram,1,1
jagatanand,1,1
jagat kwatra,1,1
jagdishanand,1,1
jagdish arora,1,1
jagdish banchal,1,1
jagdish kumar,1,1
jagdish saini,1,1
jagdish saini ji,1,1
jagdish singh ji,1,1
jagdish yadav ji,1,1
jage purush,1,1
jag roshan,1,1
jagvanti,1,1
jahar,1,1
jahar das,1,1
jain monks,1,1
jain shankaracharya,1,1
jaipal rajput ji,1,1
jaipur,1,1
jairam,1,1
jairam das,1,1
jaisa,1,1
jaishiri singh,1,1
jaisingh,1,1
jai singh ji,1,1
jalaluddin rumi,1,1
jalpan,1,1
jaman devi ji,1,1
jameedar,1,1
jamez,1,1
jamil,1,1
jamna devi,1,1
janaka putra,1,1
janak bunjal,1,1
janaki,1,1
janakvideh,1,1
janak-vidih,1,1
janam data,1,1
janam mata,1,1
janam pita,1,1
janaton,1,1
jangi ram ji,1,1
jasbir chawla,1,1
jasbir ji,1,1
jasbir kaur,1,1
jash kwatra,1,1
jasna narula,1,1
jasuja ji,1,1
jatin agarwal ji,1,1
jatin chavala,1,1
jatin kumar goyal,1,1
jatin mehta,1,1
jatin mitta,1,1
jawaharlal nehru,1,1
jaya,1,1
jayantanat ji,1,1
jayaram-rao,1,1
jayesh vishwas,1,1
jay shankar mishra,1,1
jaytany,1,1
jean,1,1
jean center,1,1
jeeaising,1,1
jee gulshan,1,1
jee indu rani,1,1
jeeja,1,1
jeeja bai,1,1
jee jain,1,1
jeeja jairam,1,1
jeejia saheb,1,1
jee jinesh jain,1,1
jee kiran bala,1,1
jee maharaj,1,1
jee oramila,1,1
jee pushpa,1,1
jee roper,1,1
jee shiti rana,1,1
jeeta prajapati,1,1
jeevan data,1,1
jeevan lata ji,1,1
jeevan sheeran,1,1
jenicha,1,1
jeshu,1,1
jess,1,1
jessas,1,1
jesu,1,1
jesús,1,1
jesusa christ,1,1
jevar,1,1
jewar,1,1
ji,1,1
jigyasa bansal,1,1
jimmiearoda,1,1
jin,1,1
jind,1,1
jinn,1,1
jitender rana,1,1
jitender sharma ji,1,1
jitenendra,1,1
jitesh,1,1
jitin narana,1,1
jit prajapati,1,1
jit singh ji,1,1
jivlaka,1,1
jiyoti singh,1,1
jnan,1,1
jodharaj goyal,1,1
jodhasthani,1,1
joginder singh,1,1
jogindra gupta,1,1
johananpur,1,1
john,1,1
joki akresh,1,1
jopadiyon,1,1
jopdi,1,1
josna narula,1,1
joti,1,1
joti asnnani,1,1
joyti devi ji,1,1
joyti ji,1,1
joyti khanna,1,1
joyti khanna ji,1,1
jubal,1,1
jules caesar,1,1
jules cesar,1,1
jum jum,1,1
junaid,1,1
junjun jaipur,1,1
juthna,1,1
jwala headi,1,1
jwala hedi,1,1
jyandhar sarshwat,1,1
jyotsna,1,1
kaashyap,1,1
kabbal,1,1
kabbir sahab,1,1
kabeer rai das,1,1
kabeer-sahab,1,1
kabeer sahib,1,1
kabiiram,1,1
kabi-sahab,1,1
kadavul raja,1,1
kadhi,1,1
kaibirda,1,1
kailash,1,1
kajal chawla,1,1
kakhi,1,1
kalayan dev,1,1
kalayan devji,1,1
kalicharan ji,1,1
kalidas,1,1
kali gau,1,1
kalyan dev,1,1
kamadev,1,1
kama deva,1,1
kamalan,1,1
kamal ne,1,1
kameshwar,1,1
kamla chaudhari,1,1
kamla devi,1,1
kamlesh,1,1
kamlesh baba,1,1
kamlesh devi,1,1
kamlesh dhameja,1,1
kamlesh dhimija,1,1
kamlesh jinder ji,1,1
kamlesh kanta ahuja,1,1
kamlesh khurana,1,1
kamlesh khurana ji,1,1
kamlesh middle,1,1
kamlesh mor,1,1
kamlesh tanuja,1,1
kamlesh vats ji,1,1
kams,1,1
kanak rathi,1,1
kanana,1,1
kanha,1,1
kanhaiyalal ji,1,1
kanika,1,1
kanishka arora,1,1
kanishka arora ji,1,1
kans,1,1
kansa,1,1
kansha,1,1
kantaa,1,1
kanta bhavani ji,1,1
kanta sharma,1,1
kanya,1,1
kapi,1,1
kapi darshan tuteja,1,1
kapila ji,1,1
kapilani,1,1
kapil-bhagwan,1,1
kapil chada,1,1
kapil rana,1,1
kapil rishi,1,1
kapurasharfi,1,1
kapur singh,1,1
kar,1,1
karaki,1,1
karanal ms vishnohi,1,1
karan goel,1,1
karan ji,1,1
karan nagpal ji,1,1
karann nagpal,1,1
karawal nagar,1,1
karim,1,1
karkshetra,1,1
karm,1,1
karn,1,1
karnag,1,1
karnal designer,1,1
karnal deya,1,1
karnal singh,1,1
karneghi,1,1
karnegie,1,1
karnegir,1,1
karni child,1,1
karolbag,1,1
karolbag center,1,1
karti dhari ji,1,1
kartik lakshmi,1,1
karum,1,1
karuna,1,1
karunal b s rana,1,1
karuna singh,1,1
karuna sinh,1,1
kashi,1,1
kashmiri baba,1,1
kashmirilal,1,1
kasholi baba,1,1
kashyapa,1,1
kathal,1,1
katharine,1,1
kati,1,1
katyayani,1,1
kaushalya,1,1
kaveri,1,1
kavesh ji,1,1
kavir,1,1
kavira,1,1
kavita bansal ji,1,1
kavita ji,1,1
kavita rani ji,1,1
kavita talreja,1,1
keeki,1,1
keeta,1,1
keke,1,1
kepi singh,1,1
keśav chand sen,1,1
kesav suri,1,1
keshava,1,1
keshav chandran,1,1
keshav chandran sen,1,1
keshav-chandra-sen,1,1
keshav kumar setiya ji,1,1
keshav madhav,1,1
kesho chandrasena,1,1
kes keen,1,1
keval kishan,1,1
kevla chawla,1,1
khabir sahab,1,1
khamal,1,1
khan,1,1
khemchand kavarane,1,1
khor,1,1
khuais,1,1
khushboo,1,1
khushi gupta,1,1
khushwan singh,1,1
khyat varma,1,1
king-yanak,1,1
kintu-master,1,1
kirana,1,1
kiran bansal ji,1,1
kiranchan,1,1
kiran goyal,1,1
kiran gusai ji,1,1
kiran kaur,1,1
kiran monga,1,1
kirimesh ahuja,1,1
kirna,1,1
kishan,1,1
kishan yadav,1,1
kishhi ji,1,1
kishika tanja,1,1
kishik tanjea,1,1
kishor,1,1
kishorelala ji,1,1
kishor ji,1,1
kiskinda,1,1
kithu,1,1
kobind,1,1
koishain ji,1,1
kolkata,1,1
komal,1,1
komal saini,1,1
komal shukla,1,1
komila madan ji,1,1
komonwelth,1,1
koolbir,1,1
kopal,1,1
kopal baba,1,1
kopla baba,1,1
koshale,1,1
kousalya matha ji,1,1
koushal kishar ji,1,1
krause,1,1
kresh,1,1
kripacharya,1,1
krishna anuradha garg,1,1
krishna baba,1,1
krishna kant,1,1
krishna kumar,1,1
krishna kumar ji,1,1
krishna kumar singh ji,1,1
krishnalal agrawal,1,1
krishna malhi ji,1,1
krishna monga,1,1
krishna-monga,1,1
krishna murthy ji,1,1
krishna murti,1,1
krishna-murti,1,1
krishnamurti,1,1
krishnanand pande,1,1
krishna paramananda,1,1
krishna sharma,1,1
krishna shyamdas ji,1,1
krishna singh,1,1
krishnata,1,1
krishyan lal monga,1,1
krishyan lal monga ji,1,1
kritika chaudhari,1,1
krushna ji,1,1
kualiar,1,1
kulant ji,1,1
kulbhushan ji,1,1
kuldeep,1,1
kulshan-ji,1,1
kulwant kaur ji,1,1
kumar ansh vishwas,1,1
kumar bhavy vishwas,1,1
kumari archi sharma,1,1
kumariil bhat,1,1
kumaril bhatt,1,1
kumar pankaj vishwas,1,1
kumar vaibhav vishwas,1,1
kumar vansh,1,1
kumbhar,1,1
kumguru inama,1,1
kunal dogra ji,1,1
kunal manchanda ji,1,1
kundalini,1,1
kundalini-shakti,1,1
kunti kalara,1,1
kurkshetra,1,1
kurma,1,1
kuru charandas,1,1
kuru kripa,1,1
kurukshetra,1,1
kurukshtar university,1,1
kurumata,1,1
kuru nanak,1,1
kusam singh,1,1
kushal garg,1,1
kushalya,1,1
kushm,1,1
kushm singla,1,1
kushun guta ji,1,1
kusum lata sharma,1,1
kusum sharma,1,1
laaila,1,1
ladka,1,1
ladki,1,1
lagna,1,1
lahena,1,1
lahna bhai,1,1
laisan,1,1
lajchan ji,1,1
lakbir kaur,1,1
lakhan,1,1
lakhana,1,1
lakhanlal,1,1
lakhmi,1,1
lakhmi chand ji,1,1
lakhna,1,1
lakhush arwan,1,1
lakshet dhingra,1,1
laksh kwakra,1,1
lakshmi chant,1,1
lakshmi devi,1,1
lakshmi gupta,1,1
lakshmi ji,1,1
lakshmi ji soniya ji,1,1
lakshmi narayan,1,1
lakshmi saini ji,1,1
laksh nithika malik,1,1
lalaa majnu,1,1
lala majnu,1,1
lal baba,1,1
lalchami chint,1,1
lalima piro,1,1
lalita,1,1
lalita devi,1,1
lalita rath,1,1
lalit ariya,1,1
lalit chd,1,1
lalit mohana ji,1,1
lalit pande,1,1
lalit raman,1,1
lalit sharma ji,1,1
lal ji,1,1
lalji,1,1
lal khaa haiderabad mochan chandrajoshi karnal manju jayan s,1,1
lamas,1,1
lambardar,1,1
landlord,1,1
lanita siddana,1,1
lankesh,1,1
lankush,1,1
lata mangeshkar,1,1
lata varma,1,1
lavanaksha,1,1
lavish kumar,1,1
lavkesh jatt,1,1
lavkesh kumar ji,1,1
leading advocate ka putra,1,1
learner,1,1
leeku arora,1,1
leela devi,1,1
leena jain,1,1
leutenant ahuja,1,1
leutenant general ahuja,1,1
lilaadhar purushottam prenas gopal,1,1
lingchi,1,1
lipanshu setiya ji,1,1
lisha bambi,1,1
lishant jheja,1,1
lived master jagpurush,1,1
living maistress,1,1
l. kapoor,1,1
logician,1,1
lohdi,1,1
lokesh chada,1,1
lokman ji,1,1
lomsharishi,1,1
lord canning,1,1
lord khaning,1,1
lord narayana,1,1
lord-ram,1,1
lord speaker,1,1
lordy,1,1
loriya,1,1
lovely master,1,1
loving maistress,1,1
lr mongia,1,1
ludhiana center,1,1
ludhiana punjab,1,1
ludramal,1,1
lupur chaudhari,1,1
ma,1,1
maa bhaleshwar kadal,1,1
maa bhavani,1,1
maa bhaveshwari,1,1
maa bhuvaneshwari,1,1
maahi ji,1,1
maai,1,1
maa kundalini,1,1
maange ram sharma,1,1
maa samina,1,1
maa sundari,1,1
maata,1,1
maavidvesh,1,1
ma ba bab,1,1
ma bhoneshwari,1,1
ma bhoomanishwari,1,1
ma bhooneshri,1,1
macdonald,1,1
machhi,1,1
madalsa,1,1
madam kamal,1,1
madam sahiba,1,1
madam toshed,1,1
madan sharma,1,1
maddalsa,1,1
madhalsa,1,1
madhan mohanj,1,1
madhava,1,1
madhav bakal ji,1,1
madhav-jiya,1,1
madhav kaushik ji,1,1
madhi,1,1
madhoram,1,1
madhuban,1,1
madhu gupta,1,1
madhu khanna,1,1
madhu mishra ji,1,1
madhu rani,1,1
madhuri narayans,1,1
madhu saini ji,1,1
madhu sharma,1,1
madhu singh ji,1,1
madu ji,1,1
maganani,1,1
magneto,1,1
magnu,1,1
ma gujari,1,1
mahaatma buddh,1,1
mahaatma budh,1,1
mahaavin chenn,1,1
mahaavirachen,1,1
mahabharata,1,1
mahabhaveshwari,1,1
mahabub,1,1
maha-dev,1,1
mahadeva,1,1
maha-devi,1,1
mahadevi,1,1
mahaji,1,1
maha kalayan dev,1,1
mahal,1,1
mahalal gupta,1,1
mahalal ji,1,1
mahama buddh,1,1
mahamad,1,1
mahamashri,1,1
mahamaya buddhi,1,1
maham buddha,1,1
mahamool sankar,1,1
mahamuni,1,1
mahansaprichu,1,1
mahanta mud,1,1
mahaprabhu chetanya,1,1
mahaprabu chaitanya,1,1
mahapurush guru,1,1
maha-raaj khan,1,1
maha-raaj vibhin,1,1
maharaja abharat,1,1
maharaja bharat har,1,1
maha raja bhartri hari,1,1
maharaja bhartrihari,1,1
maharaja bhartriyar,1,1
maharaj abhi,1,1
maharaja bhoj,1,1
maharaja janak,1,1
maharaja karan,1,1
maha-rajani,1,1
maharaja shuddhodhan,1,1
maharaja udai singh,1,1
maharaja vikram aditya,1,1
maharaja-vikramaditya,1,1
maharaj babu,1,1
maha raj bharatri hari,1,1
maharaj daksh,1,1
maharaj khan,1,1
maharaj shiraj ji,1,1
maharaj vikramaditya,1,1
maharana,1,1
maharana pratap,1,1
maharanee,1,1
maharani-ambika,1,1
maharani meera,1,1
maharashtra,1,1
maharesh,1,1
maharishi,1,1
maharishi siddha anand,1,1
maharshi budh,1,1
maharshi-dadami,1,1
maharshi dasananda,1,1
maharshi kauhar,1,1
maharshi kod,1,1
maharshi-kohad,1,1
maharshi tadami,1,1
maharshi udalk,1,1
maharshi vairachan,1,1
maharsi dadami,1,1
mahasagar,1,1
mahasants,1,1
mahashakti-bhavani,1,1
maha-shiva,1,1
mahashiva,1,1
mahata kalayan dev,1,1
mahat kalayan dev,1,1
mahat kalayan dev ji,1,1
mahatma buddh,1,1
mahatma-buddha,1,1
mahatmabuddha,1,1
mahatma budh,1,1
mahatma budha,1,1
mahatma budhmal jain,1,1
mahatma kalayan dev,1,1
mahatma pargar,1,1
mahatma shankar,1,1
mahatma singh,1,1
mahatma trupta devi,1,1
maha vir,1,1
maha-vir,1,1
mahavira jain,1,1
mahavirjayan,1,1
mahavir sharma ji,1,1
mahegard,1,1
mahendra,1,1
mahendra ladka,1,1
mahendra sangamitra,1,1
mahendra-singh,1,1
maheshwari,1,1
maheshwar singh,1,1
mahesh yogi,1,1
mahi,1,1
mahinali,1,1
mahindar-singh,1,1
mahinder goyal,1,1
mahinder singla,1,1
mahini devi,1,1
mahi pal singh ji,1,1
mahi pal singh raawat ji,1,1
mahi raj manu,1,1
mahmad,1,1
mahmud ghaznavi,1,1
mahor singh,1,1
mahrasi matanga,1,1
mahrasi ramani,1,1
mahrsh,1,1
mahrshi adimahi,1,1
mahrshi ram,1,1
mahulal-sharma,1,1
mahummat paighambar,1,1
maiaraculus,1,1
maik,1,1
maistress,1,1
maitrayi,1,1
ma jijabai,1,1
majlis,1,1
major,1,1
majumdar,1,1
ma kali,1,1
makhanlad,1,1
makhdoom shahnshah,1,1
makinal,1,1
malaika,1,1
malek,1,1
malikarjun,1,1
malik-e-kafur,1,1
malik ji,1,1
malik-ji,1,1
malik murshid sahib,1,1
malka das,1,1
mallik,1,1
malotra ji,1,1
malukdas,1,1
malvi sahab,1,1
m.a.m.,1,1
mam,1,1
mama,1,1
maman ji,1,1
mamata bajaj,1,1
mami,1,1
mamiji,1,1
mamman,1,1
mamta,1,1
mamt devi,1,1
mamtta gupta,1,1
mamtta shukla,1,1
mamuksh vishwas,1,1
mamus,1,1
manager sarala,1,1
manan kavarane,1,1
manasarovar ji,1,1
manch guru archan dev,1,1
mandana-mishra,1,1
mandan misra,1,1
mandi ahmadgar,1,1
mandi daval,1,1
mandi dholi center,1,1
mandi dwali,1,1
mandip goyal,1,1
mandusha,1,1
manesh,1,1
mangal bhai,1,1
manik,1,1
manikaran,1,1
manisha devi,1,1
manish ki,1,1
manish mittal,1,1
manish vohra,1,1
manjinder singh,1,1
manju garg,1,1
manju goyal,1,1
manju gupta,1,1
manju puruti,1,1
manju sharma,1,1
manju shri das,1,1
manju shridas,1,1
manjusri das,1,1
mank,1,1
mannu maharaj,1,1
manocha,1,1
manohar,1,1
manoj bambi,1,1
manoj vaisnak ji,1,1
manprit singh ji,1,1
manshi arora,1,1
mantar,1,1
mantra,1,1
mantri,1,1
manu,1,1
manu ji,1,1
manu maharaj,1,1
manu vishwas,1,1
manvindar,1,1
maqar,1,1
maraaj,1,1
marconi,1,1
margaret drake,1,1
margaret rockfeller,1,1
margi,1,1
maridayan,1,1
maris dhyananand,1,1
markanda,1,1
markandeya,1,1
mark rockefeller,1,1
mark zuckerberg,1,1
marsa,1,1
marshal dhami,1,1
marshe dadami,1,1
marsheeraman,1,1
marshi dadami,1,1
marshi dayananda,1,1
marshi kod,1,1
marshi matang,1,1
marsidda nan,1,1
marsidrananda,1,1
marston,1,1
marsyadayanan,1,1
martin luther king,1,1
martin-luther-king,1,1
marusi dadami,1,1
masarat,1,1
masiya,1,1
masrat,1,1
mastan,1,1
master acharya,1,1
master-gom,1,1
master ji,1,1
master katri chawla,1,1
master spiritual,1,1
mata amritanand mai,1,1
mataangi maharishi,1,1
mata ji,1,1
mataji,1,1
mata kalu,1,1
matam,1,1
matangi maharshi,1,1
matang maharshi,1,1
matang maharsi,1,1
mata ratan devi,1,1
mata trupta,1,1
material,1,1
mathematics professor,1,1
mati,1,1
matra,1,1
matra-sahaj,1,1
matri tripta devi,1,1
matsyendranath,1,1
maujpur,1,1
maula,1,1
maulana rumi,1,1
maulik,1,1
maulung,1,1
maulvi,1,1
maur,1,1
mawar,1,1
maya adhiklaxa ji,1,1
maya devi,1,1
maya devi cheshta rani,1,1
maya devi ji,1,1
maya devi wife of shri ramlal ji,1,1
mayang,1,1
mayank,1,1
may-master,1,1
m bagavanti devi,1,1
meditation,1,1
meditation master,1,1
meena,1,1
meena sharma,1,1
meenu kalda,1,1
meenu puruti,1,1
meer,1,1
meerah,1,1
meera yad,1,1
meer-qi-shan,1,1
meeta gupta ji,1,1
megha chada,1,1
megha sachdeva,1,1
meghna,1,1
meharani,1,1
meharva,1,1
mehendar agarwal,1,1
mehendra kumar,1,1
mehendra singhla,1,1
meherb,1,1
mehima,1,1
mehindar,1,1
mehinder batra,1,1
mehinder pal,1,1
mehmat,1,1
mehmed,1,1
mehra,1,1
mehraja,1,1
mehroli,1,1
mendra singla,1,1
meowad queen,1,1
mera guru,1,1
mera rang,1,1
merat bhagpat,1,1
mert center,1,1
mesej mamta,1,1
mewar ke raja,1,1
mewar maharani,1,1
m.g. bhalla,1,1
michael,1,1
mida,1,1
mihirba,1,1
minaharani,1,1
minakshi,1,1
minakshi goel,1,1
mina saho,1,1
mindar singh,1,1
minister,1,1
minister om bhart,1,1
miraabai,1,1
mira abiya,1,1
miraa-maharani,1,1
mirabai-maharani,1,1
mira behan,1,1
mira ji,1,1
miraj saijo rawiya,1,1
miramahanani,1,1
mira maharan,1,1
mira-maharani,1,1
miramali,1,1
mira marayan,1,1
mira sahajo,1,1
mira sahib,1,1
mira saj,1,1
mirath sahiba,1,1
mira yadav,1,1
mirda,1,1
mirza ghalib,1,1
mirza's brothers,1,1
mirza's parents,1,1
mishij sarika goyal,1,1
mishr,1,1
mishra bajsha,1,1
mishra-bajshah,1,1
mishtri,1,1
misri batra,1,1
missee jain,1,1
missis anita rehija ji,1,1
missis bedi,1,1
missis gandhi,1,1
missis manju,1,1
missis meenu,1,1
missis prakash,1,1
missis raj goyal ji,1,1
missis sardana sardana ji,1,1
missis shakuntala,1,1
miss kanta chawla,1,1
miss lavisha,1,1
miss-lavisha,1,1
miss manisha,1,1
miss mohini chopda,1,1
miss raj kathuria,1,1
miss shakuntala minocha,1,1
miss sidana,1,1
miss suhas butra,1,1
miss suman,1,1
miss varsha batra,1,1
mister addison,1,1
mister arthur,1,1
mister bedi,1,1
mister goyal,1,1
mister kaunvar,1,1
mister patil,1,1
mister sain,1,1
mister samir midda ji,1,1
mister vivek ahuja,1,1
mithila,1,1
mithla,1,1
mithlesh devi,1,1
mitika,1,1
mohali baba ji,1,1
mohanagar,1,1
mohan cardan ji,1,1
mohan gar,1,1
mohan gardan ji,1,1
mohan garden,1,1
mohan karla,1,1
mohanlal-sharma,1,1
mohan nagar,1,1
mohan sikka,1,1
mohan singh,1,1
moharaj,1,1
mohender singh,1,1
mohini,1,1
mohit gohil,1,1
mohit ji,1,1
mohit sharma,1,1
moh maya,1,1
moinuddin chishti,1,1
moka,1,1
moksha,1,1
mokshagundam,1,1
mokul chavad,1,1
mola,1,1
molinar shankar,1,1
mona sharma,1,1
monika bhatia,1,1
monika chawla,1,1
monika mittal,1,1
mool-shankar,1,1
mool shankarsh,1,1
moral rockefeller,1,1
mordechai,1,1
morgan carnegie,1,1
morgann rockefeller,1,1
morgan roger fowler,1,1
morgarn karnegi,1,1
morgn rockefeller,1,1
morning rockefeller,1,1
morogan,1,1
mother teresa,1,1
moti bag,1,1
motilal,1,1
moula,1,1
moun baba,1,1
mouni baba,1,1
mounika sarshwat,1,1
mps singh,1,1
mr. arthur,1,1
mr. arthur frankfurt,1,1
mr. bedi,1,1
mr. dutt,1,1
mritusheya,1,1
mr. kapil kalra,1,1
mr. nareesh chanchal,1,1
mr. ranveer,1,1
mr. singh,1,1
ms. bedi,1,1
m.s.c.,1,1
mudd mahanavir,1,1
muhammad phegamban,1,1
mujaffar,1,1
mujanoo,1,1
mujazji,1,1
mujnu,1,1
mukesh ambani,1,1
mukesh chalan,1,1
mukesh hariya,1,1
mukesh hirala,1,1
mukesh ji,1,1
mukesh kumar arora,1,1
mukhya,1,1
mukta,1,1
mukta sar,1,1
mukund,1,1
mukunda das,1,1
mula ji,1,1
mulkh raj manocha,1,1
mulla,1,1
mullahs,1,1
mul raj matha ji,1,1
mulshankar,1,1
multanani ji,1,1
mummy,1,1
mumta gupta,1,1
mumta shukla,1,1
muni devi,1,1
munish nagpal ji,1,1
muniyon,1,1
munni chaudhary ji,1,1
munni nicki sandip,1,1
munni thakur,1,1
munwar,1,1
muraadabad,1,1
muragagiri,1,1
murali bap pujlandhar,1,1
muralidhar,1,1
muri devi,1,1
murlidhar lalla,1,1
mursheeda,1,1
mursheed baba,1,1
mursheed divani,1,1
mursheed-e-yar,1,1
mursheed-ji,1,1
mursheed kurbaan,1,1
mursheed malik,1,1
mursheen sahab,1,1
mursheet,1,1
murshid abad,1,1
murshid-baba,1,1
murshid gopal,1,1
murshid guru,1,1
mursi,1,1
mursids,1,1
mursid sahib,1,1
murti,1,1
musharafa,1,1
muslim,1,1
mustafa,1,1
m. vandaná sharmá,1,1
naana,1,1
naasa,1,1
naasir,1,1
naath tukaram,1,1
nabab,1,1
nacheeta,1,1
nachi gita,1,1
nachi kanta,1,1
nachiketa-agni,1,1
nachi ketu,1,1
nachikeya,1,1
nachiya,1,1
nagapa ji,1,1
nagar,1,1
naidu,1,1
naina ji,1,1
nairai,1,1
najib,1,1
naji kaita,1,1
nakship,1,1
nakul,1,1
nal,1,1
namachivaya,1,1
nama dev,1,1
namadev,1,1
namadeva,1,1
namansh vishwas,1,1
namd,1,1
nam daas,1,1
namdak,1,1
namdav,1,1
nam devi,1,1
namin patel,1,1
namra,1,1
nana agarwal,1,1
nanaak,1,1
nana kabir,1,1
nanak chand,1,1
nana ke pratim,1,1
nanak hari,1,1
nanak-ji,1,1
nana koibinda,1,1
nanak's father,1,1
nanak's mother,1,1
nanaq,1,1
nanchaita,1,1
nand,1,1
nanda,1,1
nanda baba,1,1
nandakishore,1,1
nand babu,1,1
nandini,1,1
nand-ka-lala-peela,1,1
nanki,1,1
naoida,1,1
naraad,1,1
naraad muni dev,1,1
naraad munidev,1,1
naraayan,1,1
narachariya,1,1
nara da muni,1,1
nara-da-muni,1,1
narada thakur,1,1
narad muni dev,1,1
narain baba,1,1
narak munida,1,1
nara muni,1,1
narash,1,1
narasimha bhagavan,1,1
narasingh matha,1,1
naravada,1,1
narayana bhagavan,1,1
narayan bhagwan,1,1
narayan guru,1,1
narayan shishya,1,1
narayan vivekananda,1,1
nardamuri dev,1,1
nardi munidev,1,1
nareesh kumar rohini,1,1
naren-baba,1,1
narendra aberol ji,1,1
narendra babu,1,1
narendra-das,1,1
narendra dev,1,1
narendra deva,1,1
narendra jaw,1,1
narendra kamra ji,1,1
narendra mahim,1,1
narendra nath,1,1
narendranath davis,1,1
narendranath swami vivekananda,1,1
narendra-set,1,1
narendra singh rah ji,1,1
narendra swamivika,1,1
narendra vivikananda,1,1
narendr sharmá,1,1
naren's father,1,1
naren's mother,1,1
naren vivekanand,1,1
naren vivikananda,1,1
naren vivikannan,1,1
narésh sharmá,1,1
nari,1,1
narinder devakanan,1,1
narinder jaw,1,1
narmaduni,1,1
narottam,1,1
narottam das,1,1
narsi,1,1
narsinh,1,1
narsis,1,1
nas,1,1
nasiruddin,1,1
natak,1,1
natakaram,1,1
nathpal,1,1
nath tukaram,1,1
natraj,1,1
natu,1,1
natuka,1,1
na tukka ram,1,1
naujawan,1,1
naval kishore kapoor,1,1
navesh tejpal ji,1,1
navneet singh,1,1
nawachavan gadwal,1,1
nayak,1,1
nazbabad,1,1
nchiket,1,1
neapolion,1,1
neelam ahuja ji,1,1
neelam bansal,1,1
neelam sharma ji,1,1
neelam yad,1,1
neelima-ji,1,1
neena singla,1,1
neeta agarwal,1,1
neeta qatra,1,1
neeta qatra businessman,1,1
neetu agarwal,1,1
neetu singh,1,1
neha agarwal,1,1
neha devi ji,1,1
neraba,1,1
nidhi,1,1
nidra,1,1
nighta,1,1
nikita,1,1
nikun malik ji,1,1
nilakantha,1,1
nilima,1,1
nimesh,1,1
nirain,1,1
nirain baba,1,1
niraj,1,1
niraj chhabda ji,1,1
niranjan maheshwari,1,1
nirbhay,1,1
nirbhaya,1,1
niren,1,1
nirindr,1,1
nirma ji,1,1
nirmal,1,1
nirmala ji,1,1
nirmal bhal,1,1
nirmal kyoachak,1,1
nirmal mongia,1,1
nishaant gohil,1,1
nishant,1,1
nishant goel,1,1
nishant jheja,1,1
nishant mishra,1,1
nishap,1,1
nishchay,1,1
nishiketa,1,1
nishita mishra,1,1
nishta,1,1
nishtha,1,1
nita qatra,1,1
nitesh samarik,1,1
nitesh-sharma,1,1
nitin gaba,1,1
nitin gupta,1,1
nitin saini,1,1
niyab bano,1,1
noor gupta,1,1
nour-murshid,1,1
nuns,1,1
nupur baner ji,1,1
nusrat,1,1
nuvant lal,1,1
nyaya mahaprabhu,1,1
ohmprajak dingra,1,1
ohuja ji,1,1
ojaini,1,1
old lady,1,1
om,1,1
om bihar,1,1
om krishna yadav,1,1
ompal shukla,1,1
om pande,1,1
om prakash,1,1
om-prakash-chavan,1,1
om prakash ji,1,1
om prakash manchanda ji,1,1
omveer sharma,1,1
oneatha thakur,1,1
oppi jindal,1,1
orhade,1,1
ormila,1,1
oshi,1,1
padam singh chauhan,1,1
padas,1,1
padasahib,1,1
padmavati,1,1
padri,1,1
pahlad,1,1
paigambaron,1,1
paimagar,1,1
paimbar,1,1
paiyasar,1,1
pakshiyo,1,1
palad,1,1
palato,1,1
palatoo das,1,1
palattu,1,1
palatu,1,1
pali,1,1
palika,1,1
palit,1,1
palta,1,1
palta p,1,1
palto das,1,1
palto ji,1,1
paltoo,1,1
paltoo das,1,1
palto parasad,1,1
paltu das,1,1
paltu parshad,1,1
pami moga ji,1,1
pammi,1,1
panch-panch-varsh-ke-balak,1,1
panda ji,1,1
pandit hiranand,1,1
pandit ishwar ji,1,1
pandits,1,1
pandur,1,1
panjabi bag,1,1
panjavi bag,1,1
pankaj goyal,1,1
pankaj jain,1,1
pankaj pankaj,1,1
pankaj sarshwat,1,1
pankaj sharma,1,1
panki,1,1
panna,1,1
parahams,1,1
parakashi,1,1
paramahamsa,1,1
paramahans,1,1
parameshwar,1,1
paramhansa,1,1
paramjeet kaur,1,1
paramjit singh,1,1
paramod rathor ji,1,1
paramod shukla,1,1
paramot shukla,1,1
param pati,1,1
parampitru,1,1
parampitu,1,1
parapito,1,1
parasar,1,1
parasnath,1,1
parasnna,1,1
pargambar,1,1
parijabad,1,1
parisha kwakra,1,1
parisha kwatra,1,1
parshanam,1,1
parshottam ji,1,1
parshuram,1,1
parshvanath,1,1
parsi,1,1
parth,1,1
partha,1,1
parthasarathi,1,1
partik sarshwat,1,1
parul sharma ji,1,1
parveen,1,1
parveen latasharma,1,1
parveen sharma,1,1
parveshi gola,1,1
parvesh vadava,1,1
parv rohani,1,1
pashchim vihar,1,1
pat cross,1,1
patel,1,1
patil,1,1
patipatni bhagavan narayan,1,1
patricia sade,1,1
pattawari,1,1
pavan arora,1,1
pavan ji,1,1
pavara,1,1
pee,1,1
peelu,1,1
pee pa,1,1
peeppa,1,1
peepu,1,1
peepu saagar dhan,1,1
peer,1,1
pee sagar,1,1
peigambar,1,1
pet,1,1
phil,1,1
phool,1,1
phulnari,1,1
pichra,1,1
piddha shri,1,1
piipa,1,1
pike sharma,1,1
pimba,1,1
pindora,1,1
pinkhi monga,1,1
pinkhi monga ji,1,1
pinkishwas,1,1
pinkivishwanath,1,1
pinky,1,1
pintambhar,1,1
pintu,1,1
pipal,1,1
pipe sagar,1,1
piran,1,1
pirasagar,1,1
pita hiranand,1,1
pita kalyan dev ji,1,1
pitamaha,1,1
pitamberdhara,1,1
piyoosh chalan,1,1
piyush,1,1
piyush vishwas,1,1
plat,1,1
poison,1,1
ponta sahab,1,1
pooja,1,1
pooja arora,1,1
pooja kwakra,1,1
pooja kwatra,1,1
poonam,1,1
poonam chandra,1,1
poonam chavad,1,1
poonam dingra,1,1
poonam ji,1,1
poonam saini,1,1
poonam sharma,1,1
poon khurana ji,1,1
potter,1,1
prabhansh sharma,1,1
prabhashter dhiraram,1,1
prabheswar,1,1
prabho,1,1
prabhudhiram,1,1
prabhuh,1,1
prabhu mahavir,1,1
prabhu mark,1,1
prabhunath sahani,1,1
prabhupada guru dev ji,1,1
prabhupujani gurudev ji,1,1
prabhushri,1,1
prabhut,1,1
prablin kaur,1,1
prachi,1,1
pradeep arora,1,1
pradeep kumar singh,1,1
pradeep-vishwas,1,1
pragpur,1,1
pragya singla,1,1
praharat,1,1
prahlad ji,1,1
prahlat,1,1
prahulad,1,1
prajna mata,1,1
prakash chan ji,1,1
prakash devi sharma,1,1
prakash devi singla,1,1
prakash ji,1,1
prakash rane,1,1
prakash sharma,1,1
prakriti,1,1
pralhad,1,1
pramapit,1,1
pramapujan gudev ji,1,1
pramapujaniji samaji,1,1
pramapujani saumiji,1,1
pramath ram,1,1
pramath ram tirth,1,1
pramatma,1,1
pramatta,1,1
pramipit,1,1
pramod,1,1
pram pujya samaj,1,1
pranayama master,1,1
prarth,1,1
prarthana,1,1
prashansa singla,1,1
prashantam ji,1,1
pratap kaiser,1,1
prateek arora,1,1
prateek matha,1,1
pratibha,1,1
pratima shukla,1,1
pratiyabharika,1,1
preeti,1,1
preeti daughter of sadvi vijay,1,1
preeti mida ji,1,1
preeti ohri,1,1
preeti rathor ji,1,1
preeti varma,1,1
preksha,1,1
prem bala ji,1,1
prem bansal,1,1
premesh,1,1
prem ji,1,1
premlal sharma,1,1
prem lata,1,1
premlata shukla,1,1
prem singh,1,1
prem-singh,1,1
president mackinley,1,1
president mccall,1,1
president of california university,1,1
prful,1,1
primita mukesh,1,1
prince,1,1
prince nachi,1,1
princess,1,1
princess sidhartha,1,1
prince tilipad,1,1
prince tilpat,1,1
principalsahiba,1,1
principals khosla ji,1,1
pritam das,1,1
pritam gupta,1,1
pritam ji,1,1
pritampura,1,1
privel,1,1
priya ahmar raj goyal,1,1
priya beta,1,1
priya beta pavan kholar,1,1
priya garg,1,1
priyam,1,1
priyansh kumar,1,1
priya rohani,1,1
priyavita vinod,1,1
profesor tiratharam,1,1
profesor tiritharam,1,1
profesor tiruth ram,1,1
professer,1,1
professor dhiradram,1,1
professor dhiratharam,1,1
professor dhirathram,1,1
professor manju,1,1
professor of mathematics,1,1
professor shiv karan,1,1
professor teerath ram,1,1
professor thirathiram,1,1
professor tirath,1,1
professor tirathar,1,1
professor tirath ram,1,1
professor tirit ram,1,1
professor tirtha,1,1
professor tirtha ram,1,1
professor trilochan singh,1,1
prof. tiratharam,1,1
prof. tirtha ram,1,1
prof. tirtharam,1,1
prof. titaram,1,1
prometheus,1,1
prophet muhammad,1,1
prophet-muhammad,1,1
prophets,1,1
pruthi,1,1
psychiatrist,1,1
public,1,1
public opinion,1,1
pudhianumantlal ji,1,1
pulum garla,1,1
punam chawla,1,1
punditji,1,1
pune,1,1
puniani,1,1
punjaban,1,1
punjalata ji,1,1
pupender singh,1,1
puraji,1,1
puran,1,1
purana baba,1,1
purana singh,1,1
puranch singh,1,1
puran sinhvti,1,1
puri singh,1,1
puri-singh,1,1
purjait,1,1
purnan singh,1,1
purnan-singh,1,1
purnan sinh,1,1
purn-sing,1,1
purn sinh,1,1
puroshotam kumar,1,1
pursh,1,1
purshotam,1,1
purush,1,1
purushon,1,1
purushotam-ji,1,1
purushottam ji,1,1
purushottam rishi,1,1
purushottam vishwas,1,1
purush singh,1,1
pushpa,1,1
pushpa chochan,1,1
pushpa garg,1,1
putra,1,1
putra kamal,1,1
pyaas divane,1,1
pyarilal rai,1,1
pyndora,1,1
pyush,1,1
pyush ji,1,1
raabia rajgumari,1,1
raabia rajkumari,1,1
raabiyaa,1,1
raaghav-jatin,1,1
raahul gupta,1,1
raahul maunga,1,1
raaisa,1,1
raaja,1,1
raaja ulfat,1,1
raajendra parsnna,1,1
raajkumari,1,1
raakesh,1,1
raakesh bansar ji,1,1
raakesh chawla,1,1
raakesh goyal,1,1
raakesh jindal ji,1,1
raakesh mudgil,1,1
raakesh sharma,1,1
raakhi atre,1,1
raakish vishwas,1,1
raakshas,1,1
raam-bajshani,1,1
raamdas,1,1
raam kishan,1,1
raanak shukla,1,1
raavi shankar,1,1
raav ji,1,1
rabia al-adawiyya,1,1
rabiah al-adawiyya,1,1
rabia sahnun,1,1
rabia sula,1,1
rabindranath tagore's mother,1,1
rabiya,1,1
rabnu,1,1
rachana arura,1,1
rachna,1,1
rachna chandiwala,1,1
rachna ji,1,1
radaas,1,1
radas,1,1
rada sharma,1,1
raddas,1,1
radha bhartavad,1,1
radha maharani,1,1
radha rani ji,1,1
radha sakhya,1,1
radha shyamini,1,1
radha swami,1,1
radhe rani ji,1,1
radhesham ahuja ji,1,1
rae numa,1,1
raga,1,1
ragav ji,1,1
raghuji,1,1
raghu kula,1,1
ragini ji,1,1
raha,1,1
rahabia,1,1
rahalan,1,1
rahan,1,1
rahanani,1,1
rahbar,1,1
rahdas,1,1
raheem,1,1
rahibya,1,1
rahi-das,1,1
rahim das,1,1
rahim sahab,1,1
rahitas,1,1
rahlaad,1,1
rahlal,1,1
rahul gupta,1,1
rahul lal,1,1
rahul sharma ji,1,1
rahul ye,1,1
rahya,1,1
rai,1,1
raibyan,1,1
raidass,1,1
raik,1,1
raisa,1,1
raj,1,1
raja abrahm,1,1
raja akshvaku,1,1
raja ambhi,1,1
raja arjuna,1,1
rajaat,1,1
raja badshah,1,1
raja bahaduri,1,1
rajabahadur sidharth,1,1
raja balaram,1,1
rajabansi,1,1
raja bhar,1,1
rajabhar,1,1
raja-bharatarahari,1,1
raja bharatari,1,1
raja bharatari hari,1,1
raja-bharat-hari,1,1
raja bharatiya hari,1,1
raja bharatri,1,1
raja-bharatri-hari,1,1
raja-bhartari,1,1
raja bhartari hari,1,1
raja bharti hari,1,1
raja-bharti-hari,1,1
rajabhartri,1,1
raja-bhartri-hari,1,1
raja bhartri hariya,1,1
raja bhartriya,1,1
raja bhatari harini,1,1
raja bhati,1,1
raja bhattari,1,1
rajabhatti,1,1
raja bhatti hari,1,1
raja-birbal,1,1
raja birman,1,1
raja chand,1,1
raja chank,1,1
raja dadaji,1,1
raja dasarat,1,1
raja dasarath,1,1
raja dasharatha,1,1
raja dashrat,1,1
raja dashratha,1,1
raja dastat,1,1
raja dasu,1,1
raja dharat,1,1
raja dhrishtadyumna,1,1
raja dhrupad,1,1
rajaendra-parshanna,1,1
rajaendra parsnna,1,1
raja gadhi,1,1
rajah bharatari hari,1,1
rajah bharati,1,1
rajah bharatri hari,1,1
rajah-bhartari-hari,1,1
rajah bharthari hari,1,1
rajah-bharthari-hari,1,1
rajah bharthi hari,1,1
rajah bhartri hari,1,1
rajah-bhartri-hari,1,1
rajah janak,1,1
rajah vikramaditya,1,1
raja ibrahim,1,1
raja jai chand,1,1
raja jainak,1,1
raja jayati,1,1
rajaji hari,1,1
rajaji-janaka,1,1
raja khanna,1,1
raja krishan paramhans,1,1
raja kumara,1,1
raja kumari,1,1
rajakumari,1,1
rajalal,1,1
raja manu,1,1
rajanadar pal varma,1,1
rajanaka,1,1
raja narendra,1,1
rajani sharma,1,1
rajan ji,1,1
rajan singh,1,1
raja of mewar,1,1
raja parsen,1,1
raja parshenjit,1,1
raja-parshuram,1,1
raja pipa,1,1
raja pitā,1,1
raja rajatilak,1,1
raja-rajendra,1,1
raja rama,1,1
raja ram singh,1,1
raja ramsingh,1,1
raja ram tir,1,1
raja ram tirth,1,1
rajarani,1,1
rajarani ji,1,1
raja rantidev,1,1
raja rantideva,1,1
raja rishi,1,1
rajarishi,1,1
rajarshi udalak,1,1
raja sahyog,1,1
raja samarat,1,1
raja-samarath,1,1
raja shivaji,1,1
rajashtan,1,1
raja shuddhodhan,1,1
rajasimha,1,1
rajasinhaasan,1,1
rajasthan,1,1
raja tilak,1,1
raja udyan,1,1
raja ugrasena,1,1
raja uttanpad,1,1
raja varthari,1,1
raja vishram,1,1
raja yajati,1,1
raja yudhisthira,1,1
raj bahadur,1,1
rajbala,1,1
rajbalaji,1,1
raj-dashrat,1,1
rajdurg,1,1
rajeendr,1,1
rajender kumar baler,1,1
rajendra parsanna,1,1
rajendra-parshann,1,1
rajendra-parshanna,1,1
rajendra prasad,1,1
rajendra-prasanna,1,1
rajendra prassanna,1,1
rajendra-singh,1,1
rajendra vasani,1,1
rajes,1,1
rajesh devi yadav ji,1,1
rajesh khanna ji,1,1
rajesh kumar delhi,1,1
rajesh kumari,1,1
rajesh kumar kesari,1,1
rajesh sharma,1,1
rajes sharma ji,1,1
rajgumari rawiya,1,1
rajguru,1,1
rajinder gaba,1,1
rajinder gulati,1,1
rajinder singh,1,1
rajindra prasnna,1,1
rajkot,1,1
rajkumar batra ji,1,1
rajkumari,1,1
rajkumari ji,1,1
rajkumari raviya,1,1
rajkumariya,1,1
raj kumar malotra,1,1
raj kumar power,1,1
rajkumar rahul,1,1
rajkumar ram,1,1
rajkumar shuddhodhan,1,1
rajkumar siddhartha,1,1
raj manchanda ji,1,1
rajmansoor,1,1
raj matha ji,1,1
rajnank,1,1
rajni,1,1
rajni ji,1,1
rajni ragav ji,1,1
rajni sharma ji,1,1
rajnish atre,1,1
rajnish gupta,1,1
rajniva chawla,1,1
rajoo,1,1
raj prohit,1,1
rajrajjan,1,1
raj rani power,1,1
raj ranti dev,1,1
raju goyal,1,1
rajuiv sharma ji,1,1
raju vishwas,1,1
rajvati,1,1
rajwati,1,1
rakesh garg,1,1
rakesh vishwas,1,1
raksha,1,1
raksha ji,1,1
rama bajesh,1,1
rama basaya,1,1
rama bashe,1,1
ramabhashani,1,1
ramachandra,1,1
ramadas ji,1,1
rama kant,1,1
rama kant yadav,1,1
ramakeshram,1,1
rama kishan,1,1
rama kishan paramhans,1,1
rama kishan parmahans,1,1
rama-krishna,1,1
rama-krishna mission,1,1
rama krishna paramahansa,1,1
rama krishna paramhans,1,1
ramana maharshi,1,1
ramana-maharshi,1,1
raman-barwala,1,1
raman maharaj,1,1
raman nidhi,1,1
raman saran gupta,1,1
ramanujacharya,1,1
rama prful,1,1
ramapura,1,1
rama-rama,1,1
ramashankar ji,1,1
ramayana,1,1
ram baazha,1,1
ram baazshah,1,1
ram baba,1,1
ram babu mishra ji,1,1
ram badeshah,1,1
rambadshah,1,1
ram badshah swami ram,1,1
ram bahadur,1,1
ram bahadur swami ram tirath,1,1
ram bahasha,1,1
ram bahshya,1,1
ram bahya,1,1
ram baishya,1,1
ram baja,1,1
ram-bajraj,1,1
ram-bajsha,1,1
ram bajshah,1,1
ram bapayee,1,1
ram-basha,1,1
rambasha,1,1
ram bhagwan,1,1
ram-bhashya,1,1
rambhir prajapati,1,1
ramchandar ji,1,1
ram dasa,1,1
ram-dhiraj,1,1
ramel kakar narayana vihar,1,1
ramesh chand kapoor ji,1,1
ramesh ho ja,1,1
ramesh matha ji,1,1
ramesh shakshena,1,1
ramesh sharma ji,1,1
ram gopal suj ji,1,1
ram guru,1,1
ram guruvasisht,1,1
ram guru vast,1,1
ramindar baba,1,1
raminder baba,1,1
ramis,1,1
ramkisan,1,1
ram-kishan,1,1
ramkishan paramans,1,1
ramkishan paramhans,1,1
ram krishna baba,1,1
ram krishna babaji,1,1
ram krishna ji,1,1
ram krishna paramahamsa,1,1
ram-krishna paramahamsa,1,1
ramkrishna paramahansa,1,1
ramkrishna paramananda,1,1
ram krishna paramhans,1,1
ramkumar gupta,1,1
ram lakhon ji,1,1
ramparaphul,1,1
ramphal dhman ji,1,1
ram prakash,1,1
ram-prful,1,1
ram pura,1,1
rampura phool,1,1
rampur foul center,1,1
ram raja,1,1
ram-rajasinghasana,1,1
ram rakti ji,1,1
ramteerit,1,1
ramteerth,1,1
ramteet,1,1
ramtir,1,1
ram tirat,1,1
ramtirth,1,1
ranak,1,1
ranak shukla,1,1
ranching ji,1,1
rangar,1,1
rang-baba,1,1
rang de basanti chola,1,1
rang dha banta chola,1,1
rani jaddav,1,1
rani monga,1,1
rani padmavati,1,1
rani padmini,1,1
rani press ramani,1,1
rani rani,1,1
rani rasmati,1,1
rani ratnavali,1,1
rani sangram singh,1,1
raniya,1,1
raniya rajkumari,1,1
ranjana,1,1
ranjana bakshi ji,1,1
ranjana sharma,1,1
ranjana vandan,1,1
ranjan bakshi,1,1
ranju bansal ji,1,1
ranka,1,1
ranti,1,1
rantideva,1,1
ranti devi,1,1
rantya,1,1
ranveer dadwal,1,1
raphael,1,1
rasal,1,1
rasayan,1,1
rashat lakhina,1,1
rashi aroda,1,1
rashid kumar,1,1
rashipurushottam,1,1
rashi roda,1,1
rashmesh vishwas ji,1,1
rashmi,1,1
rashmiat,1,1
rashmi gandhi,1,1
rashtons,1,1
rasoi,1,1
rasul,1,1
rati,1,1
rati dev,1,1
ratika singh,1,1
ratn,1,1
ratna kaushik,1,1
raunak,1,1
ravi-das,1,1
ravidas ji,1,1
ravidas sahab,1,1
raviindar malotra,1,1
ravi kumar ji,1,1
raví lúthar,1,1
ravinder ji,1,1
ravindra datwaliya,1,1
ravindra gupta ji,1,1
ravindranas,1,1
ravindra nathakur,1,1
ravi pruthi,1,1
ravipruthi,1,1
ravi shankar,1,1
ray kamra ji,1,1
redd,1,1
reedaas,1,1
reenu singhla,1,1
reenu vishwas,1,1
reeshi ravish,1,1
rekhā,1,1
rekha mahata,1,1
rekha rani,1,1
rekha sharma,1,1
rekh mahendra,1,1
rekh varanasi,1,1
reliance,1,1
relight soul,1,1
remaji,1,1
reninsiyet,1,1
renu ariya,1,1
renu khanna,1,1
renu sharma ji,1,1
resham jagriti,1,1
retired commissioner,1,1
revadi,1,1
reखा ji,1,1
reखा sharma ji,1,1
reखा ठाकुर ji,1,1
richa,1,1
riches person,1,1
ridasa,1,1
ridda,1,1
riddhi,1,1
ridhaas,1,1
ridhas,1,1
rina arora,1,1
rindav pykdon,1,1
rindo peter,1,1
rinku,1,1
rinku chaudhari,1,1
rishabhushan,1,1
rish annam,1,1
rish arun garg,1,1
rish arun vishwas,1,1
rish ashog,1,1
rishav devki,1,1
rish balraj,1,1
rishesh,1,1
risheshri kapil ji,1,1
risheshri parshuram ji,1,1
risheshri prishotam ji,1,1
risheshri sanjeev ji,1,1
risheshwar,1,1
risheshwar kumar,1,1
rishi aanand ji,1,1
rishi amarjit vijay,1,1
rishi amrit,1,1
rishi amrit ji,1,1
rishi amrit vishwa ji,1,1
rishianand,1,1
rishi anany vishwas,1,1
rishi anootha vishwas,1,1
rishi anutha vishwa,1,1
rishi anutha vishwat ji,1,1
rishi archna vishwas,1,1
rishi arke gupta,1,1
rishi ashok,1,1
rishi ashok sharma,1,1
rishi atmgyan ji,1,1
rishi atul vishwas,1,1
rishibaba,1,1
rishi babu vishwas,1,1
rishiballaraj,1,1
rishiballraj,1,1
rishi batra,1,1
rishibatra,1,1
rishi batrak,1,1
rishi batra vishwas,1,1
rishibhojar,1,1
rishi bhushan,1,1
rishibhushan,1,1
rishibhushan ji,1,1
rishichad,1,1
rishi chada,1,1
rishi chada vishwas,1,1
rishichad vishwas,1,1
rishi chhabda,1,1
rishidarsan ji,1,1
rishidarsan ji ji,1,1
rishi darshan baba,1,1
rishideepak vishwas,1,1
rishidhinesh,1,1
rishidhinesh ji,1,1
rishi dinesh vishwa ji,1,1
rishidinesh vishwas,1,1
rishi dinesh vishwas ji,1,1
rishi drup vishwas,1,1
rishi dr. vijaya vishwas,1,1
rishie dinesh,1,1
rishie dinesh vishwas,1,1
rishie sunil,1,1
rishi garag,1,1
rishi garg,1,1
rishigarg,1,1
rishi gautam ji,1,1
rishi geeta vishwas,1,1
rishigohram ji,1,1
rishi gotama,1,1
rishigotama,1,1
rishi gupta vishwas,1,1
rishigyan,1,1
rishii anand,1,1
rishii anand vishwas,1,1
rishii kumar sanjay vishwas,1,1
rishii sunil,1,1
rishii vishub ji,1,1
rishi jagdish ji,1,1
rishiji jaimani,1,1
rishikapila,1,1
rishi kapil kapila,1,1
rishikapilvishwas,1,1
rishi khumar,1,1
rishi-kumar,1,1
rishikumar achal vishwas,1,1
rishi kumar aditya vishwas,1,1
rishikumar aman sadhvi saman vishwas,1,1
rishi kumar aman vishwas,1,1
rishikumar aman vishwas,1,1
rishi kumar amman vishwas,1,1
rishikumar ashish vishwas,1,1
rishi kumar ashu vishwas,1,1
rishikumar ashuvishwas,1,1
rishikumar atul,1,1
rishi kumar bhavy vishwas,1,1
rishikumar chetan vishwas,1,1
rishikumar dashan ji,1,1
rishikumar dhru vishwas,1,1
rishi kumar himkaran,1,1
rishikumar ishwan vishwas,1,1
rishikumar ji,1,1
rishi kumar kamal vishwas,1,1
rishikumar kuch,1,1
rishikumar kushal vishwas,1,1
rishikumar lav,1,1
rishikumar manju vishwas,1,1
rishikumar manno,1,1
rishi kumar nanjuman,1,1
rishi-kumaron,1,1
rishikumar patil ji,1,1
rishi kumar prabhut,1,1
rishikumar prahlad vishwas,1,1
rishikumar pushp vishwas,1,1
rishikumar pyush vishwas,1,1
rishikumar raja vishwas,1,1
rishikumar raj vishwas,1,1
rishikumar ramesh vishwas,1,1
rishikumar ravi vishwas,1,1
rishikumar rishipush vishwas,1,1
rishikumar sadhvi khushbu vishwas,1,1
rishikumar sadhvi masrat vishwas,1,1
rishikumar sadhvi saany vishwas,1,1
rishikumar saral vishwas,1,1
rishi kumar sarthi vishwas,1,1
rishi kumar satyam,1,1
rishi kumar satyaman,1,1
rishikumar shivam vishwas,1,1
rishi kumar soyam vishwas,1,1
rishikumar sutya mishwas,1,1
rishikumar swayam vishwas,1,1
rishikumar tejaswi pragyaa vishwas,1,1
rishikumar tejaswi vishwas,1,1
rishikumar utkrust ji,1,1
rishi kumar vaibhav,1,1
rishikumar vibhum vishwas,1,1
rishikumar vinod vishwas,1,1
rishi kumar vishwas,1,1
rishi kumar vivic vishwas,1,1
rishi lakshmi vijay,1,1
rishi madhu vishwas,1,1
rishimalhotra,1,1
rishimino,1,1
rishi muniyon,1,1
rishi naren,1,1
rishinoth garg,1,1
rishi om chhabda,1,1
rishi pal raj,1,1
rishi param vishwas,1,1
rishiparshatam ji,1,1
rishi parshuram,1,1
rishiparshuram,1,1
rishi parshuram ji,1,1
rishiparshvata,1,1
rishi parthik,1,1
rishi parthik vishwas,1,1
rishipartim,1,1
rishi pava,1,1
rishi prabhat vishwas,1,1
rishi prabhoot,1,1
rishi prabhut,1,1
rishi pralad vishwas,1,1
rishiprasarthan ji,1,1
rishi prashant,1,1
rishi prashantam vishwaraj,1,1
rishi prashantam vishwas,1,1
rishi prashant vishwas,1,1
rishi prashvat,1,1
rishiprashvatam,1,1
rishi pratik,1,1
rishī pratīk viśvās,1,1
rishi pratima,1,1
rishi preeti vishwas,1,1
rishiprshotam,1,1
rishipurohit,1,1
rishipuroshottam,1,1
rishipurotammishwas,1,1
rishipurshotam,1,1
rishi purshotam ji,1,1
rishi purushottam,1,1
rishipurushottam,1,1
rishi purushottam ji,1,1
rishi purushottam vishwas,1,1
rishipurusottama,1,1
rishī puruṣottama,1,1
rishipushotam,1,1
rishi pushotam vishwas,1,1
rishi pushpatam,1,1
rishipush vishwas,1,1
rishi ramesh ji,1,1
rishi rashmi ujja,1,1
rishi ravindar,1,1
rishi ravindra vishwas,1,1
rishi ravi vishwas,1,1
rishirividra vishwas,1,1
rishi sagar,1,1
rishisandesh ji,1,1
rishi sandesh vishwa ji,1,1
rishi-sandesh-vishwas,1,1
rishi sanjeev,1,1
rishisanjeev,1,1
rishi sanjeev vishwas,1,1
rishi sankalp ji,1,1
rishi sanmukh vishwas,1,1
rishi sathi vishwas,1,1
rishi satyan,1,1
rishish,1,1
rishish anand,1,1
rishish kumar,1,1
rishish prushottam,1,1
rishishri anand,1,1
rishishri annand vishwas,1,1
rishishri prashantam,1,1
rishisoham ji,1,1
rishi soyam vishwas,1,1
rishi soym vishwas,1,1
rishi tinish vishwas,1,1
rishivalak,1,1
rishi varsha vishwas,1,1
rishi vashishta,1,1
rishivine ji,1,1
rishivino,1,1
rishi vinod,1,1
rishi vishubh,1,1
rishi vishubh ji,1,1
rishivishwas,1,1
rishi vivek vishwas,1,1
rishiyans,1,1
rishiy-kumar,1,1
rish-kumar,1,1
rish-parshuram,1,1
rish pitaam vardhan,1,1
rish su-nil,1,1
rish sunil,1,1
rish sunil ji,1,1
rish suresh bhadia,1,1
rish vinod jain,1,1
rishyashringa,1,1
rita,1,1
rita aberol ji,1,1
rita goyal ji,1,1
ritesh gupta,1,1
ritesh mittal,1,1
ritika mittal,1,1
rittu agarwal,1,1
ritu gupta,1,1
ritu madra,1,1
rividra malhotra,1,1
rohani,1,1
rohani makhdumay,1,1
rohani secter,1,1
rohani sector teen,1,1
rohini center,1,1
rohini sector 11,1,1
rohini sector ji,1,1
rohit,1,1
rojni,1,1
romi,1,1
ronika singh,1,1
roshan,1,1
roshanal,1,1
roshanal sharma,1,1
roshanlal sharma,1,1
roshini varma,1,1
roshini varma ji,1,1
rounak singh,1,1
ru,1,1
rudra,1,1
rudradaman,1,1
rudrakshi vishwas,1,1
rug prahlaad,1,1
rukhsirana,1,1
rukmani,1,1
rumohit saraswat,1,1
rupal chawla,1,1
rupali ji patel,1,1
ruth child,1,1
saafjar rajiv goyal,1,1
saahab,1,1
saahiba,1,1
saai ji,1,1
saaim,1,1
sabad,1,1
sabarimala,1,1
sachadeva,1,1
sachchidanand,1,1
sachi baba,1,1
sachin ji,1,1
sada guru ji,1,1
sadar guru,1,1
sadarpan singh,1,1
sadar puran singh,1,1
sadarshan lakhnupal,1,1
sada sada,1,1
sade,1,1
sadgranth,1,1
sad-guru,1,1
sadgurujee,1,1
sadguruji,1,1
sadgurus,1,1
sadhak sant,1,1
sadhana kurushreshtha ji,1,1
sadhavi devanshi vishwas,1,1
sadhavi geeta vishwas,1,1
sadhavi purnima vishwas,1,1
sadhavi purnim vishwas,1,1
sadhavi yashvi vishwas,1,1
sadh-guru,1,1
sadhika,1,1
sadhiya,1,1
sadhui archana ji,1,1
sadhui-gitavishwas,1,1
sadhui prem vishwas,1,1
sadhu jotika,1,1
sadhu kapila,1,1
sadhu karunavishwas,1,1
sadhu khushbu,1,1
sadhu-kusham-vishwas,1,1
sadhu nirmla viswas,1,1
sadhu parthima,1,1
sadhu saman,1,1
sadhu sananya,1,1
sadhu sati devi,1,1
sadhu satyavishwas,1,1
sadhu shakti vishwas ji,1,1
sadhu shawab,1,1
sadhuy,1,1
sadhvi aastha vishwas,1,1
sadhvi archana vishwas,1,1
sādhvī āsthā viśvās,1,1
sadhvi geeta vishwa ji,1,1
sadhvi kiran vishwas,1,1
sadhvi kiran vishwas ji,1,1
sadhvi kirna vishwa ji,1,1
sadhvi lakshmi vishwas,1,1
sadhvi parthima,1,1
sadhvi parthima ji,1,1
sadhvi partima,1,1
sadhvi prakash vishwas,1,1
sadhvipratimavishwas,1,1
sadhvi premalata,1,1
sadhvi premalata ji,1,1
sadhvi prena vishwas,1,1
sadhvi pushpa vishwas,1,1
sadhvi rani vishwas,1,1
sadhvi shakti vishwas,1,1
sadhvi shashi bala vishwas,1,1
sadhvi sunita,1,1
sadhvi surbhi,1,1
sadhviya,1,1
sadhviyan,1,1
sadi bimla,1,1
sadvai kamal vishwas,1,1
sadvai nirmla vishwas,1,1
sadvai rita abarol,1,1
sadvai shakti vishwas,1,1
sadvi aashta,1,1
sadviji amrita,1,1
sadviji geeta vishwas,1,1
sadviji nilma vishwas,1,1
sadvi kiran ji,1,1
sadvi kiran vishwas,1,1
sadvi kusum,1,1
sadvi lakshmi kirin,1,1
sadvi prakash devi,1,1
sadvī sharmā,1,1
sadvi shashi jain,1,1
safu kamlesh kumar,1,1
sagal,1,1
sagaral,1,1
sagar darya,1,1
sagar dhan,1,1
sagar dhanan,1,1
sagar mittal,1,1
sagar sharma,1,1
sagashi,1,1
sagdh,1,1
sages,1,1
saggar,1,1
sagirdar,1,1
sahaba-ji,1,1
sahab ji,1,1
sahaji,1,1
sahajiya,1,1
sahajiyas,1,1
sahajo bahi,1,1
sahajo bhai,1,1
sahajo daya bai,1,1
sahajo rai,1,1
sahajo rapiya,1,1
sahajraibiya,1,1
sahajriya,1,1
saharanpur,1,1
saharsh vishwas,1,1
sahaviyaram karavawai,1,1
sahibzadas,1,1
sahid gautam,1,1
sahid rajkumar,1,1
sahir pak,1,1
sahj,1,1
sahjoba,1,1
sahjog,1,1
sahjorabiy,1,1
sahyog,1,1
saib,1,1
saiba,1,1
said,1,1
sai ji,1,1
sain babu,1,1
saint javier,1,1
saisrara,1,1
sajda,1,1
sajjad ajit singh,1,1
sajjan,1,1
sajjan singh ji,1,1
sajjo,1,1
sajoo,1,1
sajtabar,1,1
sakhao,1,1
sakhshi,1,1
sakhshi satti,1,1
sakhya,1,1
sakshee goyal ji,1,1
sakshee sharma,1,1
sakshi arora,1,1
sakshi devi ji,1,1
sakshi yad,1,1
sakshi yadav,1,1
sa-lalo,1,1
saliem,1,1
sallyim,1,1
sam,1,1
samai ji,1,1
samarat bhartri hari,1,1
samarat pirait,1,1
samarithi,1,1
samarth,1,1
samartha ramdas,1,1
samarth ramdas,1,1
samata ji,1,1
sambasivarishi,1,1
samir,1,1
sami ramtirth,1,1
sami vikannan,1,1
sampat,1,1
sampurn vishwas,1,1
samrat bhaktar hari,1,1
samrat bhartarihari,1,1
samridhi vyas,1,1
samriti,1,1
samruti,1,1
sana lata,1,1
sanatan mishra,1,1
san avashari,1,1
sandeepanibhagavan,1,1
sandeep kumar,1,1
sandeep sahani,1,1
sandeep saini ji,1,1
sandhya singh ji,1,1
sandiipani,1,1
sandipani,1,1
sandip ji,1,1
sandip sarli,1,1
saneh singla,1,1
sangamitra ladki,1,1
sangeeta ji,1,1
sangiita,1,1
sangita premlata,1,1
sanjana kesari,1,1
sanjaya,1,1
sanjay anjeja,1,1
sanjay gupta ji,1,1
sanjay kumar bang,1,1
sanjay kumar pandey,1,1
sanjay singh ji,1,1
sanjay vadwa ji,1,1
sanjay vishwas,1,1
sanjeet sanjek khurana,1,1
sanjeevani,1,1
sanjeev ariya,1,1
sanjeev chaudhari,1,1
sanjeev ji,1,1
sanjeev joshi ji,1,1
sanjeev kumar,1,1
sankat,1,1
sankh,1,1
sankhya,1,1
sankracharya,1,1
san of god,1,1
san of hpi upadhyay,1,1
sant babraj,1,1
sant bhagirath,1,1
sant bhagwanth,1,1
sant bhakti,1,1
sant charan,1,1
sant ekana tukaram,1,1
sant guru,1,1
sant gyani shiv,1,1
sant kabir,1,1
sant nanak,1,1
santoj ji,1,1
santosh,1,1
santosh arora ji,1,1
santosh bhatia,1,1
santoshi kumari,1,1
santosh ji,1,1
santosh-kumar,1,1
santosh kumar dhingra,1,1
santosh kumari setiya,1,1
santosh kumar vansali,1,1
santosh maheshwari,1,1
santosh pathaniya,1,1
santosh singh,1,1
santosh vadava,1,1
santosh varma,1,1
sant sabir kamteng,1,1
sanu,1,1
sanu murshad,1,1
sanu murshed,1,1
san upadhyay,1,1
sapan,1,1
sapana,1,1
sapana nar,1,1
sarada ji,1,1
saradar puran sing,1,1
saradar-puran-singh,1,1
saradar sahab ji,1,1
saradhi baba,1,1
saraguru,1,1
sarasa,1,1
sardar-puransingh,1,1
sardar purn singh,1,1
sarita chodhari,1,1
sarita ji,1,1
saritiya chaudhari,1,1
sarjanpur,1,1
sarjivan kumar,1,1
sarla devi,1,1
sarla mitl,1,1
sarmad,1,1
saro chavala,1,1
saroi rani ji,1,1
saroi tannan ji,1,1
saroj ahuja ji,1,1
saroj bala,1,1
saroj bansal,1,1
saroj bhatia,1,1
saroj bhatia ji,1,1
saroj ji,1,1
sarpratham,1,1
sarthi ji,1,1
sarv pratima vishwas,1,1
sarvshri aman rahul ji,1,1
sashila,1,1
sasu,1,1
sat chit anand,1,1
sateer ji,1,1
sateesh soot,1,1
satesh,1,1
satguru,1,1
satguru maharaj,1,1
satgurus,1,1
sathaviminakshi ji,1,1
sati bhagat,1,1
sati madalsa,1,1
satinder rathi,1,1
sati sadvi mukhya vishwas,1,1
sati sadvi nilma vishwas,1,1
sati sadvi nirma,1,1
sati sadvi shuddha vishwas,1,1
satish kumar gupta,1,1
satish kumar narang,1,1
satish kumar sharma,1,1
satish soot,1,1
satnam kohal,1,1
satnam kohra,1,1
satnam reja,1,1
satpal goyal,1,1
satpal malotra ji,1,1
satpal sharma,1,1
satpal singla,1,1
satre thara bars ka balaak,1,1
satrugan,1,1
satrughna,1,1
satrugna,1,1
sat sadi nirman mishwaji,1,1
satvir singh,1,1
satvir singh ji,1,1
saty,1,1
satyaan,1,1
satyabhama,1,1
satyachitanand,1,1
satyam,1,1
satyug,1,1
saurav ji,1,1
saurav mital ji,1,1
savar,1,1
savaru,1,1
savatri,1,1
savida,1,1
savita reja,1,1
savita singh ji,1,1
savitra devi ji,1,1
schrodinger,1,1
scientist,1,1
secretary,1,1
secter 6,1,1
sector 11,1,1
sector 21 panchkula,1,1
sector 3,1,1
sector 65 panchkula,1,1
seema,1,1
seema agarwal,1,1
seema gupta,1,1
seema ji,1,1
seema rathi,1,1
seepi saini,1,1
seepi sharma ji,1,1
sehaj,1,1
sektor,1,1
senator,1,1
sepi kalara ji,1,1
seva,1,1
seven sages,1,1
sevi sharma,1,1
shaah inayat khan,1,1
shabab raja,1,1
shabanam,1,1
shabaz tabrez,1,1
shadi ram,1,1
shadi rch,1,1
shahabad markanda,1,1
shahabad school,1,1
shahabas,1,1
shahbad markande,1,1
shahbaz,1,1
shahenshah,1,1
shah-inayat,1,1
shahinayat,1,1
shah insayat,1,1
shah insiyat,1,1
shah jahan,1,1
shah shah inayat,1,1
shahzade-azam,1,1
shaitan,1,1
shakandar,1,1
shakandar azam,1,1
shakespeare,1,1
shakraachar,1,1
shakuntala,1,1
shakuntala devi kundu ji,1,1
shakuntala manocha,1,1
shakyacharya,1,1
shakyamuni,1,1
shalimar bag,1,1
shali marobhak,1,1
shalini,1,1
shalo ji,1,1
shalu,1,1
shalu ji,1,1
shalu sharma,1,1
shambhu,1,1
shambu,1,1
shamla,1,1
shamlaal,1,1
shamlaal kamla devi,1,1
shamlal,1,1
shammi,1,1
shamsher khan,1,1
shams tabrizi,1,1
shanidevata,1,1
shankaracharyas,1,1
shankaraj,1,1
shankaraji,1,1
shankar dev,1,1
shankarlal,1,1
shankarlal prajapati,1,1
shankla ji,1,1
shanta,1,1
shanta ji,1,1
shanta vyas,1,1
shant goyal,1,1
shanti devi,1,1
shanti vyas,1,1
sharada vasani,1,1
sharbat ji,1,1
sharda devi,1,1
sharda ji,1,1
sharma ashok sharma,1,1
sharma ji,1,1
sharmaji,1,1
sharmati anjali singla,1,1
sharmati chanchal saini,1,1
sharmati purnima sharma,1,1
sharoz,1,1
sharpeness,1,1
sharwan,1,1
sharyans vishwas,1,1
shashi bala ji,1,1
shashi devi ji,1,1
shashi jain,1,1
shashi kirana,1,1
shashi kirin,1,1
shashi kirnan,1,1
shashí sharmá,1,1
shashi sharma ji,1,1
shashwat adhikari,1,1
shashwat vishwas,1,1
shastr,1,1
shastri,1,1
shatrughan,1,1
shauri garla,1,1
shavitketu,1,1
shayaniyat,1,1
sh bavit khan,1,1
sheela devi,1,1
sheenam nagpal ji,1,1
sheetal hans,1,1
shersingh,1,1
shesh guru,1,1
shesh kashmirilal,1,1
shesh narayan sin,1,1
shesh narayan singh,1,1
shesh sevak,1,1
shev ji,1,1
shibi,1,1
shikandar akbar,1,1
shikandar-azam,1,1
shikhar vidvata,1,1
shila devi,1,1
shila devi sharma,1,1
shila yad,1,1
shimala,1,1
shimla,1,1
shimla devi,1,1
shinam nagpal,1,1
shira ram sharma,1,1
shirazi,1,1
shirdi,1,1
shirdi sai baba's disciples,1,1
shirganga,1,1
shiri ardi varma ji,1,1
shiri teesi kash,1,1
shirmati,1,1
shirmati kanta,1,1
shirmati kusham,1,1
shirmati nilam mital ji,1,1
shirmati salochana devi ji,1,1
shirmati vanita,1,1
shirv,1,1
shirvan devi,1,1
shishupal pathaniya,1,1
shiva bhilani,1,1
shiva chandra sen,1,1
shivachandra-sen,1,1
shivaji maharaj,1,1
shiva kaita,1,1
shivala,1,1
shivam evampoonam sharma,1,1
shivam gupta,1,1
shivam malotra,1,1
shivanand,1,1
shivanandan,1,1
shiva netra,1,1
shivanetra,1,1
shivani chohan,1,1
shivani garg ji,1,1
shivani haban,1,1
shivani school,1,1
shivannan,1,1
shivaram,1,1
shivari,1,1
shiv bhagwan,1,1
shiv das,1,1
shiv dayal ji,1,1
shiv devi,1,1
shiv kataria ji,1,1
shivkeshav,1,1
shiv kumar,1,1
shivkumar ji,1,1
shivkumar sharma ji,1,1
shiv muni,1,1
shiv murti,1,1
shiv narain,1,1
shiv narayan ji,1,1
shivnath,1,1
shivon vishwas,1,1
shivpar,1,1
shivrao,1,1
shoba,1,1
shobha ji,1,1
shobha kamra,1,1
shok-monga,1,1
shomari garla,1,1
shopan hawer,1,1
shopenhauer,1,1
shortham,1,1
shren kumar,1,1
shri ake chohan ji,1,1
shri anan ji,1,1
shri ankita kanujiya,1,1
shri anub ji,1,1
shri ardi varma,1,1
shri arun mahendra,1,1
shri balaram ji,1,1
shri bhupender singh ji,1,1
shri bhupendra nat ahuja ji,1,1
shri brahma,1,1
shri chand babaji,1,1
shri chand bhagwan,1,1
shri chand maharaj,1,1
shri chand talreja,1,1
shri chann,1,1
shri chant,1,1
shri dattatreya,1,1
shri deepk agarwal,1,1
shri devi,1,1
shri didi khandpal,1,1
shri durga,1,1
shri gajendra mishra,1,1
shri ganesha,1,1
shri ganga nagar,1,1
shri gang nagar center,1,1
shri gar,1,1
shri gauri,1,1
shri gunanath ji,1,1
shri guru dev,1,1
shri guru nanak,1,1
shri guru nanak dev,1,1
shri guru nanak ji,1,1
shri guruvanam,1,1
shri guru vashishtha,1,1
shri guru vasistha ji,1,1
shri indrapal,1,1
shri indrapal ji,1,1
shri iswar ji,1,1
shri lakshmi,1,1
shri mahadev,1,1
shri maharaj,1,1
shri mahesh bharadwaj,1,1
shri mami,1,1
shriman,1,1
shri mata,1,1
shri mataji,1,1
shri mata trupta,1,1
shrimat bhagwat,1,1
shrimati alka singh,1,1
shrimati anu ahuja,1,1
shrimati aruna seth,1,1
shrimati aruna varma ji,1,1
shrimati chan,1,1
shrimati jeevani ji,1,1
shrimati kamlesh kanta ahuja,1,1
shrimati kiranchan ji,1,1
shrimati kusam ji,1,1
shrimati mamtakatiyal,1,1
shrimati punam bhatia ji,1,1
shrimati rashmi aroda ji,1,1
shrimati rethna devi,1,1
shrimati ruchi ahuja,1,1
shrimati shila ji,1,1
shri naini sethi ji,1,1
shri narendra seth,1,1
shri nresh abarol,1,1
shri papa,1,1
shri paramahansa yogananda,1,1
shri pita,1,1
shri pitaji,1,1
shri prajapati,1,1
shri prajapati ji,1,1
shri prem kumar singh ji,1,1
shri purushottam,1,1
shri pyarelal,1,1
shriram,1,1
shri ramakrishna,1,1
shri ram das,1,1
shri ramdas,1,1
shri ram dirgharam,1,1
shri ram krishna,1,1
shri ram sharma,1,1
shri ram tirath,1,1
shri rudra,1,1
shri rudrani,1,1
shri saraswati,1,1
shri shivraj ji,1,1
shri shukumar,1,1
shri somdat sharma,1,1
shri spi mishra,1,1
shri suraj prakash mishra,1,1
shri swami vivekananda,1,1
shri tisi jain,1,1
shri tisi jain meditation center,1,1
shri vahin,1,1
shri vina harish,1,1
shriyans vishwas,1,1
shriya surbhi,1,1
shubham chohan,1,1
shubhash,1,1
shubhashubhas,1,1
shubhika,1,1
shugadev,1,1
shuka dev,1,1
shukra,1,1
shukra da,1,1
shur,1,1
shuruti khanna,1,1
shuruti khanna ji,1,1
shuruti mital ji,1,1
shushma gandhi,1,1
shushma rani,1,1
shweta kumari,1,1
shwet kaitu,1,1
shwet kattu,1,1
shwet-ketu,1,1
shyam ji,1,1
shyam mohan padpande,1,1
shyam mohan prapande,1,1
siddana,1,1
siddha babu,1,1
siddhananda,1,1
siddhartha gautama,1,1
siddhartha-gautama,1,1
siddharth buddha,1,1
siddh master,1,1
sidhartha,1,1
sidhartha gautam buddh,1,1
sidhartha rajkumar,1,1
siegfried,1,1
sikh,1,1
sikh gentleman,1,1
sikriti gohil,1,1
sima gupta,1,1
simcha chand,1,1
simmi singh,1,1
simple bansal,1,1
simran baba,1,1
simran davar,1,1
simran dwar,1,1
sindhukumar,1,1
singh,1,1
sirdar sai baba,1,1
sirsah,1,1
sister,1,1
sit,1,1
sita devi ji,1,1
sitaram,1,1
sita singh ji,1,1
sivirendra geeta,1,1
skandar,1,1
s.k. sikka ji,1,1
sl kapoor,1,1
sneh lalit,1,1
soham,1,1
sohan,1,1
sokrates,1,1
solam mang,1,1
solan center,1,1
solanch,1,1
solang,1,1
solank shyam singh,1,1
solomon,1,1
solon himachal pradesh,1,1
solon maange,1,1
somaji,1,1
soma vikant,1,1
somi ji maharaj,1,1
somiya ji,1,1
somya,1,1
somy kumar,1,1
sonalal vishwas,1,1
sonam goyal ji,1,1
soni jattav,1,1
sonika manchanda ji,1,1
soniya dhingra ji,1,1
soniya ji,1,1
son of god,1,1
sonu fogat ji,1,1
sonu ji,1,1
soot,1,1
soubhagya ji,1,1
soudami ram,1,1
soulami ji,1,1
soyam edison,1,1
soyam hanumantlal ji,1,1
soyam ji,1,1
speaker master,1,1
sri alexander,1,1
sri ashtavakra,1,1
sri buddha,1,1
sri christ,1,1
sri computer scientist,1,1
sri dr. kiran,1,1
sri gobind,1,1
sri guru gobind singh,1,1
sri guru ji,1,1
sri guruji,1,1
sri harish chandra,1,1
sri janaka,1,1
sri julius caesar,1,1
srikrishna,1,1
sri maharaj,1,1
sri mahavira,1,1
sri nanak,1,1
sri osho,1,1
sri prof. tirathram,1,1
sri ramakrishna paramahansa,1,1
sri ramana maharshi,1,1
sri ramteerth,1,1
sri ram tifani,1,1
sri ram tirth,1,1
sri sathya sai baba,1,1
srishti nigam,1,1
sri shwetketu,1,1
sri socrates,1,1
sri spiritual scientist,1,1
sri sri ravishankar,1,1
sri sri sarabhai baba,1,1
sri swami,1,1
sri swamiji,1,1
sri swami ram,1,1
sri swami ramtirth,1,1
sri swami vivekananda,1,1
sri uddalak,1,1
stavak,1,1
stish chand,1,1
stish garbanda,1,1
stocker,1,1
sto srooj devi anuchan,1,1
subash,1,1
subham habbi,1,1
subhang ji,1,1
subhash,1,1
subhash bava,1,1
subhash chaudhary,1,1
sudarsan,1,1
sudarshana,1,1
sudeep,1,1
sudeep bansal,1,1
sudeesh sharma ji,1,1
sudesh ji,1,1
sudhakar sharma ji,1,1
sudharshan setiya ji,1,1
sudharta,1,1
sudhash sharma,1,1
sudhir rawat,1,1
sudhish ji,1,1
sudodhana,1,1
sudodhani,1,1
sugandha,1,1
sugandhi,1,1
suham,1,1
suharn devi,1,1
suhas gandhi,1,1
suhas shodhari,1,1
sujata ji,1,1
sujesh,1,1
sukadev gupta,1,1
sukdev singh ji,1,1
sukhadev,1,1
sukhmani,1,1
sukhram,1,1
sukh-sukharam ji,1,1
sukhvinder singh,1,1
sukpati ji,1,1
sukraj,1,1
sukvir kumar joshi ji,1,1
sulakhdi,1,1
sule,1,1
suleiman,1,1
sulekha,1,1
sulekha dingra,1,1
sulesh,1,1
sulochana,1,1
sultanah,1,1
sultan bahu,1,1
sultan salamat,1,1
suman,1,1
suman bhasin,1,1
suman chohan,1,1
suman meegalani ji,1,1
suman narang,1,1
suman narang ji,1,1
suman vansali,1,1
suman yadav,1,1
sumesh goyal ji,1,1
sumita kalar ji,1,1
sumit sethiya,1,1
summa agarwal,1,1
sun,1,1
sunaina,1,1
sundarapuri,1,1
sundar shah,1,1
sundar singh,1,1
sundar-suresh,1,1
sundarum,1,1
sunder das ji,1,1
sunder kumar ji,1,1
sundri devi ji,1,1
suneel,1,1
suneel talwar,1,1
suni,1,1
suniat,1,1
suni ji,1,1
sunil ahuja,1,1
sunil chaudhari,1,1
sunil-garg,1,1
sunil goyal,1,1
sunil ji,1,1
sunil koshik,1,1
sunil kumar,1,1
sunil kumar ji,1,1
sunil madan ji,1,1
sunil saini,1,1
sunil-talwar,1,1
sunil travar,1,1
sunil-vishwas,1,1
sunir ji,1,1
sunir kumar ji,1,1
sunita chawla ji,1,1
sunita ji,1,1
sunita jindal,1,1
sunita koushal,1,1
sunita maharaj,1,1
sunita manocha,1,1
sunita mehta,1,1
sunita mitta jain,1,1
sunita rani,1,1
sunita sajadeva,1,1
sunita shrivastav,1,1
sunita tandan,1,1
sunita varma,1,1
sunith,1,1
sunitha,1,1
sunitha malhotra,1,1
sunit kumar,1,1
supata amuni,1,1
supraj,1,1
supresh,1,1
supriya,1,1
supriya sadvi,1,1
surabhi gupta,1,1
suradas,1,1
surajit,1,1
surajit-singh-barnala,1,1
suraj ji,1,1
suraj singh barnala,1,1
surdar kaur,1,1
surdip arora,1,1
suren,1,1
surendar kumar ji,1,1
suresh bhadia,1,1
suresh bhatia,1,1
suresh-chavan,1,1
suresh goyar,1,1
sureshi,1,1
suresh parv,1,1
suresh-singh,1,1
suresh singh bansilal,1,1
suresh varsha dwar,1,1
suresh vishwas,1,1
suresnder kaur ji,1,1
suri devi,1,1
surinder,1,1
surinder kaur,1,1
suriti,1,1
surrender sound,1,1
surrender-sound-group,1,1
surrendra,1,1
sursadas,1,1
suru tripathi,1,1
surya gupta,1,1
surya mahra,1,1
surya mukhi,1,1
surya mukhi phool,1,1
surya narayan,1,1
suryindra singla,1,1
sushant,1,1
sushila devi sharma ji,1,1
sushil chand yadav ji,1,1
sushil gulyani,1,1
sushil-kumar-gupta,1,1
sushir,1,1
sushir bansal,1,1
sushma,1,1
sushma goyal,1,1
sushma ji,1,1
sushma karnal,1,1
sushma lamba ji,1,1
sushma reki ji,1,1
sushma sharma,1,1
susma,1,1
sutras,1,1
suнил gol ji,1,1
svaranj jindal ji,1,1
svitra devi,1,1
swami aakbar,1,1
swami abraham,1,1
swami addison,1,1
swami aram tirat,1,1
swami arjun,1,1
swami arjuna,1,1
swami beemisar,1,1
swami bhakta,1,1
swami bhakti,1,1
swami bismarck,1,1
swami child,1,1
swami christ,1,1
swami devar,1,1
swami di,1,1
swami gopal,1,1
swami gulal,1,1
swami gurunanak,1,1
swami hariharan,1,1
swamijee,1,1
swamī jī,1,1
swami ji ji,1,1
swami ji ji ji,1,1
swamiji ji ji,1,1
swami ji ji ji ji,1,1
swamiji ji ji ji,1,1
swami ji ji ji ji ji,1,1
swamiji ji ji ji ji,1,1
swami ji ji ji ji ji ji,1,1
swamiji ji ji ji ji ji,1,1
swami ji ji ji ji ji ji ji,1,1
swamiji ji ji ji ji ji ji,1,1
swami ji ji ji ji ji ji ji ji,1,1
swamiji ji ji ji ji ji ji ji,1,1
swami ji ji ji ji ji ji ji ji ji,1,1
swamiji ji ji ji ji ji ji ji ji,1,1
swami ji ji ji ji ji ji ji ji ji ji,1,1
swamiji ji ji ji ji ji ji ji ji ji,1,1
swamiji ji ji ji ji ji ji ji ji ji ji,1,1
swami ji's brother,1,1
swami ji's children,1,1
swami ji's father,1,1
swami ji's grandchildren,1,1
swami ji's great-grandchildren,1,1
swami ji's great-great-grandchildren,1,1
swami ji's great-great-great-grandchildren,1,1
swami ji's great-great-great-great-grandchildren,1,1
swami ji's great-great-great-great-great-grandchildren,1,1
swami ji's mother,1,1
swami ji's parents,1,1
swami ji's sister,1,1
swami ji's wife,1,1
swami krishna,1,1
swami krishna arjun,1,1
swami kunti,1,1
swami mahakunti,1,1
swami mahanir,1,1
swami maharaj,1,1
swami mark,1,1
swami marshidan,1,1
swami mirabai,1,1
swami mohammed,1,1
swami nanak,1,1
swami napoleon,1,1
swaminarayan,1,1
swami narendra,1,1
swami prahlad,1,1
swami rajkumar,1,1
swamirama,1,1
swami ramakrishna,1,1
swami ramakrishna paramahansa,1,1
swami ramana,1,1
swami ramanand,1,1
swami ramananda,1,1
swami rama tirit,1,1
swami ramatrit,1,1
swami ram bajshah,1,1
swami ram basah,1,1
swami ram darshani,1,1
swami ram darth,1,1
swami ramdeor,1,1
swami ramdhrit,1,1
swami ram dirid,1,1
swami ram dirtho,1,1
swami ram dridh,1,1
swamiramit,1,1
swami ramjit,1,1
swami ramkishan,1,1
swami ramkrishna,1,1
swami ramkrishna paramhansa,1,1
swami ramnan,1,1
swami ram narayan,1,1
swami ram tarat,1,1
swamiram tatyay,1,1
swami ramteer ji,1,1
swami ramteerthan,1,1
swami ram tiart,1,1
swamiram tir,1,1
swamiram-tirad,1,1
swami ramtirat,1,1
swamiram tirat,1,1
swami ram-tirath,1,1
swami-ram-tirath,1,1
swami ram tirch,1,1
swami ram tirith,1,1
swamiram tirth,1,1
swami-ramtirtha,1,1
swami ram tirtharam,1,1
swami ram tiruth,1,1
swami ram tiryanjit maharshi,1,1
swami ramtripta,1,1
swami ram trish,1,1
swamiram trit,1,1
swami ramtrith,1,1
swami rani,1,1
swami ruth,1,1
swami sandeepani,1,1
swami sankracharya,1,1
swami-satyam,1,1
swami satyanand,1,1
swami sevak,1,1
swami sevat,1,1
swami shikandar azam,1,1
swami shishya,1,1
swami shivanand,1,1
swami tirath,1,1
swami tirtha,1,1
swami vedanand,1,1
swami-vekanand,1,1
swami vibhannand,1,1
swami-vidyananda,1,1
swami vighnesh,1,1
swamivikanand,1,1
swami vikann,1,1
swami vikannan,1,1
swami vikas,1,1
swami vikatanand,1,1
swami vikram,1,1
swami vikram nand,1,1
swami vikran,1,1
swami vikshan,1,1
swami vishnu,1,1
swami vivek,1,1
swami-vivekananda,1,1
swami vivekananda ji,1,1
swaraj,1,1
swarajis,1,1
swaraj ram tirat,1,1
swaram dhir,1,1
swarimam,1,1
swati varma,1,1
swayam brahma,1,1
sweety devi,1,1
swid,1,1
swimming instructor,1,1
tabar,1,1
tamlesh,1,1
tanaseen,1,1
tanaya,1,1
tan daraya,1,1
tanha,1,1
taniya,1,1
tann,1,1
tanna,1,1
tapasvi,1,1
tara,1,1
tarachand,1,1
tarachan singla,1,1
taraloki nath,1,1
tarunavastha,1,1
tata-puri,1,1
tatpashat anjali gupta,1,1
tattva gyani,1,1
tattvagya purush,1,1
tatwgyani,1,1
taylor master,1,1
tc jain,1,1
teacher ji,1,1
teacher madam,1,1
teeja kumar,1,1
teesee jain,1,1
tees jain,1,1
tejaswi jain,1,1
tejaswi vishwas,1,1
thirath,1,1
thirathiram,1,1
thirth,1,1
thomas edison,1,1
thornton,1,1
thugada sahab,1,1
tijashvin,1,1
tilay,1,1
tilayan,1,1
tilipad,1,1
timur lang,1,1
tiny tots,1,1
tirat,1,1
tirataram,1,1
tirath,1,1
tiratharamani,1,1
tiratharam swamiram,1,1
tirathiram,1,1
tirathram,1,1
tirath ramani,1,1
tirat professor,1,1
tirat ram,1,1
tiritaran,1,1
tirithiram,1,1
tirsi,1,1
tirswamiveekan,1,1
tirtha,1,1
tirtha professor,1,1
tirtharam swamiram,1,1
tirutharam,1,1
tirutharam swami ram tiruth,1,1
tiruttaram,1,1
titi schroeder,1,1
titra,1,1
tokiyo,1,1
tokyo,1,1
to palwawa,1,1
total-prem-udraha-maharaj,1,1
total tv,1,1
traju,1,1
trapti maheshwari,1,1
trihari,1,1
trilochchand,1,1
trilok chand jain,1,1
trilokprasad,1,1
trirat,1,1
tritiya-yuga-devi,1,1
trughran,1,1
tu,1,1
tuchhe,1,1
tukaara,1,1
tukara,1,1
tukku,1,1
tukroth,1,1
tul,1,1
tulsi-das,1,1
tulsiidas,1,1
tulsiram,1,1
tunh,1,1
tura pral,1,1
turing,1,1
tut ram,1,1
udalak,1,1
udalaka,1,1
udav,1,1
udava,1,1
uddhava,1,1
uddu,1,1
udewar singh,1,1
udhvav,1,1
umadat sharma,1,1
uma joshi,1,1
umang,1,1
uma sharma ji,1,1
umdat sharma,1,1
umesh manchanda ji,1,1
uncle,1,1
united bengal ka high court,1,1
unkar ji,1,1
upadesh vishwas,1,1
upanishad,1,1
upanishads,1,1
upasana,1,1
urmila yadav,1,1
urudesh ji,1,1
usha,1,1
usha bhatia,1,1
usha gupta ji,1,1
usha ji,1,1
usha nagapa ji,1,1
ushayadav,1,1
ushayadav ji,1,1
utkrsh vishwas,1,1
utri nigam,1,1
uttamapad,1,1
uttanpad,1,1
uttar pradesh,1,1
vaadal,1,1
vaalmiki,1,1
vahi guru,1,1
vaibhav sharma ji,1,1
vaid,1,1
vaife barishi mahesh vishwas,1,1
vainika rahani,1,1
vairagya,1,1
vaish khanna,1,1
vaisya,1,1
valentine,1,1
vallabhaacharya,1,1
vaman,1,1
vanash,1,1
vandana agarwal ji,1,1
vandana datwaliya,1,1
vandana gar,1,1
vandana gogiya ji,1,1
vandana khanna,1,1
vandana khanna ji,1,1
vandaná sharmá,1,1
vanita chada,1,1
vannu,1,1
vanshika,1,1
vanshika dhingra,1,1
vansh saini,1,1
vansh vishwas,1,1
varad,1,1
varadhan,1,1
varadhan mahavir,1,1
varadivana maharishi,1,1
varahamihir,1,1
varanasi center,1,1
varani,1,1
vardhaman mahavira,1,1
varéndr sharmá,1,1
varinder kumar,1,1
varlworld renowned guru,1,1
varma ji,1,1
varpiya,1,1
varpun singh,1,1
varsha davar,1,1
varsha pandey,1,1
varuna,1,1
vashishta,1,1
vasist,1,1
vasistha,1,1
vasudev,1,1
vasu ji,1,1
vazir,1,1
ved,1,1
vedant dachham,1,1
vedant dattshyam,1,1
vedantin,1,1
vedas,1,1
vedhav,1,1
ved prakash,1,1
ved purush,1,1
ved vyas,1,1
vedvyas,1,1
veekananad,1,1
veena singh,1,1
veer,1,1
veera,1,1
veerbhadra,1,1
vice chancellor,1,1
vice-chancellor,1,1
vice principal,1,1
vicky,1,1
viddehi,1,1
videh,1,1
vidura,1,1
vidusha,1,1
vidushi mahima,1,1
vidushya,1,1
vidya,1,1
vidyadev,1,1
vidya lakshmi,1,1
vidyasas,1,1
vidyash,1,1
vidya varma,1,1
vidyavati ji,1,1
vidya vidyadhar ji,1,1
vijaya lakshmi,1,1
vijayana,1,1
vijay aruda,1,1
vijay bhola ji,1,1
vijay jabala,1,1
vijay kalda,1,1
vijay kumar ji,1,1
vijay kumar upadhyay,1,1
vijay lakshmi,1,1
vijaypad guru,1,1
vijay-thapar,1,1
vikannand,1,1
vikas vishwas,1,1
vikki,1,1
vikram,1,1
vikrama,1,1
vikramananda,1,1
vikram-pravin,1,1
vikram vishwavidyalay school,1,1
vikrant ji,1,1
vikshu,1,1
vimala,1,1
vimala jaddav,1,1
vimala sharma ji,1,1
vimesh,1,1
vina ahuja ji,1,1
vina badal,1,1
vina hans,1,1
vina ji,1,1
vina sharma,1,1
vinay,1,1
vinayak goel,1,1
vinay kumar gohil,1,1
vinch meghna,1,1
vindhyachal,1,1
vinesh sharma,1,1
vinisha ravindar singh ji,1,1
vinita sharma,1,1
vino,1,1
vinod bandya,1,1
vinod chanda,1,1
vinod doctor,1,1
vinod garg,1,1
vinod-goel,1,1
vinod jain,1,1
vinod khoyal,1,1
vinod kumar gupta,1,1
vinod panday,1,1
vinod pandya,1,1
vinod seth ji,1,1
vinod-singh,1,1
vinod singhla,1,1
vinod tandan,1,1
vinoth,1,1
vinoth goel,1,1
vinoth goyal,1,1
vinot kumar ji,1,1
vinot kumar matha,1,1
vipin goil,1,1
vipin pande,1,1
vipul jain's family,1,1
vipul panjwani,1,1
viraaj,1,1
virajanand,1,1
virajen,1,1
virajji,1,1
viraj man,1,1
viranch,1,1
virang singh ji,1,1
virat dev,1,1
virat ji,1,1
virat prabhu,1,1
virat vishwas,1,1
virender singh ji,1,1
virendra,1,1
viren ratna,1,1
virindar,1,1
virindra,1,1
virudh devi,1,1
vishal,1,1
vishal aroda ji,1,1
vishal vishwas,1,1
vishal yadav,1,1
vishesh bansal,1,1
vishnu kumar,1,1
vishvaas,1,1
vishvasadvai archana,1,1
vishveshwar gandhi,1,1
vishwanath pem,1,1
vishwaraj,1,1
vishwas foundation,1,1
viswashtul barwala,1,1
vithoba,1,1
viththal,1,1
vivani,1,1
vivekananda's mother,1,1
vivekananda swami ram tirth,1,1
vivek ka,1,1
vivek sahu ji,1,1
vivek singal,1,1
vivikananda,1,1
vivikandanand,1,1
vivikaranad,1,1
vivikkananda,1,1
vopal,1,1
vopala,1,1
vyavyas,1,1
vyvekanand,1,1
wahiguru,1,1
will sheil,1,1
wins ton churchill,1,1
world-renowned poet,1,1
yajam,1,1
yajnavalka,1,1
yajvalkya,1,1
yamaachar,1,1
yamaachari,1,1
yamachari,1,1
yamachari baba,1,1
yamachari guru,1,1
yamadaut,1,1
yamadoot,1,1
yamaduta,1,1
yaman,1,1
yamdaat,1,1
yamuna nagar center,1,1
yash,1,1
yash agarwal,1,1
yashika ji,1,1
yashodra,1,1
yash pruthi,1,1
yash vi,1,1
yashwarman bharadwaj,1,1
yasodharm,1,1
yellow brigade,1,1
yeshodha bail ji,1,1
yeshu masih,1,1
yesu,1,1
yoga,1,1
yoga master,1,1
yogesh kumar matha,1,1
yogi,1,1
yogita arora,1,1
yonas,1,1
youngh man khuran singh,1,1
younus,1,1
younus ji,1,1
yukti gola,1,1
yuri gagarin,1,1
zaruri sarita chodhari,1,1
zoroaster,1,1
अकबर,1,1
अंकल,1,1
अकाल पुरुष,1,1
अंकित,1,1
अंकुष,1,1
अद्वित्य,1,1
अनमोल,1,1
अनुपम,1,1
अमीन,1,1
अरिस्टोटल,1,1
अवतार,1,1
आमिन,1,1
आयुशमान सौरव चंडा,1,1
आस्तवक,1,1
इंदुमति,1,1
इविक,1,1
एकनाथ,1,1
एन एगजाम्पुलर,1,1
कadir चिश्ती साब,1,1
कबीर (kabir),1,1
कात्यानी,1,1
कार्नेगी,1,1
कुमार,1,1
कृष्ण,1,1
केशु चंद्र सेंथ,1,1
कौशल,1,1
खुदा,1,1
गारगी,1,1
गीता,1,1
गुनाथ,1,1
गुरा,1,1
गुरु (guru),1,1
गुरु गो आनंद,1,1
गुरु गोरक्षनाथ,1,1
गुरुदत्त,1,1
गुरुदेव,1,1
गुरुद्वार,1,1
गुरुनांक,1,1
गुरुनानक,1,1
गुरु नानक दाओ,1,1
गुरु रहिदास,1,1
गुरु वसिष्ठ,1,1
गुरु विश्वस्त,1,1
गुलज़ार,1,1
गोपाल,1,1
गोबिंद (gobind),1,1
गौरव मैता,1,1
चंद्रमा,1,1
जहर पिलाने वाली माँ,1,1
जैन,1,1
ज्योति,1,1
तुकाराम,1,1
तुक्क राम,1,1
त्रह,1,1
त्रिलोचन सिंह,1,1
दीपक,1,1
देव,1,1
देवचि,1,1
द्रूपद,1,1
धन्न,1,1
धरना,1,1
नरेंद्र देव,1,1
नरेंद्र नरैन,1,1
नरेश,1,1
नानक (nanak),1,1
नाम,1,1
निजामी,1,1
नितिन भुटानी,1,1
निशु,1,1
निहाल,1,1
नीतू,1,1
नीतेश,1,1
न्यूटन,1,1
पंचखुला,1,1
परतीमा,1,1
परमपिता,1,1
परमात्मा,1,1
पलटू दस,1,1
पिता जी,1,1
पीपा,1,1
पूण सेंग,1,1
पूतना,1,1
प्रियती,1,1
प्रिवेट आवा सिंह,1,1
प्रोफेसर बबीता,1,1
प्लेटो,1,1
बर्ट्रेंड रसल,1,1
बर्नार्ड शॉ,1,1
बलराम,1,1
बाप,1,1
बाबा फरीद,1,1
बिठल,1,1
बीपा,1,1
बुल्लेशा,1,1
बेगम,1,1
भक्त,1,1
भगत सिंह,1,1
भगवतों,1,1
भगवान (bhagwan/god),1,1
भगवान कृशन,1,1
भगवान बिठल,1,1
भगवान बुद्ध,1,1
भगवान बेठल,1,1
भारत,1,1
भुवनेश्वरी,1,1
मधु,1,1
मनमोहन,1,1
मनु,1,1
महता बुद्ध,1,1
महरसि ददामी,1,1
महाराज,1,1
महारानी,1,1
महेश,1,1
मां,1,1
माई मैस्टर,1,1
मालिका,1,1
मिरेकर्स,1,1
मिश्व,1,1
मीर,1,1
मुरशी साहब,1,1
मुरशेद,1,1
मुर्शिद (murshid),1,1
मॉर्गन,1,1
यशुदा,1,1
रमेश,1,1
राक्षसी,1,1
राज गद्धी,1,1
राज विक्रमादित्य,1,1
राज सिंग,1,1
राजान जनक,1,1
राजे उल्फ,1,1
राजेंद्र परसन्न,1,1
राजेंद्र प्रसन्न,1,1
राजेश,1,1
राज्ा जनक,1,1
रादस,1,1
राधा,1,1
राबिया,1,1
राम कृशन,1,1
रामकृष्ण,1,1
राम प्रफुल,1,1
रामा,1,1
रामानंद,1,1
राहुल,1,1
राहूल,1,1
रिशि कपिल,1,1
रिशिकुमार वर्ग,1,1
रिशि प्रशोतम,1,1
रिशिवर्ग,1,1
रिशी कुमार (rishi kumar),1,1
रीशी कुमार,1,1
रीशी जर,1,1
रेडस,1,1
रैदास,1,1
रॉकफेलर,1,1
लक्ष्मन,1,1
लुड्रमल प्रधान,1,1
वरुन पावा,1,1
वाहिकरु,1,1
वाहे गुरु,1,1
विक्रमदित्य,1,1
विक्रमादित्य,1,1
विजय अगरवाल,1,1
वीक,1,1
वीराठ,1,1
शंकर,1,1
शह इनायत,1,1
शिवचंद्र,1,1
शुक्र देव,1,1
श्री गुरुजी,1,1
श्री गुरुदेव,1,1
श्रील देवी,1,1
श्वेत कितु नचि,1,1
संत,1,1
सत्युक्क,1,1
सरदार पुरन सिंह,1,1
सागर बठिंदा,1,1
साध्वी कपिला,1,1
साहिबा,1,1
सुन्तोष कौमर,1,1
सुभाष महत,1,1
सुष्म,1,1
सूर्य,1,1
सोम,1,1
सौंदर्य,1,1
स्कुल,1,1
स्वयाम,1,1
स्वामी राम,1,1
स्वामी राम तिरथ,1,1
स्वामी रामतीर्थ,1,1
स्वामी राम तीर्थ (swami ram tirth),1,1
स्वामी रामानंद तीर्थ,1,1
हनुमंतलाल,1,1
हरिनाकशिपु,1,1
हर्ष,1,1
हेमाह दिल्दार,1,1
